company_name,website,company_type,city,state,contact_first_name,contact_last_name,job_title,email,email_type,verification_status,verification_method,source_url,date_verified
Mortgage Masters Of Texas,https://mortgagemastersoftexas.com,Real Estate,,Texas,Maria,Cantu Gonzales,Senior Residential Mortgage Loan Officer NMLS# 1964020,owner@mortgagemastersoftexas.com,Named,Verified - Published Official Website,Official website,https://mortgagemastersoftexas.com,2026-09-11
Investone Rei,https://investasone.com,Real Estate,,Texas,,,16dbac528ab14f26a3708c35acfd1d5e,16dbac528ab14f26a3708c35acfd1d5e@investasone.com,Named,Verified - Published Official Website,Official website,https://investasone.com,2026-09-11
Cbd Realty Partners,https://cbdrealtypartners.com,Real Estate,,Texas,,,brad,brad@cbdrealtypartners.com,Named,Verified - Published Official Website,Official website,https://cbdrealtypartners.com,2026-09-11
Jome,https://jome.com,Real Estate,,Texas,Dan,Hnatkovskyy,President and Co-Founder,team@jome.com,Named,Verified - Published Official Website,Official website,https://jome.com/about,2026-09-11
Grant Construction And Remodeling,https://grantconstruct.com,Real Estate,,Texas,,,jim,jim@grantconstruct.com,Named,Verified - Published Official Website,Official website,https://grantconstruct.com,2026-09-11
Agile Capital Group,https://agilecapgroup.com,Real Estate,,Texas,,,info,info@agilecapgroup.com,Role-Based,Verified - Published Official Website,Official website,https://agilecapgroup.com/about-us-2/,2026-09-11
Von Behren Group,https://vonaustin.com,Real Estate,,Texas,,,info,info@vonaustin.com,Role-Based,Verified - Published Official Website,Official website,https://vonaustin.com/contact/,2026-09-11
Orange Commercial,https://orangecommercial.com,Real Estate,,Texas,,,info,info@orangecommercial.com,Role-Based,Verified - Published Official Website,Official website,https://www.orangecommercial.com/,2026-09-11
Second Home Hosting,https://secondhomehosting.com,Real Estate,,Texas,Lina,Shrestha,Founder,lina@secondhomehosting.com,Named,Verified - Published Official Website,Official website,https://www.secondhomehosting.com/,2026-09-11
Price Partners,https://pricepartners.com,Real Estate,,Texas,,,info,info@pricepartners.com,Role-Based,Verified - Published Official Website,Official website,https://pricepartners.com,2026-09-11
Legado Construction Group,https://legadocg.com,Real Estate,,Texas,,,info,info@legadocg.com,Role-Based,Verified - Published Official Website,Official website,https://www.legadocg.com/about,2026-09-11
Bam Remodeling,https://remodelwithbam.com,Real Estate,,Texas,,,info,info@remodelwithbam.com,Role-Based,Verified - Published Official Website,Official website,https://remodelwithbam.com,2026-09-11
Vertique Property Group,https://vpgre.com,Real Estate,,Texas,Carter,Bailey,Founder,carter@vpgre.com,Named,Verified - Published Official Website,Official website,https://www.vpgre.com/team,2026-09-11
Artisan American Corporation,https://artisanamerican.com,Real Estate,,Texas,,,info,info@artisanamerican.com,Role-Based,Verified - Published Official Website,Official website,https://artisanamerican.com,2026-09-11
Lone Star Development Houston,https://lonestardevelopment.com,Real Estate,,Texas,,,admin,admin@lonestardevelopment.com,Role-Based,Verified - Published Official Website,Official website,https://lonestardevelopment.com,2026-09-11
Tdi Real Estate Companies,https://tdire.com,Real Estate,,Texas,,,info,info@tdire.com,Role-Based,Verified - Published Official Website,Official website,https://www.tdire.com/,2026-09-11
Forefront Commercial Real Estate,https://forefront-re.com,Real Estate,,Texas,,,info,info@forefront-re.com,Role-Based,Verified - Published Official Website,Official website,https://forefront-re.com,2026-09-11
Kingdom Legacy Company,https://kingdomlegacycompany.com,Real Estate,,Texas,,,admin,admin@kingdomlegacycompany.com,Role-Based,Verified - Published Official Website,Official website,https://www.kingdomlegacycompany.com/adminteam,2026-09-11
Dosch Marshall Real Estate,https://dmre.com,Real Estate,,Texas,Tripp,Rich,Principal,tim@dmre.com,Named,Verified - Published Official Website,Official website,https://dmre.com/leadership/,2026-09-11
Peach Blossom Properties,https://peachblossomproperties.com,Real Estate,,Texas,Julie,Sandham,Business Owner,julie@peachblossomproperties.com,Named,Verified - Published Official Website,Official website,https://www.peachblossomproperties.com/,2026-09-11
La Tierra Realty,https://latierratx.com,Real Estate,,Texas,,,info,info@latierratx.com,Role-Based,Verified - Published Official Website,Official website,https://latierratx.com,2026-09-11
Ram Capital Texas,https://ramcapitaltx.com,Real Estate,,Texas,Ryan,Miller,Founder & Managing Director,ryan@ramcapitaltx.com,Named,Verified - Published Official Website,Official website,https://www.ramcapitaltx.com/,2026-09-11
Creco,https://crecotx.com,Real Estate,,Texas,,,info,info@crecotx.com,Role-Based,Verified - Published Official Website,Official website,https://www.crecotx.com/,2026-09-11
Holmes Builders,https://holmesbuilders.com,Real Estate,,Texas,,,info,info@holmesbuilders.com,Role-Based,Verified - Published Official Website,Official website,https://www.holmesbuilders.com/contact,2026-09-11
"Angel Valuation Services, L.p.",https://angelappraisals.com,Real Estate,,Texas,Kevin,Angel Mai,Managing Partner,kangel@angelappraisals.com,Named,Verified - Published Official Website,Official website,https://www.angelappraisals.com/,2026-09-11
White House Global Properties,https://whitehouseglobalproperties.com,Real Estate,,Texas,,,info,info@whitehouseglobalproperties.com,Role-Based,Verified - Published Official Website,Official website,https://whitehouseglobalproperties.com,2026-09-11
Gary Group Realty,https://garygrouprealty.com,Real Estate,,Texas,,,cgary,cgary@garygrouprealty.com,Named,Verified - Published Official Website,Official website,https://garygrouprealty.com,2026-09-11
Formation Real Estate,https://formationtx.com,Real Estate,,Texas,,,info,info@formationtx.com,Role-Based,Verified - Published Official Website,Official website,https://formationtx.com/contact/,2026-09-11
Fuller Realty Partners,https://fullertx.com,Real Estate,,Texas,Aaron,Ander,Senior Vice President,kcoleman@fullertx.com,Named,Verified - Published Official Website,Official website,https://fullertx.com/about/,2026-09-11
Tov Lending,https://tovlending.com,Real Estate,,Texas,Jordan,Sutton,President,alanna@tovlending.com,Named,Verified - Published Official Website,Official website,https://www.tovlending.com/contact,2026-09-11
Victory Ventures,https://victoryventureshc.com,Real Estate,,Texas,,,info,info@victoryventureshc.com,Role-Based,Verified - Published Official Website,Official website,https://victoryventureshc.com,2026-09-11
Eden Development Group,https://edendevgroup.com,Real Estate,,Texas,,,office,office@edendevgroup.com,Role-Based,Verified - Published Official Website,Official website,https://www.edendevgroup.com/contact,2026-09-11
Dallas Housing Finance Corporation,https://dallashfc.com,Real Estate,,Texas,David,Castillejos,Director of Asset Management,75206aaron@dallashfc.com,Named,Verified - Published Official Website,Official website,https://dallashfc.com/contact/,2026-09-11
Two Ten Management,https://twotenmgmt.com,Real Estate,,Texas,,,info,info@twotenmgmt.com,Role-Based,Verified - Published Official Website,Official website,https://twotenmgmt.com,2026-09-11
Danredev,https://danredevllc.com,Real Estate,,Texas,,,info,info@danredevllc.com,Role-Based,Verified - Published Official Website,Official website,https://danredevllc.com,2026-09-11
New Home Neighbor,https://newhomeneighbor.com,Real Estate,,Texas,Rachael,Baine,CEO and Founder,rachael@newhomeneighbor.com,Named,Verified - Published Official Website,Official website,https://www.newhomeneighbor.com/,2026-09-11
Sugar Land Capital,https://sugarlandcapital.com,Real Estate,,Texas,Saad,Khalid,Partner,invest@sugarlandcapital.com,Named,Verified - Published Official Website,Official website,https://sugarlandcapital.com,2026-09-11
Panot Capital,https://panotcapital.com,Real Estate,,Texas,Aaron,Iskowitz,Co-Founder & Principal,media@panotcapital.com,Named,Verified - Published Official Website,Official website,https://panotcapital.com,2026-09-11
Tx Sparks Constructions,https://txsparks.com,Real Estate,,Texas,,,info,info@txsparks.com,Role-Based,Verified - Published Official Website,Official website,https://txsparks.com,2026-09-11
Alison Commercial Group Kw Commercial,https://alisoncre.com,Real Estate,,Texas,,,info,info@alisoncre.com,Role-Based,Verified - Published Official Website,Official website,https://www.alisoncre.com/,2026-09-11
Goldenlight Realty,https://goldenlightrealty.com,Real Estate,,Texas,,,jacob,jacob@goldenlightrealty.com,Named,Verified - Published Official Website,Official website,https://goldenlightrealty.com,2026-09-11
Bella Vista Homes / Princeton Classic Homes,https://livelegendhomes.com,Real Estate,,Texas,,,info,info@livelegendhomes.com,Role-Based,Verified - Published Official Website,Official website,https://www.livelegendhomes.com/,2026-09-11
The Friend Team,https://thefriendteam.com,Real Estate,,Texas,,,janette,janette@thefriendteam.com,Named,Verified - Published Official Website,Official website,https://thefriendteam.com,2026-09-11
The Mcdonald Real Estate Group,https://mcdonaldregroup.com,Real Estate,,Texas,,,%20home,%20home@mcdonaldregroup.com,Named,Verified - Published Official Website,Official website,https://www.mcdonaldregroup.com/,2026-09-11
Be Unica Design And Build,https://beunicainteriordesign.com,Real Estate,,Texas,Julia,Harrison,Founder,home@beunicainteriordesign.com,Named,Verified - Published Official Website,Official website,https://beunicainteriordesign.com,2026-09-11
Lnh Capital,https://lnhcapital.com,Real Estate,,Texas,,,info,info@lnhcapital.com,Role-Based,Verified - Published Official Website,Official website,https://lnhcapital.com/contact/,2026-09-11
Gatehouse Capital,https://gatehousecapital.com,Real Estate,,Texas,Penn,Collins,Managing Member,ghc@gatehousecapital.com,Named,Verified - Published Official Website,Official website,https://gatehousecapital.com,2026-09-11
Silvestri Investments,https://silvestriusa.com,Real Estate,,Texas,Dan,Jones,Director of Property Management,djones@silvestriusa.com,Named,Verified - Published Official Website,Official website,https://silvestriusa.com/team/,2026-09-11
Us-ecologic,https://us-ecologic.com,Real Estate,,Texas,,,info,info@us-ecologic.com,Role-Based,Verified - Published Official Website,Official website,https://us-ecologic.com,2026-09-11
Jax Enterprises,https://jaxenterprises.com,Real Estate,,Texas,,,info,info@jaxenterprises.com,Role-Based,Verified - Published Official Website,Official website,https://jaxenterprises.com,2026-09-11
Audacious Properties,https://audacious.properties,Real Estate,,Texas,,,contact,contact@audacious.properties,Role-Based,Verified - Published Official Website,Official website,https://audaciousdesigns.design/audacious-properties/,2026-09-11
Blanton Properties,https://blantonproperties.net,Real Estate,,Texas,,,info,info@blantonproperties.net,Role-Based,Verified - Published Official Website,Official website,https://blantonproperties.net,2026-09-11
Olivemill Holdings,https://olivemillholdings.com,Real Estate,,Texas,,,info,info@olivemillholdings.com,Role-Based,Verified - Published Official Website,Official website,https://www.olivemillholdings.com/contact-us,2026-09-11
Print3d Technologies,https://print3dtechnologies.com,Real Estate,,Texas,Lance,Thrailkill,Co-Founder,bizdev@print3dtechnologies.com,Named,Verified - Published Official Website,Official website,https://www.print3dtechnologies.com/,2026-09-11
Hunter Rentals & Sales,https://hunterrentals.com,Real Estate,,Texas,,,rent,rent@hunterrentals.com,Named,Verified - Published Official Website,Official website,https://www.hunterrentals.com/,2026-09-11
Land Scout Pro,https://landscoutpro.com,Real Estate,,Texas,Dez,Carson,Chief Executive Officer,vip@landscoutpro.com,Named,Verified - Published Official Website,Official website,https://www.landscoutpro.com/about-us/,2026-09-11
Pinnacle Development,https://pinnacledevelopmentllc.com,Real Estate,,Texas,Bobby,Dan Roberts,CEO,karen@pinnacledevelopmentllc.com,Named,Verified - Published Official Website,Official website,https://pinnacledevelopmentllc.com/contact,2026-09-11
Skyrise Properties,https://skyriseproperties.com,Real Estate,,Texas,,,info,info@skyriseproperties.com,Role-Based,Verified - Published Official Website,Official website,https://skyriseproperties.com,2026-09-11
Rise Up Equity,https://riseupequity.com,Real Estate,,Texas,Greg,Calligure,Founder / Manager,greg@riseupequity.com,Named,Verified - Published Official Website,Official website,https://riseupequity.com/contact/,2026-09-11
C&c Asset Advisors.,https://ccassetadvisors.com,Real Estate,,Texas,Dalton,Carabajal,Principal,dalton@ccassetadvisors.com,Named,Verified - Published Official Website,Official website,https://www.ccassetadvisors.com/,2026-09-11
North Star Brokerage & Advisory,https://nstarba.com,Real Estate,,Texas,Landan,Dory,Founder,hello@nstarba.com,Named,Verified - Published Official Website,Official website,https://nstarba.com,2026-09-11
Landright,https://landright.com,Real Estate,,Texas,,,info,info@landright.com,Role-Based,Verified - Published Official Website,Official website,https://landright.com,2026-09-11
Family Land,https://familylandco.com,Real Estate,,Texas,,,admin,admin@familylandco.com,Role-Based,Verified - Published Official Website,Official website,https://www.familylandco.com/team,2026-09-11
Oikia 21,https://oikia21.com,Real Estate,,Texas,,,info,info@oikia21.com,Role-Based,Verified - Published Official Website,Official website,https://oikia21.com/contact,2026-09-11
Eureka Remodeling And Construction,https://eureka-remodeling.com,Real Estate,,Texas,,,info,info@eureka-remodeling.com,Role-Based,Verified - Published Official Website,Official website,https://eureka-remodeling.com,2026-09-11
Moosa Realty Group,https://moosarealtygroup.com,Real Estate,,Texas,Afshan,Moosa,Owner | Team Leader,faizal@moosarealtygroup.com,Named,Verified - Published Official Website,Official website,https://moosarealtygroup.com/team,2026-09-11
Man-edge Properties,https://innerloophouston.com,Real Estate,,Texas,,,info,info@innerloophouston.com,Role-Based,Verified - Published Official Website,Official website,https://innerloophouston.com,2026-09-11
Riverstone Commercial Real Estate,https://riverstonecos.com,Real Estate,,Texas,,,info,info@riverstonecos.com,Role-Based,Verified - Published Official Website,Official website,https://www.riverstonecos.com/,2026-09-11
Prima Title Group,https://ptgllc.com,Real Estate,,Texas,,,info,info@ptgllc.com,Role-Based,Verified - Published Official Website,Official website,https://ptgllc.com,2026-09-11
Nai American Realty,https://amreal.com,Real Estate,,Texas,,,info,info@amreal.com,Role-Based,Verified - Published Official Website,Official website,https://www.amreal.com/about-us/,2026-09-11
Aft Commercial,https://aftcommercial.com,Real Estate,,Texas,,,offices,offices@aftcommercial.com,Named,Verified - Published Official Website,Official website,https://www.aftcommercial.com/contact,2026-09-11
Texas Transaction,https://texastransaction.com,Real Estate,,Texas,Tawny,Mainse,Company Owner,tawny@texastransaction.com,Named,Verified - Published Official Website,Official website,https://texastransaction.com,2026-09-11
T2v Properties,https://t2vproperties.com,Real Estate,,Texas,Sam,Kilaru,Co-Owner,vinay@t2vproperties.com,Named,Verified - Published Official Website,Official website,http://t2vproperties.com,2026-09-11
Inwood Real Estate Partners,https://inwoodpartners.com,Real Estate,,Texas,,,info,info@inwoodpartners.com,Role-Based,Verified - Published Official Website,Official website,https://inwoodpartners.com,2026-09-11
Goldenwrist Capital,https://goldenwristcapital.com,Real Estate,,Texas,,,info,info@goldenwristcapital.com,Role-Based,Verified - Published Official Website,Official website,https://goldenwristcapital.com,2026-09-11
Titan Commercial,https://titantexas.com,Real Estate,,Texas,,,info,info@titantexas.com,Role-Based,Verified - Published Official Website,Official website,https://www.titantexas.com/,2026-09-11
Pax Equity,https://paxequity.com,Real Estate,,Texas,Michael,Potthoff,Managing Principal,paul@paxequity.com,Named,Verified - Published Official Website,Official website,https://www.paxequity.com/about-us,2026-09-11
Noble Task Management,https://teeplepartners.com,Real Estate,,Texas,,,info,info@teeplepartners.com,Role-Based,Verified - Published Official Website,Official website,https://teeplepartners.com/about/,2026-09-11
Ezo Capital Group,https://ezo-capital.com,Real Estate,,Texas,Yoshi,Asano,Founder & Chief,ask@ezo-capital.com,Named,Verified - Published Official Website,Official website,https://www.ezo-capital.com/ja/contact,2026-09-11
Rockfish Capital,https://rockfish.capital,Real Estate,,Texas,,,info,info@rockfish.capital,Role-Based,Verified - Published Official Website,Official website,https://rockfish.capital,2026-09-11
The Property Tax Group,https://propertytaxgroup.com,Real Estate,,Texas,,,info,info@propertytaxgroup.com,Role-Based,Verified - Published Official Website,Official website,https://propertytaxgroup.com,2026-09-11
Property Relief,https://propertyrelief.co,Real Estate,,Texas,,,info,info@propertyrelief.co,Role-Based,Verified - Published Official Website,Official website,https://propertyrelief.co/contact-us/,2026-09-11
Sanford Realty Team,https://sanfordrealty.com,Real Estate,,Texas,,,brendan,brendan@sanfordrealty.com,Named,Verified - Published Official Website,Official website,https://sanfordrealty.com/contact/,2026-09-11
Realia Property Buyers,https://realiapropertybuyers.com,Real Estate,,Texas,,,info,info@realiapropertybuyers.com,Role-Based,Verified - Published Official Website,Official website,https://www.realiapropertybuyers.com/contact-us/,2026-09-11
Sltx Capital,https://sltxcapital.com,Real Estate,,Texas,,,info,info@sltxcapital.com,Role-Based,Verified - Published Official Website,Official website,https://sltxcapital.com,2026-09-11
Bryant Stacy Group,https://bryantstacygroup.com,Real Estate,,Texas,,,info,info@bryantstacygroup.com,Role-Based,Verified - Published Official Website,Official website,https://www.bryantstacygroup.com/,2026-09-11
New Homes Powered By Legacy,https://newhomeslegacy.com,Real Estate,,Texas,,,info,info@newhomeslegacy.com,Role-Based,Verified - Published Official Website,Official website,https://newhomeslegacy.com,2026-09-11
Safe Capital Investments.llc,https://safecapital.us,Real Estate,,Texas,,,info,info@safecapital.us,Role-Based,Verified - Published Official Website,Official website,https://safecapital.us,2026-09-11
Simplex Lending,https://simplexlending.com,Real Estate,,Texas,,,info,info@simplexlending.com,Role-Based,Verified - Published Official Website,Official website,https://www.simplexlending.com/,2026-09-11
Story Built Homes,https://storybuilthomes.com,Real Estate,,Texas,,,info,info@storybuilthomes.com,Role-Based,Verified - Published Official Website,Official website,https://www.storybuilthomes.com/,2026-09-11
Swift Creek Real Estate Partners,https://swiftcreekpartners.com,Real Estate,,Texas,,,info,info@swiftcreekpartners.com,Role-Based,Verified - Published Official Website,Official website,https://swiftcreekpartners.com,2026-09-11
Re/max Elite Corpus Christi,https://thebrokerageinc.com,Real Estate,,Texas,Cheryl,Hopkin,Chief Executive Officer,gillan@thebrokerageinc.com,Named,Verified - Published Official Website,Official website,https://thebrokerageinc.com,2026-09-11
Cap8 Investements,https://cap8investments.com,Real Estate,,Texas,,,info,info@cap8investments.com,Role-Based,Verified - Published Official Website,Official website,https://cap8investments.com,2026-09-11
Blueacre Development,https://blueacredevelopment.com,Real Estate,,Texas,,,info,info@blueacredevelopment.com,Role-Based,Verified - Published Official Website,Official website,https://www.blueacredevelopment.com/,2026-09-11
Pipsy,https://pipsy.io,Real Estate,,Texas,,,info,info@pipsy.io,Role-Based,Verified - Published Official Website,Official website,https://www.pipsy.io/,2026-09-11
Peak Development Partners,https://peak-dp.com,Real Estate,,Texas,,,info,info@peak-dp.com,Role-Based,Verified - Published Official Website,Official website,https://www.peak-dp.com/,2026-09-11
Eagle Point Lending,https://eaglepointlending.com,Real Estate,,Texas,,,team,team@eaglepointlending.com,Named,Verified - Published Official Website,Official website,https://eaglepointlending.com,2026-09-11
Zonedev,https://zonedevtx.com,Real Estate,,Texas,Maxwell,Fisher Aicp,Founder and President,maxwell@zonedevtx.com,Named,Verified - Published Official Website,Official website,https://www.zonedevtx.com/about-9,2026-09-11
Forge Commercial,https://forgecommercial.com,Real Estate,,Texas,,,info,info@forgecommercial.com,Role-Based,Verified - Published Official Website,Official website,https://forgecommercial.com/contact/,2026-09-11
Westshire Realty,https://westshiregroup.com,Real Estate,,Texas,,,nadia,nadia@westshiregroup.com,Named,Verified - Published Official Website,Official website,https://westshiregroup.com,2026-09-11
Rastegar Capital,https://rastegarcapital.com,Real Estate,,Texas,Ari,Rastegar,Founder and CEO,connect@rastegarcapital.com,Named,Verified - Published Official Website,Official website,https://rastegarcapital.com,2026-09-11
Max Alley Investments,https://maxalleyllc.com,Real Estate,,Texas,Curt,Green,Managing Member,j2@maxalleyllc.com,Named,Verified - Published Official Website,Official website,https://maxalleyllc.com/contact,2026-09-11
Nxstep,https://nxstep.com,Real Estate,,Texas,Chris,Earthman,Chief Operating Officer,ir@nxstep.com,Named,Verified - Published Official Website,Official website,https://nxstep.com,2026-09-11
Kalterra Capital Partners,https://kalterra.com,Real Estate,,Texas,,,info,info@kalterra.com,Role-Based,Verified - Published Official Website,Official website,https://kalterra.com,2026-09-11
Fergmar Enterprises,https://fergmar.com,Real Estate,,Texas,,,info,info@fergmar.com,Role-Based,Verified - Published Official Website,Official website,https://fergmar.com,2026-09-11
Frontier Real Estate Partners,https://frontierrealestate.com,Real Estate,,Texas,,,info,info@frontierrealestate.com,Role-Based,Verified - Published Official Website,Official website,https://frontierrealestate.com,2026-09-11
Rca Global Partners,https://rca-global.com,Real Estate,,Texas,,,contact,contact@rca-global.com,Role-Based,Verified - Published Official Website,Official website,https://www.rca-global.com/,2026-09-11
Merit Commercial Real Estate,https://meritcre.com,Real Estate,,Texas,Amanda,Ramirez,Director of Property Management,sara@meritcre.com,Named,Verified - Published Official Website,Official website,https://www.meritcre.com/,2026-09-11
Faith Filled Investments,https://faithfilledinvestments.com,Real Estate,,Texas,David,Bolden,Business Owner,david@faithfilledinvestments.com,Named,Verified - Published Official Website,Official website,https://faithfilledinvestments.com,2026-09-11
Lubbock Land Company,https://lubbocklandcompany.com,Real Estate,,Texas,Andy,Bean,President,land@lubbocklandcompany.com,Named,Verified - Published Official Website,Official website,https://lubbocklandcompany.com,2026-09-11
Dom Partners,https://dompartners.net,Real Estate,,Texas,,,info,info@dompartners.net,Role-Based,Verified - Published Official Website,Official website,https://dompartners.net,2026-09-11
Tantum,https://tantumdev.com,Real Estate,,Texas,,,office,office@tantumdev.com,Role-Based,Verified - Published Official Website,Official website,https://tantumrealestate.com/,2026-09-11
Mosaic Realty Group,https://homewithmosaic.com,Real Estate,,Texas,Sarah,Roberts,Principal Owner,team@homewithmosaic.com,Named,Verified - Published Official Website,Official website,https://www.homewithmosaic.com/contact-us,2026-09-11
Itex,https://itexgrp.com,Real Estate,,Texas,,,info,info@itexgrp.com,Role-Based,Verified - Published Official Website,Official website,https://itexgrp.com,2026-09-11
The Agency Collective,https://theagencycollective.com,Real Estate,,Texas,Lindsay,Haroon,Broker/Owner,lindsay@theagencycollective.com,Named,Verified - Published Official Website,Official website,https://theagencycollective.com,2026-09-11
Jprs Partners,https://jprspartners.com,Real Estate,,Texas,,,info,info@jprspartners.com,Role-Based,Verified - Published Official Website,Official website,https://jprspartners.com,2026-09-11
Himalayan Heights Real Estate Investment Group,https://thehimalayanheights.com,Real Estate,,Texas,,,info,info@thehimalayanheights.com,Role-Based,Verified - Published Official Website,Official website,https://www.thehimalayanheights.com/contact,2026-09-11
Emmaus Projects,https://emmausprojects.com,Real Estate,,Texas,Christopher,Kennedy,Partner,ckennedy@emmausprojects.com,Named,Verified - Published Official Website,Official website,https://www.emmausprojects.com/contact,2026-09-11
Traded Texas,https://traded.co,Real Estate,,Texas,,,hello,hello@traded.co,Named,Verified - Published Official Website,Official website,https://traded.co,2026-09-11
Mccord Development,https://mccord.com,Real Estate,,Texas,,,info,info@mccord.com,Role-Based,Verified - Published Official Website,Official website,https://www.mccord.com/,2026-09-11
Pmi Austin Experts,https://propertymanagementinc.com,Real Estate,,Texas,,,info,info@propertymanagementinc.com,Role-Based,Verified - Published Official Website,Official website,https://www.propertymanagementinc.com,2026-09-11
Obsido Commercial,https://obsidocommercial.com,Real Estate,,Texas,,,contact,contact@obsidocommercial.com,Role-Based,Verified - Published Official Website,Official website,https://obsidocommercial.com,2026-09-11
Alvarado's Building & Remodeling,https://abrforyou.com,Real Estate,,Texas,,,frankangel,frankangel@abrforyou.com,Named,Verified - Published Official Website,Official website,https://www.abrforyou.com/,2026-09-11
Leverage Realty Consulting Group,https://hireleveragegroup.com,Real Estate,,Texas,,,info,info@hireleveragegroup.com,Role-Based,Verified - Published Official Website,Official website,https://www.hireleveragegroup.com/,2026-09-11
Crimson Realty,https://crimsonrealtytx.com,Real Estate,,Texas,,,info,info@crimsonrealtytx.com,Role-Based,Verified - Published Official Website,Official website,https://www.crimsonrealtytx.com/,2026-09-11
Versatile Real Estate Company,https://vrecd.com,Real Estate,,Texas,,,info,info@vrecd.com,Role-Based,Verified - Published Official Website,Official website,https://www.vrecd.com/,2026-09-11
Denise Hamilton Realtors,https://denisehamiltonrealtors.com,Real Estate,,Texas,,,info,info@denisehamiltonrealtors.com,Role-Based,Verified - Published Official Website,Official website,https://www.denisehamiltonrealtors.com/,2026-09-11
Consulting Services Usa,https://consultingservicesusa.com,Real Estate,,Texas,,,info,info@consultingservicesusa.com,Role-Based,Verified - Published Official Website,Official website,https://www.consultingservicesusa.com/leadership,2026-09-11
Harvard Homes,https://harvardhomeshou.com,Real Estate,,Texas,,,info,info@harvardhomeshou.com,Role-Based,Verified - Published Official Website,Official website,https://harvardhomeshou.com,2026-09-11
Phelps And Frias Commercial Realty,https://phelpsandfrias.com,Real Estate,,Texas,Alexander,Frias Mba,Partner at Phelps and Frias Commercial Realty,alex@phelpsandfrias.com,Named,Verified - Published Official Website,Official website,https://www.phelpsandfrias.com/,2026-09-11
Rom Commercial Properties,https://romcp.com,Real Estate,,Texas,,,info,info@romcp.com,Role-Based,Verified - Published Official Website,Official website,https://www.romcp.com/,2026-09-11
Diamond Realty Partners,https://diamondrps.com,Real Estate,,Texas,Elijah,Palm,Co-Founder,booking@diamondrps.com,Named,Verified - Published Official Website,Official website,https://diamondrps.com,2026-09-11
Scarborough Lane Development,https://scarboroughlanedevelopment.com,Real Estate,,Texas,,,info,info@scarboroughlanedevelopment.com,Role-Based,Verified - Published Official Website,Official website,https://scarboroughlanedevelopment.com,2026-09-11
Mason Commercial Real Estate,https://masoncre.com,Real Estate,,Texas,Johnny,Begzos,President,jb@masoncre.com,Named,Verified - Published Official Website,Official website,https://masoncre.com,2026-09-11
Patria Realty Group,https://patriarealtygroup.com,Real Estate,,Texas,,,info,info@patriarealtygroup.com,Role-Based,Verified - Published Official Website,Official website,https://www.patriarealtygroup.com/,2026-09-11
Matthews,https://matthewsdev.com,Real Estate,,Texas,,,info,info@matthewsdev.com,Role-Based,Verified - Published Official Website,Official website,https://www.matthewsdev.com/contact,2026-09-11
Sterling Relocation,https://sterling-relo.com,Real Estate,,Texas,,,info,info@sterling-relo.com,Role-Based,Verified - Published Official Website,Official website,https://www.sterling-relo.com/,2026-09-11
Raines Realty,https://rainesrealty.com,Real Estate,,Texas,,,contact,contact@rainesrealty.com,Role-Based,Verified - Published Official Website,Official website,https://rainesrealty.com,2026-09-11
Texas Republic Management,https://texasrepublicmanagement.com,Real Estate,,Texas,Renee,Joanne Elgersma,Vice President,investors@texasrepublicmanagement.com,Named,Verified - Published Official Website,Official website,https://www.texasrepublicmanagement.com/contact,2026-09-11
Runsteady Investments,https://runsteadyinvestments.com,Real Estate,,Texas,,,info,info@runsteadyinvestments.com,Role-Based,Verified - Published Official Website,Official website,https://runsteadyinvestments.com/,2026-09-11
Tex-ac & Heating,https://texacdfw.com,Real Estate,,Texas,Timothy,Okeeffe,Owner/Operator,production@texacdfw.com,Named,Verified - Published Official Website,Official website,https://www.texacdfw.com/,2026-09-11
Testament Real Estate,https://testamentre.com,Real Estate,,Texas,,,nathanbarkocy,nathanbarkocy@testamentre.com,Named,Verified - Published Official Website,Official website,https://testamentre.com,2026-09-11
The Agency Dallas,https://txrootsglobalre.com,Real Estate,,Texas,Megan,Williamson,Owner,dallas@txrootsglobalre.com,Named,Verified - Published Official Website,Official website,https://txrootsglobalre.com,2026-09-11
Kindred Realty Group,https://tracytutor.com,Real Estate,,Texas,,,info,info@tracytutor.com,Role-Based,Verified - Published Official Website,Official website,https://tracytutor.com,2026-09-11
Lucas Advisory,https://lucas-advisory.com,Real Estate,,Texas,Marilyn,Lucas,Principal,marilyn@lucas-advisory.com,Named,Verified - Published Official Website,Official website,https://www.lucas-advisory.com/,2026-09-11
Cromwell Commercial Group,https://cromwellcommercialgroup.com,Real Estate,,Texas,,,contact,contact@cromwellcommercialgroup.com,Role-Based,Verified - Published Official Website,Official website,https://www.cromwellcommercialgroup.com/contact,2026-09-11
Trinity Partners Commercial Real Estate,https://trinitypartnerstexas.com,Real Estate,,Texas,Kevin,Mcintosh,Co-Founder and Partner,kevin@trinitypartnerstexas.com,Named,Verified - Published Official Website,Official website,https://www.trinitypartnerstexas.com,2026-09-11
Rolls-royce Luxury Living Team,https://rollsroyceluxuryliving.com,Real Estate,,Texas,,,info,info@rollsroyceluxuryliving.com,Role-Based,Verified - Published Official Website,Official website,https://www.rollsroyceluxuryliving.com/,2026-09-11
Gildenson Real Estate,https://gildensonre.com,Real Estate,,Texas,,,eduardo,eduardo@gildensonre.com,Named,Verified - Published Official Website,Official website,https://www.gildenson.com/,2026-09-11
Tl Remodeling,https://tlremodeling.us,Real Estate,,Texas,,,info,info@tlremodeling.us,Role-Based,Verified - Published Official Website,Official website,https://tlremodeling.us,2026-09-11
Encourage Realty,https://encouragerealty.com,Real Estate,,Texas,Katia,Hadjiyska,Principal Broker/Owner,katia@encouragerealty.com,Named,Verified - Published Official Website,Official website,https://encouragerealty.com,2026-09-11
North Texas Commercial Association Of Realtors,https://ntcar.org,Real Estate,,Texas,,,info,info@ntcar.org,Role-Based,Verified - Published Official Website,Official website,https://www.ntcar.org,2026-09-11
Puffin Ent.,https://puffin-ent.com,Real Estate,,Texas,Yael,Steber,Investor Relations Manager,investor-relations@puffin-ent.com,Named,Verified - Published Official Website,Official website,https://www.puffin-ent.com/contact,2026-09-11
Martini &real Estate Advisors,https://martiniandco.com,Real Estate,,Texas,Ashton,Martini,Broker Owner,ashton@martiniandco.com,Named,Verified - Published Official Website,Official website,https://martiniandco.com/team/ashton-martini,2026-09-11
Two Trout,https://twotrout.dev,Real Estate,,Texas,Carl,Alan Kernodle Ishc Aia Ncarb Leed ap,Founder / CEO,ckernodle@twotrout.dev,Named,Verified - Published Official Website,Official website,https://twotrout.dev/contact,2026-09-11
Vantage,https://texasvantage.com,Real Estate,,Texas,,,info,info@texasvantage.com,Role-Based,Verified - Published Official Website,Official website,https://www.texasvantage.com/contact,2026-09-11
Yorktown Capital,https://yorktowncapital.com,Real Estate,,Texas,Zach,Ghormley,Founder & CEO,zghormley@yorktowncapital.com,Named,Verified - Published Official Website,Official website,https://yorktowncapital.com/about/,2026-09-11
Clark Campbell Homes,https://clarkcampbellhomes.com,Real Estate,,Texas,David,Morrison,Founder and President,david@clarkcampbellhomes.com,Named,Verified - Published Official Website,Official website,https://clarkcampbellhomes.com/contact/,2026-09-11
Mimco,https://mimcoproperties.com,Real Estate,,Texas,,,info,info@mimcoproperties.com,Role-Based,Verified - Published Official Website,Official website,https://mimcoproperties.com/contact,2026-09-11
Mhw,https://mhwre.com,Real Estate,,Texas,,,info,info@mhwre.com,Role-Based,Verified - Published Official Website,Official website,https://mhwre.com/contact-us/,2026-09-11
O'brien Right Of Way Valuation,https://obrien-row.com,Real Estate,,Texas,,,info,info@obrien-row.com,Role-Based,Verified - Published Official Website,Official website,https://obrien-row.com,2026-09-11
Biddy Realty,https://biddyrealty.com,Real Estate,,Texas,,,info,info@biddyrealty.com,Role-Based,Verified - Published Official Website,Official website,https://biddyrealty.com,2026-09-11
Cap Multifamily,https://cap-mf.com,Real Estate,,Texas,,,info,info@cap-mf.com,Role-Based,Verified - Published Official Website,Official website,https://cap-mf.com,2026-09-11
Mounttown,https://mounttownllc.com,Real Estate,,Texas,,,info,info@mounttownllc.com,Role-Based,Verified - Published Official Website,Official website,https://mounttownllc.com,2026-09-11
Prestige Star Management,https://prestigestarmgmt.com,Real Estate,,Texas,,,info,info@prestigestarmgmt.com,Role-Based,Verified - Published Official Website,Official website,https://prestigestarmgmt.com,2026-09-11
Topos Collective,https://toposcollective.com,Real Estate,,Texas,,,info,info@toposcollective.com,Role-Based,Verified - Published Official Website,Official website,https://www.toposcollective.com/,2026-09-11
Hk Real Estate Development,https://reda.hk,Real Estate,,Texas,,,info,info@reda.hk,Role-Based,Verified - Published Official Website,Official website,https://www.reda.hk/contact-us/,2026-09-11
America Development & Investments.,https://americadevelopment.com,Real Estate,,Texas,,,info,info@americadevelopment.com,Role-Based,Verified - Published Official Website,Official website,https://www.americadevelopment.com/contact,2026-09-11
Xcel Commercial Realty,https://xcelcommercial.com,Real Estate,,Texas,Tracy,Li Ccim,President/Broker,tracy.li@xcelcommercial.com,Named,Verified - Published Official Website,Official website,https://xcelcommercial.com,2026-09-11
Rfp Homes,https://rfphomes.com,Real Estate,,Texas,,,info,info@rfphomes.com,Role-Based,Verified - Published Official Website,Official website,https://www.rfphomes.com/,2026-09-11
"Homeland Properties,",https://homelandprop.com,Real Estate,,Texas,Andy,Flack Alc,Principal Broker,agents@homelandprop.com,Named,Verified - Published Official Website,Official website,https://homelandprop.com/contact/,2026-09-11
Finger Companies Marketing,https://fingercompanies.com,Real Estate,,Texas,,,info,info@fingercompanies.com,Role-Based,Verified - Published Official Website,Official website,https://www.fingercompanies.com/contact.html,2026-09-11
Catholic Housing Initiative,https://chidallas.org,Real Estate,,Texas,Shannon,Ortleb,Chief Operating Officer,jwd@chidallas.org,Named,Verified - Published Official Website,Official website,https://chidallas.org/about-us/,2026-09-11
Reidoc Capital,https://reidoccapital.com,Real Estate,,Texas,,,raj,raj@reidoccapital.com,Named,Verified - Published Official Website,Official website,https://reidoccapital.com/about-us/,2026-09-11
Sclm Commercial Real Estate & Development Group,https://sclmcre.com,Real Estate,,Texas,,,jthompson,jthompson@sclmcre.com,Named,Verified - Published Official Website,Official website,https://sclmcre.com/team-members/,2026-09-11
Union Hall Workspace,https://unionhalltx.com,Real Estate,,Texas,,,info,info@unionhalltx.com,Role-Based,Verified - Published Official Website,Official website,https://www.unionhalltx.com/,2026-09-11
Wolf Investment Co,https://wolfinvestment.com,Real Estate,,Texas,,,george,george@wolfinvestment.com,Named,Verified - Published Official Website,Official website,https://wolfinvestment.com,2026-09-11
Ironsidesgroup.ai,https://ironsidesgroup.ai,Real Estate,,Texas,,,info,info@ironsidesgroup.ai,Role-Based,Verified - Published Official Website,Official website,https://ironsidesgroup.ai,2026-09-11
Montfort Capital Partners,https://montfortcp.com,Real Estate,,Texas,Shrenik,Shah,Co-Founder; Vice President,jon.rafpor@montfortcp.com,Named,Verified - Published Official Website,Official website,https://montfortcp.com,2026-09-11
Reballers,https://reballers.com,Real Estate,,Texas,,,info,info@reballers.com,Role-Based,Verified - Published Official Website,Official website,https://reballers.com/contact,2026-09-11
Cre Launch Program,https://foresitecre.com,Real Estate,,Texas,Bethany,Babcock,Founder & Principal,hello@foresitecre.com,Named,Verified - Published Official Website,Official website,https://foresitecre.com,2026-09-11
J Street Companies,https://jstreetps.com,Real Estate,,Texas,,,info,info@jstreetps.com,Role-Based,Verified - Published Official Website,Official website,https://jstreetps.com,2026-09-11
369 Development Group,https://369dev.com,Real Estate,,Texas,,,info,info@369dev.com,Role-Based,Verified - Published Official Website,Official website,https://www.369dev.com/,2026-09-11
Rep Commercial Real Estate,https://repcre.com,Real Estate,,Texas,,,admin,admin@repcre.com,Role-Based,Verified - Published Official Website,Official website,https://repcre.com,2026-09-11
Kabani Group,https://kabanigroupllc.com,Real Estate,,Texas,Kashif,Kabani,CEO,kashifkabani@kabanigroupllc.com,Named,Verified - Published Official Website,Official website,https://kabanigroupllc.com,2026-09-11
The Howard Hughes Corporation,https://howardhughes.com,Real Estate,,Texas,Jim,Carman,"President, Texas Region",investorrelations@howardhughes.com,Named,Verified - Published Official Website,Official website,https://www.howardhughes.com/contact/,2026-09-11
Rev Leasing,https://rev-leasing.com,Real Estate,,Texas,,,info,info@rev-leasing.com,Role-Based,Verified - Published Official Website,Official website,https://www.rev-leasing.com/contact-us,2026-09-11
Archway Properties,https://archwayprop.com,Real Estate,,Texas,Justin,Howe Pmp,Director of Construction / Development Manager,dedennis@archwayprop.com,Named,Verified - Published Official Website,Official website,https://archwayprop.com/team,2026-09-11
Owners Advocacy Group,https://ownersadvgroup.com,Real Estate,,Texas,,,info,info@ownersadvgroup.com,Role-Based,Verified - Published Official Website,Official website,https://ownersadvgroup.com/contact/,2026-09-11
Streamline,https://kmgmt.co,Real Estate,,Texas,,,vasilios,vasilios@kmgmt.co,Named,Verified - Published Official Website,Official website,https://landing.kmgmt.co/,2026-09-11
Wellness Districts,https://wellnessdistricts.com,Real Estate,,Texas,Craig,Laher,Chief Executive Officer,craig@wellnessdistricts.com,Named,Verified - Published Official Website,Official website,https://wellnessdistricts.com,2026-09-11
Habitat Haus,https://habitathaus.com,Real Estate,,Texas,Jorge,Alzaga,CEO,jorge@habitathaus.com,Named,Verified - Published Official Website,Official website,https://habitathaus.com,2026-09-11
Proven National Title,https://provennationaltitle.com,Real Estate,,Texas,Jacki,Tobar Cesp Ctip,Founder & Escrow Officer (Commercial & Residential),jacki.tobar@provennationaltitle.com,Named,Verified - Published Official Website,Official website,https://provennationaltitle.com,2026-09-11
The Vincere Real Estate Group,https://vincererealestate.com,Real Estate,,Texas,,,info,info@vincererealestate.com,Role-Based,Verified - Published Official Website,Official website,https://vincererealestate.com,2026-09-11
Primehaven Homes,https://primehavenhomes.com,Real Estate,,Texas,Naeem,Mahesania,Partner,sales@primehavenhomes.com,Named,Verified - Published Official Website,Official website,https://primehavenhomes.com/contact/,2026-09-11
Before & After Homes,https://beforeafterhomes.com,Real Estate,,Texas,,,info,info@beforeafterhomes.com,Role-Based,Verified - Published Official Website,Official website,https://beforeafterhomes.com,2026-09-11
United Real Estate,https://unitedrealestate.com,Real Estate,,Texas,Richard,Haase,President,unitedsupport@unitedrealestate.com,Named,Verified - Published Official Website,Official website,https://unitedrealestate.com,2026-09-11
Triumph Commercial Real Estate,https://triumphcommercial.com,Real Estate,,Texas,Ed,Frieze,Partner,mhajdu@triumphcommercial.com,Named,Verified - Published Official Website,Official website,https://triumphcommercial.com/team,2026-09-11
Sendero Acquisitions,https://senderoacquisitions.com,Real Estate,,Texas,,,contact,contact@senderoacquisitions.com,Role-Based,Verified - Published Official Website,Official website,https://senderoacquisitions.com,2026-09-11
Quantum Merit Realty & Mortgage,https://quantummerit.com,Real Estate,,Texas,,,david,david@quantummerit.com,Named,Verified - Published Official Website,Official website,https://www.quantummerit.com/102/Join-the-Team,2026-09-11
180 Properties,https://180apt.com,Real Estate,,Texas,,,info,info@180apt.com,Role-Based,Verified - Published Official Website,Official website,https://www.180prop.com/,2026-09-11
Elevate Investments,https://elevateinv.com,Real Estate,,Washington,John,Garvin,Principal,investors@elevateinv.com,Named,Verified - Published Official Website,Official website,https://www.elevateinv.com/,2026-09-11
Davis Group Real Estate,https://ahwallawalla.com,Real Estate,,Washington,,,office,office@ahwallawalla.com,Role-Based,Verified - Published Official Website,Official website,https://www.ahwallawalla.com/,2026-09-11
The Johnson Team At The Muljat Group,https://johnsonteamrealestate.com,Real Estate,,Washington,,,info,info@johnsonteamrealestate.com,Role-Based,Verified - Published Official Website,Official website,https://johnsonteamrealestate.com/index.php/about-2/,2026-09-11
Energy Exteriors Nw,https://energyexteriorsnw.com,Real Estate,,Washington,,,info,info@energyexteriorsnw.com,Role-Based,Verified - Published Official Website,Official website,https://energyexteriorsnw.com,2026-09-11
Jabooda Official,https://jabooda.com,Real Estate,,Washington,,,info,info@jabooda.com,Role-Based,Verified - Published Official Website,Official website,https://jabooda.com,2026-09-11
Pnw Casas,https://pnwcasas.com,Real Estate,,Washington,Abby,Romero Mba,Company Owner,abby@pnwcasas.com,Named,Verified - Published Official Website,Official website,https://www.pnwcasas.com/about/,2026-09-11
Devco Residential Group,https://devcous.com,Real Estate,,Washington,Muneer,Barkatullah,Senior Asset Manager,mediainquiries@devcous.com,Named,Verified - Published Official Website,Official website,https://devcous.com/contact/,2026-09-11
Bainbridge Homes Real Estate,https://bainbridgehomes.com,Real Estate,,Washington,,,info,info@bainbridgehomes.com,Role-Based,Verified - Published Official Website,Official website,https://bainbridgehomes.com,2026-09-11
Incity Properties Inc,https://incityinc.com,Real Estate,,Washington,Tom,Colombo,President & Co-Owner,tom@incityinc.com,Named,Verified - Published Official Website,Official website,https://www.incityinc.com/about-us/team,2026-09-11
Heart And Homes Northwest Realty,https://heartandhomesnw.com,Real Estate,,Washington,Jeremiah,C.,Managing Broker | Owner,kalei@heartandhomesnw.com,Named,Verified - Published Official Website,Official website,https://www.heartandhomesnw.com/about,2026-09-11
Fresh Look Real Estate,https://freshlookcommercial.com,Real Estate,,Washington,,,tony,tony@freshlookcommercial.com,Named,Verified - Published Official Website,Official website,https://freshlookcommercial.com,2026-09-11
Association Reserves Wa,https://reservestudy.com,Real Estate,,Washington,Derek,Eckert,"President -Association Reserves, Northern CA",rnordlund@reservestudy.com,Named,Verified - Published Official Website,Official website,https://www.reservestudy.com/meet-our-team/,2026-09-11
Hellopad,https://hellopad.com,Real Estate,,Washington,,,info,info@hellopad.com,Role-Based,Verified - Published Official Website,Official website,https://hellopad.com/about/,2026-09-11
Next Brick Property Management,https://nextbrick.co,Real Estate,,Washington,Seemant,N.,Founder,hello@nextbrick.co,Named,Verified - Published Official Website,Official website,https://www.nextbrick.co/,2026-09-11
Rsvp Real Estate Era Powered,https://rsvpre.com,Real Estate,,Washington,,,contact,contact@rsvpre.com,Role-Based,Verified - Published Official Website,Official website,https://rsvpre.com,2026-09-11
Kiendly Personalized Gifts,https://kiendly.com,Real Estate,,Washington,,,contact,contact@kiendly.com,Role-Based,Verified - Published Official Website,Official website,https://kiendly.com,2026-09-11
Sv Management Consulting,https://svmanagementconsulting.com,Real Estate,,Washington,Sarah,Vasquez Crx Scsm Acc,Managing Director,sarah@svmanagementconsulting.com,Named,Verified - Published Official Website,Official website,https://svmanagementconsulting.com/contact/,2026-09-11
Eagle Crest Property Management,https://eaglecrestpm.com,Real Estate,,Washington,,,info,info@eaglecrestpm.com,Role-Based,Verified - Published Official Website,Official website,https://www.eaglecrestpm.com/,2026-09-11
Pcs Home Group,https://pcshomegroup.com,Real Estate,,Washington,,,acamberg,acamberg@pcshomegroup.com,Named,Verified - Published Official Website,Official website,https://pcshomegroup.com,2026-09-11
Lifeline Equity,https://lifelineequity.com,Real Estate,,Washington,,,office,office@lifelineequity.com,Role-Based,Verified - Published Official Website,Official website,https://lifelineequity.com,2026-09-11
Hamilton Lee Homes,https://hamiltonleehomes.com,Real Estate,,Washington,Brad,Williams,Owner,inquiry@hamiltonleehomes.com,Named,Verified - Published Official Website,Official website,https://hamiltonleehomes.com,2026-09-11
Housing Quarters,https://housingquarters.com,Real Estate,,Washington,,,info,info@housingquarters.com,Role-Based,Verified - Published Official Website,Official website,https://www.housingquarters.com/contact_us_new/,2026-09-11
The Rosie Rourke Team,https://rosierourke.com,Real Estate,,Washington,,,rosie,rosie@rosierourke.com,Named,Verified - Published Official Website,Official website,https://rosierourke.com,2026-09-11
1892 Capital Partners,https://1892capital.com,Real Estate,,Washington,Charles,M Farnsworth,Fund Director,loans@1892capital.com,Named,Verified - Published Official Website,Official website,https://www.1892capital.com/,2026-09-11
Sold By Synergy Properties,https://synergyproperties.info,Real Estate,,Washington,,,admin,admin@synergyproperties.info,Role-Based,Verified - Published Official Website,Official website,https://www.synergyproperties.info/,2026-09-11
Orca Homes,https://orcahomes.com,Real Estate,,Washington,,,info,info@orcahomes.com,Role-Based,Verified - Published Official Website,Official website,https://orcahomes.com,2026-09-11
Vwp Real Estate,https://vwpre.com,Real Estate,,Washington,,,info,info@vwpre.com,Role-Based,Verified - Published Official Website,Official website,https://vwpre.com,2026-09-11
Umano Property Management,https://umanopm.com,Real Estate,,Washington,,,info,info@umanopm.com,Role-Based,Verified - Published Official Website,Official website,https://www.umanopm.com/,2026-09-11
Cmre Partners,https://cmrepartners.com,Real Estate,,Washington,Campbell,Mathewson,"Founder, Managing Partner & Designated Broker",cmathewson@cmrepartners.com,Named,Verified - Published Official Website,Official website,https://cmrepartners.com,2026-09-11
Multifamily Mason,https://multifamilymason.com,Real Estate,,Washington,Mason,Fiascone Multifamily Advisor,"Multifamily Advisor, Founder",mason@multifamilymason.com,Named,Verified - Published Official Website,Official website,https://www.multifamilymason.com/,2026-09-11
Southeast Effective Development,https://seedseattle.org,Real Estate,,Washington,,,info,info@seedseattle.org,Role-Based,Verified - Published Official Website,Official website,https://www.seedseattle.org/,2026-09-11
Properties West 360,https://propertieswest360.com,Real Estate,,Washington,,,info,info@propertieswest360.com,Role-Based,Verified - Published Official Website,Official website,https://propertieswest360.com,2026-09-11
Lionscove,https://lionscove.com,Real Estate,,Washington,Liam,Leonard,Chief Executive Officer,borrow@lionscove.com,Named,Verified - Published Official Website,Official website,https://lionscove.com,2026-09-11
Park Model Nation,https://parkmodelnation.com,Real Estate,,Washington,,,info,info@parkmodelnation.com,Role-Based,Verified - Published Official Website,Official website,https://parkmodelnation.com,2026-09-11
Array Real Estate,https://arrayrealestate.com,Real Estate,,Washington,,,info,info@arrayrealestate.com,Role-Based,Verified - Published Official Website,Official website,https://arrayrealestate.com/contact-us,2026-09-11
Chavez Capital,https://chavez.capital,Real Estate,,Washington,,,info,info@chavez.capital,Role-Based,Verified - Published Official Website,Official website,https://chavez.capital,2026-09-11
Contemporary Home Construction,https://chcremodel.com,Real Estate,,Washington,Siamak,Firooz,Chief Executive Officer,siamak@chcremodel.com,Named,Verified - Published Official Website,Official website,https://www.chcremodel.com/,2026-09-11
Deese Real Estate,https://amfam.com,Real Estate,,Washington,Bill,Westrate,Enterprise President and CEO at American Family Insurance,investorrelations@amfam.com,Named,Verified - Published Official Website,Official website,https://www.amfam.com/about,2026-09-11
Momo Homes,https://momohomes.io,Real Estate,,Washington,Charles,W Gale,Co-founder & Chief Executive Officer,hello@momohomes.io,Named,Verified - Published Official Website,Official website,https://momohomes.io,2026-09-11
Leonard Schiffman Appraisal,https://schiffmanappraisal.com,Real Estate,,Washington,Leonard,Schiffman,Founder-Owner,leonard@schiffmanappraisal.com,Named,Verified - Published Official Website,Official website,https://www.schiffmanappraisal.com/,2026-09-11
Team Kelli Lang Re/max Gateway,https://linktr.ee,Real Estate,,Washington,Henrique,Volpi,Co-Founder & CEO,press@linktr.ee,Named,Verified - Published Official Website,Official website,https://linktr.ee/s/about/press,2026-09-11
Brody Broker Team,https://brodybroker.com,Real Estate,,Washington,,,info,info@brodybroker.com,Role-Based,Verified - Published Official Website,Official website,https://www.brodybroker.com/,2026-09-11
Dwell Home Team,https://dwellhometeam.com,Real Estate,,Washington,,,christina,christina@dwellhometeam.com,Named,Verified - Published Official Website,Official website,https://dwellhometeam.com/about/,2026-09-11
Brantley Christianson Real Estate Pllc,https://brantleychristianson.com,Real Estate,,Washington,,,info,info@brantleychristianson.com,Role-Based,Verified - Published Official Website,Official website,https://brantleychristianson.com,2026-09-11
Optimized Inspection Services,https://optimizedinspections.com,Real Estate,,Washington,Bryan,Mize,President,bryanm@optimizedinspections.com,Named,Verified - Published Official Website,Official website,https://optimizedinspections.com,2026-09-11
Bhgre Gary Mann Realty,https://garymann.com,Real Estate,,Washington,,,hello,hello@garymann.com,Named,Verified - Published Official Website,Official website,https://garymannrealty.sites.bhgrealestate.com/,2026-09-11
Saratoga Equities,https://saratogaequities.com,Real Estate,,Washington,,,info,info@saratogaequities.com,Role-Based,Verified - Published Official Website,Official website,https://saratogaequities.com,2026-09-11
Distinctive Properties,https://distinctiveprop.com,Real Estate,,Washington,,,info,info@distinctiveprop.com,Role-Based,Verified - Published Official Website,Official website,https://distinctiveprop.com,2026-09-11
Groundwork Properties,https://groundworkproperties.com,Real Estate,,Washington,Jonathan,Tomlinson,President,bt@groundworkproperties.com,Named,Verified - Published Official Website,Official website,https://groundworkproperties.com/index.html,2026-09-11
Adelbern Real Estate,https://adelbern.com,Real Estate,,Washington,,,info,info@adelbern.com,Role-Based,Verified - Published Official Website,Official website,https://www.adelbern.com/,2026-09-11
The Toll Group Nw,https://tollgroupnw.com,Real Estate,,Washington,Kat,Banzeruk,Regional Property Manager,hello@tollgroupnw.com,Named,Verified - Published Official Website,Official website,https://tollgroupnw.com,2026-09-11
Bentwood Contracting,https://bentwoodcontracting.com,Construction,,Southeast,,,info,info@bentwoodcontracting.com,Role-Based,Verified - Published Official Website,Official website,https://bentwoodcontracting.com,2026-09-11
Nickle Architects Pllc,https://nicklearchitects.com,Architecture & Planning,,Southeast,Brian,Smallwood,Business Owner,accounting@nicklearchitects.com,Named,Verified - Published Official Website,Official website,https://nicklearchitects.com,2026-09-11
R N Architecture,https://rna-archint.com,Architecture & Planning,,Southeast,,,info,info@rna-archint.com,Role-Based,Verified - Published Official Website,Official website,https://rna-archint.com,2026-09-11
Stacker Building Group,https://stackerbuilding.com,Construction,,Southeast,Clay,Stacker,President,clay@stackerbuilding.com,Named,Verified - Published Official Website,Official website,https://stackerbuilding.com/contact-us/,2026-09-11
G & F Group,https://gandfgroup.com,Construction,,Southeast,,,info,info@gandfgroup.com,Role-Based,Verified - Published Official Website,Official website,https://gandfgroup.com,2026-09-11
The Intervision Building Group,https://intervisionbuilding.com,Construction,,Southeast,,,info,info@intervisionbuilding.com,Role-Based,Verified - Published Official Website,Official website,https://intervisionbuilding.com,2026-09-11
Fraser Construction Commercial,https://fraser-construction.com,Construction,,Southeast,,,info,info@fraser-construction.com,Role-Based,Verified - Published Official Website,Official website,https://fraser-construction.com,2026-09-11
Ideis Design Architecture,https://ideisdesign.com,Architecture & Planning,,Southeast,,,info,info@ideisdesign.com,Role-Based,Verified - Published Official Website,Official website,https://ideisdesign.com,2026-09-11
Npsg Built.,https://npsgbuilt.com,Construction,,Southeast,,,info,info@npsgbuilt.com,Role-Based,Verified - Published Official Website,Official website,https://npsgbuilt.com/about/,2026-09-11
Avant Construction Group,https://avant-build.com,Construction,,Southeast,,,estimating,estimating@avant-build.com,Role-Based,Verified - Published Official Website,Official website,https://avant-build.com/bidding-opportunities/,2026-09-11
Eastern,https://buildwitheastern.com,Construction,,Southeast,,,info,info@buildwitheastern.com,Role-Based,Verified - Published Official Website,Official website,https://buildwitheastern.com,2026-09-11
Brink Design,https://brinkdesign.com,Architecture & Planning,,Southeast,,,info,info@brinkdesign.com,Role-Based,Verified - Published Official Website,Official website,https://www.brinkdesign.com/,2026-09-11
Gm Hill Engineering,https://gmhillengineering.com,Construction,,Southeast,Karen,Rutter Aia Leed Ap,Senior Architect,subcontractor@gmhillengineering.com,Named,Verified - Published Official Website,Official website,https://gmhillengineering.com/projects-bidding/,2026-09-11
Summit Properties,https://sumprop.com,Real Estate,,Southeast,,,info,info@sumprop.com,Role-Based,Verified - Published Official Website,Official website,https://www.sumprop.com/,2026-09-11
Care Facilities Construction,https://carefacilitiesconstruction.com,Construction,,Southeast,,,admin,admin@carefacilitiesconstruction.com,Role-Based,Verified - Published Official Website,Official website,https://www.cfcbuilds.com/,2026-09-11
Chambers Management Group,https://chambersmg.com,Construction,,Southeast,,,info,info@chambersmg.com,Role-Based,Verified - Published Official Website,Official website,https://chambersmg.com,2026-09-11
Startesta Construction,https://startesta.com,Construction,,Southeast,,,info,info@startesta.com,Role-Based,Verified - Published Official Website,Official website,https://startesta.com/contact.html,2026-09-11
Schimberg Group Architecture & Design,https://theschimgroup.com,Architecture & Planning,,Southeast,,,info,info@theschimgroup.com,Role-Based,Verified - Published Official Website,Official website,https://www.theschimgroup.com/,2026-09-11
Epic Construction,https://epic-construction-co.com,Construction,,Southeast,,,info,info@epic-construction-co.com,Role-Based,Verified - Published Official Website,Official website,https://www.epic-construction-co.com/,2026-09-11
"C.l. Helt, Architect",https://heltdesign.com,Architecture & Planning,,Southeast,,,info,info@heltdesign.com,Role-Based,Verified - Published Official Website,Official website,https://heltdesign.com,2026-09-11
Mid Atlantic Building Svc,https://mbsllcva.com,Construction,,Southeast,Meagan,Rivera,Operations Manager,hello@mbsllcva.com,Named,Verified - Published Official Website,Official website,https://www.mbsllcva.com/,2026-09-11
Moffitt Builders,https://moffittbuildersllc.com,Construction,,Southeast,,,info,info@moffittbuildersllc.com,Role-Based,Verified - Published Official Website,Official website,https://moffittbuildersllc.com,2026-09-11
"Gracehebert Architects, Apac",https://ghc-arch.com,Architecture & Planning,,Southeast,,,info,info@ghc-arch.com,Role-Based,Verified - Published Official Website,Official website,https://grace-design.com/,2026-09-11
Gsb Construction & Development,https://gsbconstructioninc.com,Construction,,Southeast,,,bids,bids@gsbconstructioninc.com,Role-Based,Verified - Published Official Website,Official website,https://gsbconstructioninc.com/contacts/,2026-09-11
The Kreat Group,https://thekreatgroup.com,Real Estate,,Southeast,,,info,info@thekreatgroup.com,Role-Based,Verified - Published Official Website,Official website,https://thekreatgroup.com,2026-09-11
Ip Builders,https://ipbuilders.net,Construction,,Southeast,,,office,office@ipbuilders.net,Role-Based,Verified - Published Official Website,Official website,https://ipbuilders.net,2026-09-11
Rañon Construction,https://ranon-inc.com,Construction,,Southeast,,,info,info@ranon-inc.com,Role-Based,Verified - Published Official Website,Official website,https://ranon-inc.com,2026-09-11
Terbo Construction,https://terbogroup.com,Construction,,Southeast,,,contact,contact@terbogroup.com,Role-Based,Verified - Published Official Website,Official website,https://terbogroup.com,2026-09-11
Raymond,https://raymond.global,Architecture & Planning,,Southeast,,,info,info@raymond.global,Role-Based,Verified - Published Official Website,Official website,https://raymond.global,2026-09-11
Iver Construction,https://iverconst.com,Construction,,Southeast,,,info,info@iverconst.com,Role-Based,Verified - Published Official Website,Official website,https://www.iverconst.com/,2026-09-11
Ascent Construction Group,https://ascentcgp.com,Construction,,Southeast,Sean,Burnie Dbia,President,sburnie@ascentcgp.com,Named,Verified - Published Official Website,Official website,https://ascentcgp.com/contact-us/,2026-09-11
Sierra Construction Company,https://sierracon.com,Construction,,Southeast,,,admin,admin@sierracon.com,Role-Based,Verified - Published Official Website,Official website,https://sierracon.com/contact-us/,2026-09-11
Trazo Design,https://trazod.com,Architecture & Planning,,Southeast,Israel,Olmos Aia,President,iolmos@trazod.com,Named,Verified - Published Official Website,Official website,https://trazod.com/about-2/,2026-09-11
Fuse Design Studio,https://fuse-ds.com,Architecture & Planning,,Southeast,Timothy,Helms Aia,Owner/CEO,thelms@fuse-ds.com,Named,Verified - Published Official Website,Official website,https://www.fuse-ds.com/,2026-09-11
Jlj & Associates,https://jljassociates.com,Construction,,Southeast,,,info,info@jljassociates.com,Role-Based,Verified - Published Official Website,Official website,https://jljassociates.com/,2026-09-11
Ferncore Corporation,https://ferncore.com,Construction,,Southeast,Joe,Fernandez,President,information@ferncore.com,Named,Verified - Published Official Website,Official website,https://ferncore.com,2026-09-11
Capital Trades,https://capitaltradesva.com,Construction,,Southeast,Miguel,Arturo Palma,Chief Executive Officer,services@capitaltradesva.com,Named,Verified - Published Official Website,Official website,https://capitaltradesva.com,2026-09-11
Premier Construction Services,https://premiercsinc.com,Construction,,Southeast,,,info,info@premiercsinc.com,Role-Based,Verified - Published Official Website,Official website,https://www.premiercsinc.com/,2026-09-11
Estudiombc,https://estudiombc.com,Architecture & Planning,,Southeast,Rodrigo,Letonja,Senior Architect,mariela@estudiombc.com,Named,Verified - Published Official Website,Official website,https://www.estudiombc.com/,2026-09-11
Missionxi,https://missionxi.com,Construction,,Southeast,Matt,Hafford,Founder & CEO | Data Center Construction,matt@missionxi.com,Named,Verified - Published Official Website,Official website,https://mxipartners.com/,2026-09-11
Solid Structures,https://solidstructures.info,Construction,,Southeast,,,info,info@solidstructures.info,Role-Based,Verified - Published Official Website,Official website,https://www.solidstructures.info/,2026-09-11
Jh Batten,https://jhbatten.com,Construction,,Southeast,,,info,info@jhbatten.com,Role-Based,Verified - Published Official Website,Official website,https://jhbatten.com,2026-09-11
Mstruct Engineering Pllc,https://mstruct.com,Civil Engineering,,Southeast,,,jmatrulli,jmatrulli@mstruct.com,Named,Verified - Published Official Website,Official website,https://www.mstruct.com/contact,2026-09-11
Leonard Contractors,https://leonardcontractors.com,Construction,,Southeast,Chris,Leonard,Principal,chris.leonard@leonardcontractors.com,Named,Verified - Published Official Website,Official website,https://leonardcontractors.com,2026-09-11
Related Ross,https://relatedross.com,Real Estate,,Southeast,Nancy,Burdeshaw,Lifestyle Director,mdaves@relatedross.com,Named,Verified - Published Official Website,Official website,https://www.relatedross.com/our-company/contact-us,2026-09-11
Beco,https://becoasset.com,Construction,,Southeast,Laura,Mills,Property Manager,hello@becoasset.com,Named,Verified - Published Official Website,Official website,https://www.becoasset.com/,2026-09-11
Full Time Construction,https://fulltimeconstruction.com,Construction,,Southeast,Ken,Hall,President,ricky@fulltimeconstruction.com,Named,Verified - Published Official Website,Official website,https://www.fulltimeconstruction.com/,2026-09-11
Axis Construction,https://axisconstructionflorida.com,Construction,,Southeast,,,office,office@axisconstructionflorida.com,Role-Based,Verified - Published Official Website,Official website,https://axisconstructionflorida.com,2026-09-11
J. O. Delotto & Sons,https://delotto.com,Construction,,Southeast,,,info,info@delotto.com,Role-Based,Verified - Published Official Website,Official website,https://delotto.com/contact/,2026-09-11
Halflants Pichette Studio For Modern Architecture,https://halflantspichette.com,Architecture & Planning,,Southeast,Michael,Halflants,Principal,michael@halflantspichette.com,Named,Verified - Published Official Website,Official website,https://halflantspichette.com/contact/,2026-09-11
Patner Construction,https://patnerconstruction.com,Construction,,Southeast,Chuck,Mays,Principal,dsheridan@patnerconstruction.com,Named,Verified - Published Official Website,Official website,https://patnerconstruction.com,2026-09-11
Daedalus Designs Co,https://daedaluscorp.com,Construction,,Southeast,,,info,info@daedaluscorp.com,Role-Based,Verified - Published Official Website,Official website,https://daedaluscorp.com,2026-09-11
Lbe,https://lbeeng.com,Architecture & Planning,,Southeast,,,admin,admin@lbeeng.com,Role-Based,Verified - Published Official Website,Official website,https://lbeeng.com,2026-09-11
Partners Development,https://partnersinfo.com,Real Estate,,Southeast,,,info,info@partnersinfo.com,Role-Based,Verified - Published Official Website,Official website,https://partnersinfo.com,2026-09-11
Anderson Carr Construction,https://andersoncarrconstruction.com,Construction,,Southeast,,,info,info@andersoncarrconstruction.com,Role-Based,Verified - Published Official Website,Official website,https://andersoncarrconstruction.com,2026-09-11
Dinamo Office,https://dinamooffice.com,Design,,Southeast,Luis,A Valdes Bartroli,Founder / Managing Partner,luis@dinamooffice.com,Named,Verified - Published Official Website,Official website,https://dinamooffice.com/contact/,2026-09-11
Coastal Professional Contracting,https://coastalpci.com,Construction,,Southeast,,,blake,blake@coastalpci.com,Named,Verified - Published Official Website,Official website,https://coastalpci.com,2026-09-11
Nance Construction,https://nancegc.com,Construction,,Southeast,,,info,info@nancegc.com,Role-Based,Verified - Published Official Website,Official website,https://www.nancegc.com/contact/,2026-09-11
Cannon Consulting,https://builtbycannon.com,Construction,,Southeast,Logan,Schwettman,President,hello@builtbycannon.com,Named,Verified - Published Official Website,Official website,https://www.builtbycannon.com/contact-us,2026-09-11
Barreto Group,https://coastlandci.com,Real Estate,,Southeast,,,info,info@coastlandci.com,Role-Based,Verified - Published Official Website,Official website,https://coastlandconstruction.com/,2026-09-11
Alvakanda Construction Company,https://avkdcompany.com,Construction,,Southeast,,,info,info@avkdcompany.com,Role-Based,Verified - Published Official Website,Official website,https://www.avkdcompany.com/,2026-09-11
Ftc Development,https://ftc.build,Real Estate,,Southeast,Matt,Mcgauley,Chief Executive Officer,matt@ftc.build,Named,Verified - Published Official Website,Official website,https://ftc.build/about/,2026-09-11
Countreewide Realty,https://countreewiderealty.com,Real Estate,,Southeast,,,sales,sales@countreewiderealty.com,Named,Verified - Published Official Website,Official website,https://countreewiderealty.com,2026-09-11
Therealfund,https://therealfund.com,Real Estate,,Southeast,,,info,info@therealfund.com,Role-Based,Verified - Published Official Website,Official website,https://therealfund.com,2026-09-11
Woodvale,https://woodvale.com,Real Estate,,Southeast,Rahim,Charania,Founder & Managing Partner,investments@woodvale.com,Named,Verified - Published Official Website,Official website,https://woodvale.com,2026-09-11
Geosam Capital Us,https://geosam.com,Real Estate,,Southeast,,,info,info@geosam.com,Role-Based,Verified - Published Official Website,Official website,https://geosam.com/about-us/,2026-09-11
Macon Building,https://maconbuilding.com,Construction,,Southeast,,,info,info@maconbuilding.com,Role-Based,Verified - Published Official Website,Official website,https://maconbuilding.com,2026-09-11
Atelier-interiors Us,https://atelier-interiors.com,Architecture & Planning,,Southeast,,,info,info@atelier-interiors.com,Role-Based,Verified - Published Official Website,Official website,https://atelier-interiors.com,2026-09-11
The Sheffield Company,https://thesheffieldco.com,Construction,,Southeast,Fawn,Sheffield,Chief Executive Officer,inquiry@thesheffieldco.com,Named,Verified - Published Official Website,Official website,https://thesheffieldco.com/contact/,2026-09-11
Vtcc,https://vtccbuild.com,Construction,,Southeast,,,cs,cs@vtccbuild.com,Named,Verified - Published Official Website,Official website,https://vtccbuild.com,2026-09-11
Architectural Solutions,https://archisolut.com,Architecture & Planning,,Southeast,,,info,info@archisolut.com,Role-Based,Verified - Published Official Website,Official website,https://archisolut.com,2026-09-11
Steelco Construction,https://scbcg.com,Construction,,Southeast,,,info,info@scbcg.com,Role-Based,Verified - Published Official Website,Official website,https://www.scbconstructiongroup.com/,2026-09-11
Wdg Real Estate Partners,https://wdgrep.com,Real Estate,,Southeast,,,info,info@wdgrep.com,Role-Based,Verified - Published Official Website,Official website,https://wdgrep.com/team/,2026-09-11
Plaza Equity Partners,https://plazaequity.com,Real Estate,,Southeast,,,info,info@plazaequity.com,Role-Based,Verified - Published Official Website,Official website,https://plazaequity.com/about-us/,2026-09-11
Grind Capital Group,https://grindcap.com,Real Estate,,Southeast,,,info,info@grindcap.com,Role-Based,Verified - Published Official Website,Official website,https://www.grindcap.com/about,2026-09-11
Burke Construction Group,https://bcginc.net,Construction,,Southeast,,,info,info@bcginc.net,Role-Based,Verified - Published Official Website,Official website,https://bcginc.net,2026-09-11
Night Owl National Contractors,https://nightowlnationalcontractors.com,Construction,,Southeast,,,info,info@nightowlnationalcontractors.com,Role-Based,Verified - Published Official Website,Official website,https://www.nightowlnationalcontractors.com/,2026-09-11
Is Design,https://isdesignpllc.com,Architecture & Planning,,Southeast,,,info,info@isdesignpllc.com,Role-Based,Verified - Published Official Website,Official website,https://isdesignpllc.com,2026-09-11
Onespace Architects,https://designonespace.com,Architecture & Planning,,Southeast,Jinal,Kothari Ncarb,"Founder and CEO, a Licensed Architect (Virginia and North Carolina)",hello@designonespace.com,Named,Verified - Published Official Website,Official website,https://designonespace.com,2026-09-11
Premier Group.,https://premiergroupltd.com,Civil Engineering,,Southeast,,,info,info@premiergroupltd.com,Role-Based,Verified - Published Official Website,Official website,https://www.premiergroupltd.com/,2026-09-11
Xenith Construction,https://xenith-construction.com,Construction,,Southeast,,,admin,admin@xenith-construction.com,Role-Based,Verified - Published Official Website,Official website,https://www.xenith-construction.com/,2026-09-11
Prm Design Solutions,https://prmdesignllc.com,Design,,Southeast,,,info,info@prmdesignllc.com,Role-Based,Verified - Published Official Website,Official website,https://prmdesignllc.com,2026-09-11
Kenyon & Partners.,https://kenyonandpartners.com,Construction,,Southeast,,,info,info@kenyonandpartners.com,Role-Based,Verified - Published Official Website,Official website,https://kenyonandpartners.com,2026-09-11
Fansler Construction,https://fanslerconstruction.com,Construction,,Southeast,,,jfansler,jfansler@fanslerconstruction.com,Named,Verified - Published Official Website,Official website,https://www.fanslerconstruction.com/about-1,2026-09-11
Alakai Capital,https://alakai-capital.com,Real Estate,,Southeast,Nick,Jones,Founder / CEO / Acquisitions,nick@alakai-capital.com,Named,Verified - Published Official Website,Official website,https://www.alakai-capital.com/about-us/,2026-09-11
Cce Specialties,https://ccespecialties.com,Construction,,Southeast,Craig,Pearson,Safety Director,inquiries@ccespecialties.com,Named,Verified - Published Official Website,Official website,https://ccespecialties.com/contact-us/,2026-09-11
Vangooddesign,https://vangooddesign.com,Architecture & Planning,,Southeast,,,info,info@vangooddesign.com,Role-Based,Verified - Published Official Website,Official website,https://www.vangooddesign.com/,2026-09-11
Integrated Builds,https://integratedbuilds.com,Construction,,Southeast,,,info,info@integratedbuilds.com,Role-Based,Verified - Published Official Website,Official website,https://integratedbuilds.com,2026-09-11
Finem Group At Meybohm Commercial,https://finemgroup.com,Real Estate,,Southeast,Dustin,C Wright,Director of Leasing,slong@finemgroup.com,Named,Verified - Published Official Website,Official website,https://finemgroup.com/about,2026-09-11
Eco Rivers,https://eco-rivers.com,Construction,,Southeast,,,info,info@eco-rivers.com,Role-Based,Verified - Published Official Website,Official website,https://eco-rivers.com,2026-09-11
Daft Buro,https://daftburo.com,Architecture & Planning,,Southeast,,,info,info@daftburo.com,Role-Based,Verified - Published Official Website,Official website,https://daftburo.com,2026-09-11
Pumayna,https://pumayna.com,Real Estate,,Southeast,,,info,info@pumayna.com,Role-Based,Verified - Published Official Website,Official website,https://pumayna.com,2026-09-11
D.h. Griffin Companies,https://dhgriffin.com,Environmental Services,,Southeast,Willie,Smith,Safety Director,dhgmarketing@dhgriffin.com,Named,Verified - Published Official Website,Official website,https://www.dhgriffin.com/,2026-09-11
Terra Constructs,https://terraconstructs.com,Construction,,Southeast,,,info,info@terraconstructs.com,Role-Based,Verified - Published Official Website,Official website,https://terraconstructs.com/contact/,2026-09-11
P A Architect,https://pa-architect.com,Architecture & Planning,,Southeast,,,contact,contact@pa-architect.com,Role-Based,Verified - Published Official Website,Official website,https://www.pa-architect.com/contact/,2026-09-11
"Drake Interiors, Inc",https://drake-interiors.com,Construction,,Southeast,Daniel,Drake,Owner,justin@drake-interiors.com,Named,Verified - Published Official Website,Official website,https://drake-interiors.com/the-team,2026-09-11
Tst Roofing,https://tstroofandglass.com,Construction,,Southeast,Todd,Scanlon,President,quote@tstroofandglass.com,Named,Verified - Published Official Website,Official website,https://www.tstroofandglass.com,2026-09-11
Piña Home,https://pinainteriors.com,Architecture & Planning,,Northeast,,,hello,hello@pinainteriors.com,Named,Verified - Published Official Website,Official website,https://pinainteriors.com,2026-09-11
Hammel Associates Architects,https://hammelarch.com,Architecture & Planning,,Northeast,Theodore,Vedock,Principal and Owner,tvedock@hammelarch.com,Named,Verified - Published Official Website,Official website,https://www.hammelarch.com/about/staff/theodore-l-vedock/,2026-09-11
The Turett Collaborative,https://turettarch.com,Architecture & Planning,,Northeast,,,info,info@turettarch.com,Role-Based,Verified - Published Official Website,Official website,https://www.turettarch.com/,2026-09-11
Marina Rubina Architect,https://mrubina.com,Architecture & Planning,,Northeast,,,info,info@mrubina.com,Role-Based,Verified - Published Official Website,Official website,https://mrubina.com/contact/,2026-09-11
Jcl Measure,https://jclmeasure.com,Architecture & Planning,,Northeast,,,info,info@jclmeasure.com,Role-Based,Verified - Published Official Website,Official website,https://jclmeasure.com,2026-09-11
Social Life Project,https://sociallifeproject.org,Architecture & Planning,,Northeast,,,info,info@sociallifeproject.org,Role-Based,Verified - Published Official Website,Official website,https://www.sociallifeproject.org/about/,2026-09-11
Studio Kraeher Architects,https://kraeher.com,Architecture & Planning,,Northeast,Rolando,Kraeher,Principal,studio@kraeher.com,Named,Verified - Published Official Website,Official website,https://kraeher.com,2026-09-11
Jacunski Humes Architects,https://jharchitects.net,Architecture & Planning,,Northeast,,,info,info@jharchitects.net,Role-Based,Verified - Published Official Website,Official website,https://www.jharchitects.net/contact,2026-09-11
Faber/hughes,https://faberhughes.com,Architecture & Planning,,Northeast,,,studio,studio@faberhughes.com,Named,Verified - Published Official Website,Official website,https://www.faberhughes.com/contact,2026-09-11
Armitage Interiors,https://armitageinteriors.com,Architecture & Planning,,Northeast,,,hello,hello@armitageinteriors.com,Named,Verified - Published Official Website,Official website,https://armitageinteriors.com,2026-09-11
Heather Wells,https://heatherwells.com,Architecture & Planning,,Northeast,,,info,info@heatherwells.com,Role-Based,Verified - Published Official Website,Official website,https://heatherwells.com/contact/,2026-09-11
Z Interiors,https://zplusinteriors.com,Architecture & Planning,,Northeast,,,info,info@zplusinteriors.com,Role-Based,Verified - Published Official Website,Official website,https://www.zplusinteriors.com/,2026-09-11
Drew Architecture,https://drewarch.com,Architecture & Planning,,Northeast,,,info,info@drewarch.com,Role-Based,Verified - Published Official Website,Official website,https://www.drewarch.com/,2026-09-11
Otk Dearch Studio,https://otkdas.com,Architecture & Planning,,Northeast,Onetae,Kim Ra Ncarb Cdt Leed Ap,Principal,ot@otkdas.com,Named,Verified - Published Official Website,Official website,https://www.otkdas.com/contact/,2026-09-11
Embarc,https://embarcdesign.com,Architecture & Planning,,Northeast,,,info,info@embarcdesign.com,Role-Based,Verified - Published Official Website,Official website,https://www.embarcdesign.com/,2026-09-11
"Shore Point Architecture, P.a.",https://shorepointarch.com,Architecture & Planning,,Northeast,,,info,info@shorepointarch.com,Role-Based,Verified - Published Official Website,Official website,https://www.shorepointarch.com/contact,2026-09-11
Pro Hearing Loops,https://prohearingloops.com,Architecture & Planning,,Northeast,,,info,info@prohearingloops.com,Role-Based,Verified - Published Official Website,Official website,https://prohearingloops.com,2026-09-11
Babichacoustics,https://babichacoustics.com,Architecture & Planning,,Northeast,,,info,info@babichacoustics.com,Role-Based,Verified - Published Official Website,Official website,https://www.babichacoustics.com/,2026-09-11
"Aai Architects, P.c.",https://adamson-associates.com,Architecture & Planning,,Northeast,,,info,info@adamson-associates.com,Role-Based,Verified - Published Official Website,Official website,https://www.adamson-associates.com/,2026-09-11
Weave-collaboration-partners,https://weavecp.com,Architecture & Planning,,Northeast,Jose,Lanuza,Partner and CEO,sidesourcing@weavecp.com,Named,Verified - Published Official Website,Official website,https://www.weavecp.com/,2026-09-11
On Level Installations,https://onlevelinstallations.com,Architecture & Planning,,Northeast,,,%20jonb,%20jonb@onlevelinstallations.com,Named,Verified - Published Official Website,Official website,https://onlevelinstallations.com,2026-09-11
Lyon/szot Architecture Studio Dpc,https://studiolyonszot.com,Architecture & Planning,,Northeast,Andrew,Lyonbio,Partner / Founder,hello@studiolyonszot.com,Named,Verified - Published Official Website,Official website,https://www.studiolyonszot.com/,2026-09-11
Studio Gastelum Architecture Pllc,https://studiogastelum.com,Architecture & Planning,,Northeast,,,info,info@studiogastelum.com,Role-Based,Verified - Published Official Website,Official website,https://www.studiogastelum.com/contact,2026-09-11
Quality Blinds,https://qualityblindsinc.com,Architecture & Planning,,Northeast,,,info,info@qualityblindsinc.com,Role-Based,Verified - Published Official Website,Official website,https://qualityblindsinc.com,2026-09-11
Aspect 120 Landscape Architecture P.c.,https://aspect120.com,Architecture & Planning,,Northeast,Susan,Jainchill,Principal,sjainchill@aspect120.com,Named,Verified - Published Official Website,Official website,https://www.aspect120.com/contact-1,2026-09-11
Insign,https://goallspace.com,Architecture & Planning,,Northeast,,,hello,hello@goallspace.com,Named,Verified - Published Official Website,Official website,https://goallspace.com,2026-09-11
Perry Interiors And Lifestyle,https://pilinteriors.com,Architecture & Planning,,Northeast,,,cameron,cameron@pilinteriors.com,Named,Verified - Published Official Website,Official website,https://www.pilinteriors.com/,2026-09-11
Plan Architecture,https://plnarc.com,Architecture & Planning,,Northeast,,,info,info@plnarc.com,Role-Based,Verified - Published Official Website,Official website,https://www.plnarc.com/about,2026-09-11
Stephanie King Design,https://stephaniekingdesign.com,Architecture & Planning,,Northeast,,,hello,hello@stephaniekingdesign.com,Named,Verified - Published Official Website,Official website,https://stephaniekingdesign.com/contact-us/,2026-09-11
S.o.e.,https://soe.studio,Architecture & Planning,,Northeast,,,info,info@soe.studio,Role-Based,Verified - Published Official Website,Official website,https://www.soe.studio/,2026-09-11
Smaav Architecture And Visualisation,https://smaarchviz.com,Architecture & Planning,,Northeast,,,info,info@smaarchviz.com,Role-Based,Verified - Published Official Website,Official website,https://smaarchviz.com/team/,2026-09-11
Leveratto Architecture Group,https://leverag-llc.com,Architecture & Planning,,Northeast,Atilio,Leveratto,Owner | Founder,aleveratto@leverag-llc.com,Named,Verified - Published Official Website,Official website,https://www.leverag-llc.com/,2026-09-11
Millan Architects,https://millanarchitects.com,Architecture & Planning,,Northeast,,,info,info@millanarchitects.com,Role-Based,Verified - Published Official Website,Official website,https://millanarchitects.com,2026-09-11
Asher Slaunwhite Partners,https://asparchitects.com,Architecture & Planning,,Northeast,Justin,Nickerson Ra Ncarb,Visualization Manager,inquiries@asparchitects.com,Named,Verified - Published Official Website,Official website,https://asparchitects.com/contact/,2026-09-11
Arch Design Studios,https://archstudios.us,Architecture & Planning,,Northeast,,,shaund,shaund@archstudios.us,Named,Verified - Published Official Website,Official website,https://archstudios.us/contact.php,2026-09-11
Luxe Safes,https://luxesafes.com,Architecture & Planning,,Northeast,Robert,Tompkin,Founder &* CEO,sales@luxesafes.com,Named,Verified - Published Official Website,Official website,https://luxesafes.com,2026-09-11
Kurv Architecture Dpc,https://kurvarchitecture.com,Architecture & Planning,,Northeast,Alexander,Loyer Hughes Aia Ncarb Phi Cphd,Principal,alex@kurvarchitecture.com,Named,Verified - Published Official Website,Official website,https://www.kurvarchitecture.com/,2026-09-11
Dream Collaborative,https://dreamcollaborative.com,Architecture & Planning,,Northeast,,,info,info@dreamcollaborative.com,Role-Based,Verified - Published Official Website,Official website,https://dreamcollaborative.com/contact/,2026-09-11
Bimoffis,https://bimoffis.com,Architecture & Planning,,Northeast,,,contact,contact@bimoffis.com,Role-Based,Verified - Published Official Website,Official website,https://bimoffis.com/contact-us/,2026-09-11
Ben Norkin Architecture,https://bennorkinarchitecture.com,Architecture & Planning,,Northeast,Benjamin,Norkin,Principal,ben@bennorkinarchitecture.com,Named,Verified - Published Official Website,Official website,https://bennorkinarchitecture.com,2026-09-11
Michael Burns Architects,https://michaelburnsarchitects.com,Architecture & Planning,,Northeast,,,info,info@michaelburnsarchitects.com,Role-Based,Verified - Published Official Website,Official website,https://www.michaelburnsarchitects.com/contact,2026-09-11
Place Solutions Group,https://place-solutions.com,Architecture & Planning,,Northeast,Steve,Davies,Principal,sdavies@place-solutions.com,Named,Verified - Published Official Website,Official website,https://www.place-solutions.com/,2026-09-11
Roam Architecture,https://roamarch.com,Architecture & Planning,,Northeast,Roberto,Palmerini,Principal,amy@roamarch.com,Named,Verified - Published Official Website,Official website,https://www.roamarch.com/,2026-09-11
Homestead Window Treatments Of Huntington Station,https://homesteadwindowtreatments.com,Architecture & Planning,,Northeast,Mark,Perel,Owner,hello@homesteadwindowtreatments.com,Named,Verified - Published Official Website,Official website,https://homesteadwindowtreatments.com,2026-09-11
Van Vliet Architecture Design,https://vv-ad.com,Architecture & Planning,,Northeast,Tony,Van Vliet,President & Founder,tonyv@vv-ad.com,Named,Verified - Published Official Website,Official website,https://www.vv-ad.com/about,2026-09-11
Swati Goorha Designs,https://swatigoorha.com,Architecture & Planning,,Northeast,,,info,info@swatigoorha.com,Role-Based,Verified - Published Official Website,Official website,https://swatigoorha.com,2026-09-11
Pk-30 System,https://pk30system.com,Architecture & Planning,,Northeast,,,info,info@pk30system.com,Role-Based,Verified - Published Official Website,Official website,https://www.pk30system.com/contact-pk-30-system/,2026-09-11
Mazinfotech,https://mazinfotech.com,Architecture & Planning,,Northeast,Mazhar,Khan,Founder / BIM Studio leader @ Mazinfotech,mike@mazinfotech.com,Named,Verified - Published Official Website,Official website,https://mazinfotech.com,2026-09-11
Proficient Restoration,https://proficientrest.com,Architecture & Planning,,Northeast,Gil,Mendez,President/ CEO,gil@proficientrest.com,Named,Verified - Published Official Website,Official website,https://proficientrest.com,2026-09-11
Re Design Architects,https://redesignarchitects.com,Architecture & Planning,,Northeast,,,info,info@redesignarchitects.com,Role-Based,Verified - Published Official Website,Official website,https://www.redesignarchitects.com/about,2026-09-11
Inovia Us,https://inoviaus.com,Architecture & Planning,,Northeast,,,hello,hello@inoviaus.com,Named,Verified - Published Official Website,Official website,https://inoviaus.com/contact/,2026-09-11
Aric Gitomer Architect,https://aricgitomerarchitect.com,Architecture & Planning,,Northeast,Aric,Gitomer,Principal,aric@aricgitomerarchitect.com,Named,Verified - Published Official Website,Official website,https://aricgitomerarchitect.com,2026-09-11
Creative Lab 3,https://creativelab3.com,Architecture & Planning,,Northeast,,,info,info@creativelab3.com,Role-Based,Verified - Published Official Website,Official website,https://www.creativelab3.com/,2026-09-11
Funcycled,https://funcycled.com,Architecture & Planning,,Northeast,,,hi,hi@funcycled.com,Named,Verified - Published Official Website,Official website,https://funcycled.com/about/,2026-09-11
Nest Studio,https://neststudiocollection.com,Architecture & Planning,,Northeast,,,info,info@neststudiocollection.com,Role-Based,Verified - Published Official Website,Official website,https://neststudiocollection.com,2026-09-11
John James Architecture,https://johnjamesarchitecture.com,Architecture & Planning,,Northeast,,,contact,contact@johnjamesarchitecture.com,Role-Based,Verified - Published Official Website,Official website,https://www.johnjamesarchitecture.com/about,2026-09-11
Goa,https://goaarchitecture.com,Architecture & Planning,,Northeast,,,info,info@goaarchitecture.com,Role-Based,Verified - Published Official Website,Official website,https://www.goaarchitecture.com/,2026-09-11
Balestri Architects,https://balestriarch.com,Architecture & Planning,,Northeast,,,info,info@balestriarch.com,Role-Based,Verified - Published Official Website,Official website,https://balestriarch.com,2026-09-11
Akm Design Hamptons,https://akmhamptons.com,Architecture & Planning,,Northeast,Andrea,K Marsans,Founder,andrea@akmhamptons.com,Named,Verified - Published Official Website,Official website,https://www.akmhamptons.com/,2026-09-11
Madison Street Build And Design Group,https://madisonstreetdesigns.com,Architecture & Planning,,Northeast,,,info,info@madisonstreetdesigns.com,Role-Based,Verified - Published Official Website,Official website,https://www.madisonstreetdesigns.com/,2026-09-11
Nova,https://novaae.com,Architecture & Planning,,Northeast,Andrew,Ushakov,"Founder, CEO",hello@novaae.com,Named,Verified - Published Official Website,Official website,https://novaae.com/contacts,2026-09-11
Plimalle Associates,https://plimalle.com,Architecture & Planning,,Northeast,,,info,info@plimalle.com,Role-Based,Verified - Published Official Website,Official website,https://www.plimalle.com/contact,2026-09-11
Tpd Architecture,https://tpdarchitecture.com,Architecture & Planning,,Northeast,Robert,Mark Parnes,Owner,tpda@tpdarchitecture.com,Named,Verified - Published Official Website,Official website,https://tpdarchitecture.com,2026-09-11
The Dietz Partnership,https://dietzpartnership.com,Architecture & Planning,,Northeast,,,cdietz,cdietz@dietzpartnership.com,Named,Verified - Published Official Website,Official website,https://www.dietzpartnership.com/,2026-09-11
Lothrop Associates,https://lothropassociates.com,Architecture & Planning,,Northeast,,,info,info@lothropassociates.com,Role-Based,Verified - Published Official Website,Official website,https://lothropassociates.com,2026-09-11
Mbf Drawing & Services,https://mbfdrawing.com,Architecture & Planning,,Northeast,,,info,info@mbfdrawing.com,Role-Based,Verified - Published Official Website,Official website,https://www.mbfdrawing.com,2026-09-11
Toepfer Architecture Pllc,https://toepferarchitecture.com,Architecture & Planning,,Northeast,Bryan,Toepfer Aia Ncarb Capm Ceo,Principal Architect,btoepfer@toepferarchitecture.com,Named,Verified - Published Official Website,Official website,https://toepferarchitecture.com,2026-09-11
Fernando Fisbein Architect,https://fernandofisbein.com,Architecture & Planning,,Northeast,,,info,info@fernandofisbein.com,Role-Based,Verified - Published Official Website,Official website,https://www.fernandofisbein.com/contact,2026-09-11
Pfb Consulting Design Advising,https://pfbcda.com,Architecture & Planning,,Northeast,Peter,Belford,Owner,belford@pfbcda.com,Named,Verified - Published Official Website,Official website,http://pfbcda.com,2026-09-11
Windigo Architecture,https://windigodesign.com,Architecture & Planning,,Northeast,,,info,info@windigodesign.com,Role-Based,Verified - Published Official Website,Official website,https://www.windigodesign.com,2026-09-11
Studio Skiá,https://studioskia.com,Architecture & Planning,,Northeast,,,info,info@studioskia.com,Role-Based,Verified - Published Official Website,Official website,https://www.studioskia.com/contact,2026-09-11
Hunter Hill Interiors,https://hunterhillinteriors.com,Architecture & Planning,,Northeast,,,info,info@hunterhillinteriors.com,Role-Based,Verified - Published Official Website,Official website,https://www.hunterhillinteriors.com/contact,2026-09-11
Vitalia Inc Window Treatments,https://vitaliainc.com,Architecture & Planning,,Northeast,Vita,Vygovska,Owner,vita@vitaliainc.com,Named,Verified - Published Official Website,Official website,https://vitaliainc.com,2026-09-11
Reo Creative Consultancy,https://reoiscreative.com,Architecture & Planning,,Northeast,,,info,info@reoiscreative.com,Role-Based,Verified - Published Official Website,Official website,https://www.reoiscreative.com/contact,2026-09-11
At Five,https://at-five.com,Architecture & Planning,,Northeast,,,info,info@at-five.com,Role-Based,Verified - Published Official Website,Official website,https://at-five.com,2026-09-11
Lmca Design,https://lmarchdesign.com,Architecture & Planning,,Northeast,,,info,info@lmarchdesign.com,Role-Based,Verified - Published Official Website,Official website,https://www.lmarchdesign.com/LMCA-design-contact,2026-09-11
Zelta Design,https://zeltadesign.com,Architecture & Planning,,Northeast,Erik,Liepins,Principal Architect,hello@zeltadesign.com,Named,Verified - Published Official Website,Official website,https://www.zeltadesign.com/,2026-09-11
Frank Architecture Design,https://frankarchitect.com,Architecture & Planning,,Northeast,Elliott,Olson,Principal Owner,eo@frankarchitect.com,Named,Verified - Published Official Website,Official website,https://www.frankarchitect.com/,2026-09-11
Undertone Interiors Residential Painting,https://undertoneinteriors.com,Architecture & Planning,,Northeast,,,dana,dana@undertoneinteriors.com,Named,Verified - Published Official Website,Official website,https://www.undertoneinteriors.com/,2026-09-11
Matz Collaborative Architects,https://matzcollaborative.com,Architecture & Planning,,Northeast,,,info,info@matzcollaborative.com,Role-Based,Verified - Published Official Website,Official website,https://www.matzcollaborative.com/contact,2026-09-11
Bau Land,https://bauland.us,Architecture & Planning,,Northeast,,,info,info@bauland.us,Role-Based,Verified - Published Official Website,Official website,https://bauland.us,2026-09-11
Place Of Assembly,https://placeofassembly.studio,Architecture & Planning,,Northeast,,,info,info@placeofassembly.studio,Role-Based,Verified - Published Official Website,Official website,https://www.placeofassembly.studio/our-contact,2026-09-11
Elements Interior Design Studio,https://elementsinteriors.net,Architecture & Planning,,Northeast,,,elements,elements@elementsinteriors.net,Named,Verified - Published Official Website,Official website,https://www.elementsinteriors.net/,2026-09-11
Nyc Art Installation,https://nycartinstallation.com,Architecture & Planning,,Northeast,,,art,art@nycartinstallation.com,Named,Verified - Published Official Website,Official website,https://nycartinstallation.com,2026-09-11
K. Kelley Design,https://kkelleydesign.com,Architecture & Planning,,Northeast,Kaleigh,Kelley,Principal Designer and Founder,kaleigh@kkelleydesign.com,Named,Verified - Published Official Website,Official website,https://www.kkelleydesign.com/,2026-09-11
Sherman Architects,https://shermanarchitects.com,Architecture & Planning,,Northeast,,,info,info@shermanarchitects.com,Role-Based,Verified - Published Official Website,Official website,https://shermanarchitects.com,2026-09-11
Rhyne Civic Strategies,https://rhyne.llc,Architecture & Planning,,Northeast,,,kennan,kennan@rhyne.llc,Named,Verified - Published Official Website,Official website,https://rhyne.llc,2026-09-11
The Figure Ground Studio,https://thefiguregroundstudio.com,Architecture & Planning,,Northeast,,,info,info@thefiguregroundstudio.com,Role-Based,Verified - Published Official Website,Official website,https://thefiguregroundstudio.com,2026-09-11
Todd Haiman Landscape Design,https://toddhaimanlandscapedesign.com,Architecture & Planning,,Northeast,,,todd,todd@toddhaimanlandscapedesign.com,Named,Verified - Published Official Website,Official website,https://www.toddhaimanlandscapedesign.com/,2026-09-11
E/line Architecture,https://elinellc.com,Architecture & Planning,,Northeast,Eric,Lewis Aia Ncarb,Owner & Architect,elewis@elinellc.com,Named,Verified - Published Official Website,Official website,https://elinellc.com,2026-09-11
Bolt Design Group,https://bolt.build,Architecture & Planning,,Northeast,Matthew,Dennis,Founder / Lead Designer,hello@bolt.build,Named,Verified - Published Official Website,Official website,https://www.bolt.build/,2026-09-11
Raraity,https://raraity.com,Architecture & Planning,,Northeast,Dennis,Mcgovern,"Co-Founder, Strategy and Revenue",hi@raraity.com,Named,Verified - Published Official Website,Official website,https://raraity.com/contact,2026-09-11
Urban X Design,https://urban-x-design.com,Architecture & Planning,,Northeast,Phu,Duong,"Founding Principal | AIA, AICP, LEED AP",hello@urban-x-design.com,Named,Verified - Published Official Website,Official website,https://www.urban-x-design.com/,2026-09-11
Ideal Landscaping,https://ideal-landscaping.com,Architecture & Planning,,Northeast,,,info,info@ideal-landscaping.com,Role-Based,Verified - Published Official Website,Official website,https://www.ideal-landscaping.com/home,2026-09-11
Trapani Architects,https://trapaniarchitects.com,Architecture & Planning,,Northeast,,,rberry,rberry@trapaniarchitects.com,Named,Verified - Published Official Website,Official website,https://trapaniarchitects.com,2026-09-11
Design Alternatives,https://designalternatives.com,Architecture & Planning,,Northeast,Carrie,Fusella,Founder and Advisor,hello@designalternatives.com,Named,Verified - Published Official Website,Official website,https://designalternatives.com,2026-09-11
Batliboi Studio / Architecture Design,https://batliboi.studio,Architecture & Planning,,Northeast,Hormuz,Batliboi Aia Noma Ncarb,Principal Architect,hello@batliboi.studio,Named,Verified - Published Official Website,Official website,https://www.batliboi.studio/,2026-09-11
Sarika Bajoria Unlimited,https://sarikabajoria.com,Architecture & Planning,,Northeast,,,unlimited,unlimited@sarikabajoria.com,Named,Verified - Published Official Website,Official website,https://sarikabajoria.com,2026-09-11
Blejer Architecture,https://blejerarch.com,Architecture & Planning,,Northeast,Justin,Blejer,Principal,justin@blejerarch.com,Named,Verified - Published Official Website,Official website,https://blejerarch.com,2026-09-11
Donovan Architects,https://donovanarchitects.com,Architecture & Planning,,Northeast,,,hr,hr@donovanarchitects.com,Named,Verified - Published Official Website,Official website,https://donovanarchitects.com,2026-09-11
Schildr Global,https://schildr.com,Architecture & Planning,,Northeast,,,info,info@schildr.com,Role-Based,Verified - Published Official Website,Official website,https://schildr.com/contact,2026-09-11
Eric Dillman Designs,https://apple.com,Architecture & Planning,,Northeast,John,Joseph,Director - eBusiness Services,media.help@apple.com,Named,Verified - Published Official Website,Official website,https://www.apple.com/leadership/,2026-09-11
Gds Architectural Signage Solutions,https://gdssigns.com,Architecture & Planning,,Northeast,,,info,info@gdssigns.com,Role-Based,Verified - Published Official Website,Official website,https://www.gdssigns.com/,2026-09-11
Bo Lee Architects,https://boleearchitects.com,Architecture & Planning,,Northeast,,,info,info@boleearchitects.com,Role-Based,Verified - Published Official Website,Official website,https://www.boleearchitects.com/contact,2026-09-11
Empire City Consultants,https://nycecc.com,Architecture & Planning,,Northeast,,,info,info@nycecc.com,Role-Based,Verified - Published Official Website,Official website,https://nycecc.com,2026-09-11
4plus Designs,https://4plus.design,Architecture & Planning,,Northeast,,,info,info@4plus.design,Role-Based,Verified - Published Official Website,Official website,https://www.4plus.design/contact,2026-09-11
Fish Design And Architecture,https://fishdesignlab.com,Architecture & Planning,,Northeast,,,info,info@fishdesignlab.com,Role-Based,Verified - Published Official Website,Official website,https://www.fishdesignlab.com/,2026-09-11
Gutvann Architecture,https://gutvann.com,Architecture & Planning,,Northeast,,,office,office@gutvann.com,Role-Based,Verified - Published Official Website,Official website,https://www.gutvann.com/,2026-09-11
Gora Decoration,https://goradecoration.com,Architecture & Planning,,Northeast,,,contact,contact@goradecoration.com,Role-Based,Verified - Published Official Website,Official website,https://goradecoration.com,2026-09-11
Stollar Fearins Welch,https://studiosfw.com,Architecture & Planning,,Northeast,Erin,Fearins,Partner,thomas@studiosfw.com,Named,Verified - Published Official Website,Official website,https://www.studiosfw.com/about,2026-09-11
Coral Cast Architectural Stone,https://coralcast.com,Architecture & Planning,,Northeast,Joe,Mardene,Owner,sales@coralcast.com,Named,Verified - Published Official Website,Official website,https://www.coralcast.com/contact-us/,2026-09-11
Hopewell Design Shop,https://hopewelldesignshop.com,Architecture & Planning,,Northeast,,,pat,pat@hopewelldesignshop.com,Named,Verified - Published Official Website,Official website,https://www.hopewelldesignshop.com/,2026-09-11
The Adams Design Group,https://the-adg.com,Architecture & Planning,,Northeast,,,info,info@the-adg.com,Role-Based,Verified - Published Official Website,Official website,http://the-adg.com,2026-09-11
Hd2,https://hd2design.com,Architecture & Planning,,Northeast,,,hd2,hd2@hd2design.com,Named,Verified - Published Official Website,Official website,https://hd2design.com,2026-09-11
Bd Engineering,https://bd-engineering.com,Architecture & Planning,,Northeast,,,engineers,engineers@bd-engineering.com,Named,Verified - Published Official Website,Official website,https://bd-engineering.com/contact/,2026-09-11
Bawn Projects,https://bawnprojects.com,Architecture & Planning,,Northeast,,,info,info@bawnprojects.com,Role-Based,Verified - Published Official Website,Official website,https://www.bawnprojects.com/contact,2026-09-11
Khanna Schultz Architecture And Design Dpc,https://khanna-schultz.com,Architecture & Planning,,Northeast,,,info,info@khanna-schultz.com,Role-Based,Verified - Published Official Website,Official website,https://www.khanna-schultz.com/,2026-09-11
"Louise Braverman, Architect",https://louisebravermanarch.com,Architecture & Planning,,Northeast,,,studio,studio@louisebravermanarch.com,Named,Verified - Published Official Website,Official website,https://louisebravermanarch.com/contact-us/,2026-09-11
Guardian Construction,https://guardiangc.net,Construction,,Mountain,,,contact,contact@guardiangc.net,Role-Based,Verified - Published Official Website,Official website,https://guardiangc.net,2026-09-11
Old Alt New,https://oldaltnew.com,Architecture & Planning,,Mountain,,,stewart,stewart@oldaltnew.com,Named,Verified - Published Official Website,Official website,https://www.oldaltnew.com/,2026-09-11
Hutton Builder Pros,https://huttonbuilders.net,Construction,,Mountain,Josh,Hutton,Chief Executive Officer,strategies@huttonbuilders.net,Named,Verified - Published Official Website,Official website,https://huttonbuilders.net,2026-09-11
New Earth Residential,https://newearthres.com,Real Estate,,Mountain,,,info,info@newearthres.com,Role-Based,Verified - Published Official Website,Official website,https://newearthres.com,2026-09-11
Alpine Visual,https://alpinevisual.com,Architecture & Planning,,Mountain,,,info,info@alpinevisual.com,Role-Based,Verified - Published Official Website,Official website,https://www.alpinevisual.com/,2026-09-11
Wetherbee Drywall,https://bigredw.com,Construction,,Mountain,,,info,info@bigredw.com,Role-Based,Verified - Published Official Website,Official website,https://bigredw.com,2026-09-11
Pro Painting Services,https://propaintingsrvc.com,Construction,,Mountain,,,office,office@propaintingsrvc.com,Role-Based,Verified - Published Official Website,Official website,https://propaintingsrvc.com/contact-us,2026-09-11
Rhap Architecture Planning,https://rhaparch.com,Architecture & Planning,,Mountain,,,dan,dan@rhaparch.com,Named,Verified - Published Official Website,Official website,https://www.rhaparch.com/,2026-09-11
Apex Usa,https://apexusallc.com,Construction,,Mountain,,,r dominguez,r.dominguez@apexusallc.com,Named,Verified - Published Official Website,Official website,https://www.apexusallc.com/,2026-09-11
Daley Architecture,https://daleyarchitecture.com,Architecture & Planning,,Mountain,,,lauren,lauren@daleyarchitecture.com,Named,Verified - Published Official Website,Official website,https://www.daleyarchitecture.com/,2026-09-11
Evans Construction,https://evansconstruction.com,Construction,,Mountain,,,info,info@evansconstruction.com,Role-Based,Verified - Published Official Website,Official website,https://evansconstruction.com,2026-09-11
Western Construction Of Lewiston,https://wcilewiston.com,Construction,,Mountain,Daniel,Rudolph,Chief Executive Officer,case@wcilewiston.com,Named,Verified - Published Official Website,Official website,https://wcilewiston.com,2026-09-11
Bcc Construction Group,https://gobcc.com,Construction,,Mountain,,,info,info@gobcc.com,Role-Based,Verified - Published Official Website,Official website,https://www.gobcc.com/,2026-09-11
Zaga Design Group,https://zagadesigngroup.com,Architecture & Planning,,Mountain,,,info,info@zagadesigngroup.com,Role-Based,Verified - Published Official Website,Official website,https://www.zagadesigngroup.com/,2026-09-11
R-w Purchasing Partners,https://rwpurchasing.com,Hospitality,,Mountain,,,info,info@rwpurchasing.com,Role-Based,Verified - Published Official Website,Official website,https://rwpurchasing.com,2026-09-11
3d Data Pro,https://3ddatapro.com,Architecture & Planning,,Mountain,,,info,info@3ddatapro.com,Role-Based,Verified - Published Official Website,Official website,https://3ddatapro.com/contact,2026-09-11
Damn Good Interiors,https://damngoodinteriors.com,Architecture & Planning,,Mountain,,,hello,hello@damngoodinteriors.com,Named,Verified - Published Official Website,Official website,https://damngoodinteriors.com,2026-09-11
Ironstone,https://ironstone-cre.com,Real Estate,,Mountain,Craig,Bustos,Managing Partner,craig@ironstone-cre.com,Named,Verified - Published Official Website,Official website,https://www.ironstone-cre.com/contact,2026-09-11
Innovate Commercial Real Estate,https://innovate-cre.com,Real Estate,,Mountain,Charlie,Cummings,Founder & Managing Broker,charlie@innovate-cre.com,Named,Verified - Published Official Website,Official website,https://innovate-cre.com/about,2026-09-11
Smy3 Engineering Solutions Pvt.,https://smy3engg.com,Construction,,Mountain,,,info,info@smy3engg.com,Role-Based,Verified - Published Official Website,Official website,https://smy3engg.com/contact.html,2026-09-11
Dynamic National,https://dynamicnational.com,Construction,,Mountain,Trevor,Phillips,Senior Vice President,jason.wheeler@dynamicnational.com,Named,Verified - Published Official Website,Official website,https://dynamicnational.com,2026-09-11
Vision Design Build,https://vision-db.com,Architecture & Planning,,Mountain,,,info,info@vision-db.com,Role-Based,Verified - Published Official Website,Official website,https://www.vision-db.com/ourstory,2026-09-11
Summit Commercial Real Estate Group,https://summitcreg.com,Real Estate,,Mountain,Julie,Kissler,Associate Director,marketing@summitcreg.com,Named,Verified - Published Official Website,Official website,https://summitcreg.com,2026-09-11
The Homelinq Group,https://usajrealty.com,Real Estate,,Mountain,,,info,info@usajrealty.com,Role-Based,Verified - Published Official Website,Official website,https://usajrealty.com,2026-09-11
Blaser Ventures,https://blaser-ventures.com,Real Estate,,Mountain,,,info,info@blaser-ventures.com,Role-Based,Verified - Published Official Website,Official website,https://www.blaser-ventures.com/contact,2026-09-11
Engineered Environments,https://eenvironments.net,Construction,,Mountain,,,contact,contact@eenvironments.net,Role-Based,Verified - Published Official Website,Official website,https://eenvironments.net/contact-us,2026-09-11
Commercial Property Maintenance,https://commercialpropertymaint.com,Construction,,Mountain,,,info,info@commercialpropertymaint.com,Role-Based,Verified - Published Official Website,Official website,https://commercialpropertymaint.com/contact-us/,2026-09-11
Ecc Exteriors,https://ecc-exteriors.com,Construction,,Mountain,Scott,Anundsen,Vice President Operations,service@ecc-exteriors.com,Named,Verified - Published Official Website,Official website,https://ecc-exteriors.com,2026-09-11
Lantz Boggio / Architects,https://lantz-boggio.com,Architecture & Planning,,Mountain,,,info,info@lantz-boggio.com,Role-Based,Verified - Published Official Website,Official website,https://www.lantz-boggio.com/,2026-09-11
Geneva Rock Development,https://genevarockdevelopment.com,Real Estate,,Mountain,,,info,info@genevarockdevelopment.com,Role-Based,Verified - Published Official Website,Official website,https://www.genevarockdevelopment.com/contact-us,2026-09-11
Dalcon,https://dalcon-inc.com,Construction,,Mountain,,,info,info@dalcon-inc.com,Role-Based,Verified - Published Official Website,Official website,https://www.dalcon-inc.com/,2026-09-11
Case International Company,https://casecompany.com,Real Estate,,Mountain,,,ryan,ryan@casecompany.com,Named,Verified - Published Official Website,Official website,https://www.casecompany.com/staff,2026-09-11
Rocky Mountain Steel,https://rockymountainsteelinc.com,Construction,,Mountain,,,info,info@rockymountainsteelinc.com,Role-Based,Verified - Published Official Website,Official website,https://rockymountainsteelinc.com,2026-09-11
Studio Architects,https://studioarchitects.net,Architecture & Planning,,Mountain,Leah,Shute,Principal Architect,studio@studioarchitects.net,Named,Verified - Published Official Website,Official website,https://studioarchitects.net,2026-09-11
Sonray Enterprises,https://sonrayenterprises.com,Construction,,Mountain,,,bids,bids@sonrayenterprises.com,Role-Based,Verified - Published Official Website,Official website,https://www.sonrayenterprises.com/,2026-09-11
Pioneer Home Solutions,https://pioneerhome.solutions,Construction,,Mountain,,,info,info@pioneerhome.solutions,Role-Based,Verified - Published Official Website,Official website,https://pioneerhome.solutions,2026-09-11
Lta Architects,https://ltaarchitects.com,Architecture & Planning,,Mountain,,,info,info@ltaarchitects.com,Role-Based,Verified - Published Official Website,Official website,https://ltaarchitects.com,2026-09-11
Workbay,https://workbay.com,Real Estate,,Mountain,Ammon,Macpherson,SDR Team Lead,lford@workbay.com,Named,Verified - Published Official Website,Official website,https://workbay.com/about-us/,2026-09-11
Zimano Consulting Group,https://zimano.net,Construction,,Mountain,,,info,info@zimano.net,Role-Based,Verified - Published Official Website,Official website,https://www.zimano.net/contact-us,2026-09-11
The Water Valley Company,https://thewatervalleycompany.com,Hospitality,,Mountain,,,info,info@thewatervalleycompany.com,Role-Based,Verified - Published Official Website,Official website,https://thewatervalleycompany.com/contact/,2026-09-11
Points West Design Works,https://pointswestdesign.com,Architecture & Planning,,Mountain,,,info,info@pointswestdesign.com,Role-Based,Verified - Published Official Website,Official website,https://www.pointswestdesign.com/,2026-09-11
Intermountain Commercial Real Estate,https://icreboise.com,Real Estate,,Mountain,,,assistant,assistant@icreboise.com,Named,Verified - Published Official Website,Official website,https://www.icreboise.com/,2026-09-11
Surge Development,https://surgeig.com,Real Estate,,Mountain,,,info,info@surgeig.com,Role-Based,Verified - Published Official Website,Official website,https://surgeig.com/about/,2026-09-11
Nesbitt Development,https://nesbittdevelopment.com,Real Estate,,Mountain,Eric,Nesbitt Esq Ccim,Principal,shannon@nesbittdevelopment.com,Named,Verified - Published Official Website,Official website,https://nesbittdevelopment.com,2026-09-11
Studio Cms Architects,https://cms.studio,Architecture & Planning,,Mountain,,,info,info@cms.studio,Role-Based,Verified - Published Official Website,Official website,https://www.cms.studio/,2026-09-11
Studio Archer,https://studioarcher.com,Architecture & Planning,,Mountain,,,hello,hello@studioarcher.com,Named,Verified - Published Official Website,Official website,https://www.studioarcher.com/contact,2026-09-11
Schrock Construction,https://schrockinc.com,Construction,,Mountain,,,admin,admin@schrockinc.com,Role-Based,Verified - Published Official Website,Official website,https://schrockinc.com/contact/,2026-09-11
Robert Sonntag Architect,https://robertsonntag.com,Architecture & Planning,,Mountain,,,info,info@robertsonntag.com,Role-Based,Verified - Published Official Website,Official website,https://robertsonntag.com,2026-09-11
Lewis Structures,https://lewisstructuresinc.com,Construction,,Mountain,James,Lewis,Vice-President,jim@lewisstructuresinc.com,Named,Verified - Published Official Website,Official website,https://www.lewisstructuresinc.com/contact-info/,2026-09-11
Palmer Architecture,https://palmer-arch.com,Architecture & Planning,,Mountain,,,glen,glen@palmer-arch.com,Named,Verified - Published Official Website,Official website,https://palmer-arch.com,2026-09-11
Intermountain Construction,https://intermountainconstructioninc.com,Construction,,Mountain,,,togden,togden@intermountainconstructioninc.com,Named,Verified - Published Official Website,Official website,https://www.intermountainconstructioninc.com/contact,2026-09-11
Spier Electric,https://spierelectric.com,Construction,,Mountain,,,contact,contact@spierelectric.com,Role-Based,Verified - Published Official Website,Official website,https://spierelectric.com,2026-09-11
Bt Construction & Wall Systems,https://bt-cd.com,Construction,,Mountain,,,office,office@bt-cd.com,Role-Based,Verified - Published Official Website,Official website,https://bt-cd.com,2026-09-11
Altitude Construction Supply,https://altitude-supply.com,Construction,,Mountain,,,hello,hello@altitude-supply.com,Named,Verified - Published Official Website,Official website,https://www.altitude-supply.com/about,2026-09-11
Colorado National Construction Corp,https://coloradonationalconstruction.com,Construction,,Mountain,,,info,info@coloradonationalconstruction.com,Role-Based,Verified - Published Official Website,Official website,https://www.coloradonationalconstruction.com/contact,2026-09-11
Y Zero Building Resilience,https://yzeroinfo.com,Real Estate,,Mountain,Bob,Boyle,Managing Director,reboyle@yzeroinfo.com,Named,Verified - Published Official Website,Official website,https://www.yzeroinfo.com/team,2026-09-11
Thad Layton Design,https://thadlaytondesign.com,Hospitality,,Mountain,,,thad,thad@thadlaytondesign.com,Named,Verified - Published Official Website,Official website,https://thadlaytondesign.com/contact/,2026-09-11
Wetworks Pool And Spa,https://wetworkspoolandspa.com,Construction,,Mountain,,,office,office@wetworkspoolandspa.com,Role-Based,Verified - Published Official Website,Official website,https://www.wetworkspoolandspa.com/,2026-09-11
Bear Peak Development,https://bearpeakdev.com,Real Estate,,Mountain,Nick,Larson,Principal,nick@bearpeakdev.com,Named,Verified - Published Official Website,Official website,https://www.bearpeakdev.com/,2026-09-11
Select Building Group Commercial,https://sbg-commercial.com,Construction,,Mountain,Brandon,Bergholz,President,csacco@sbg-commercial.com,Named,Verified - Published Official Website,Official website,https://sbg-commercial.com,2026-09-11
Ascent Real Estate Partners,https://ascentrep.com,Real Estate,,Mountain,,,contact,contact@ascentrep.com,Role-Based,Verified - Published Official Website,Official website,https://www.ascentrep.com/ourteam,2026-09-11
A2z Builders,https://a2zbuilders.com,Construction,,Mountain,Megiddeh,megan Goldston,Chief Operating Officer,scheduling@a2zbuilders.com,Named,Verified - Published Official Website,Official website,https://www.a2zbuilders.com/,2026-09-11
Price Real Estate,https://pricere.com,Real Estate,,Mountain,,,info,info@pricere.com,Role-Based,Verified - Published Official Website,Official website,https://pricere.com,2026-09-11
Marine Diving Solutions,https://marinedivingsolutions.com,Construction,,Mountain,,,branding,branding@marinedivingsolutions.com,Named,Verified - Published Official Website,Official website,https://marinedivingsolutions.com,2026-09-11
Colorado Homes & Estates,https://coloradohomesandestates.com,Real Estate,,Mountain,,,robert,robert@coloradohomesandestates.com,Named,Verified - Published Official Website,Official website,https://www.coloradohomesandestates.com/,2026-09-11
Presidio Commercial Real Estate,https://presidio-commercial.com,Real Estate,,Mountain,,,info,info@presidio-commercial.com,Role-Based,Verified - Published Official Website,Official website,https://presidio-commercial.com,2026-09-11
Tally Ho Construction Inc,https://tallyhoconstruction.com,Construction,,Mountain,,,katie,katie@tallyhoconstruction.com,Named,Verified - Published Official Website,Official website,https://tallyhoconstruction.com,2026-09-11
Lone Mountain Land Company,https://lonemountainland.com,Hospitality,,Mountain,,,info,info@lonemountainland.com,Role-Based,Verified - Published Official Website,Official website,https://www.lonemountainland.com/,2026-09-11
Rfv Architects,https://rfvarchitects.com,Architecture & Planning,,Mountain,,,contact,contact@rfvarchitects.com,Role-Based,Verified - Published Official Website,Official website,https://www.rfvarchitects.com/contact,2026-09-11
Jackson Infrastructure Services,https://jacksonis.com,Construction,,Mountain,,,info,info@jacksonis.com,Role-Based,Verified - Published Official Website,Official website,https://jacksonis.com,2026-09-11
Mesa Bridge Capital,https://mesabridgecapital.com,Real Estate,,Mountain,,,info,info@mesabridgecapital.com,Role-Based,Verified - Published Official Website,Official website,https://www.mesabridgecapital.com/contact,2026-09-11
Circular Builds,https://circularbuilds.com,Real Estate,,Mountain,,,info,info@circularbuilds.com,Role-Based,Verified - Published Official Website,Official website,https://www.circularbuilds.com/,2026-09-11
Haley Haines Design,https://haleyhainesdesign.com,Architecture & Planning,,Mountain,Haley,Haines,"Founder, CEO, Director, Interior Designer",hello@haleyhainesdesign.com,Named,Verified - Published Official Website,Official website,https://www.haleyhainesdesign.com/about,2026-09-11
Echo Company Constructors,https://echocompanyusa.com,Construction,,Mountain,,,info,info@echocompanyusa.com,Role-Based,Verified - Published Official Website,Official website,https://echocompanyusa.com,2026-09-11
Rog & Wilco,https://rogandwilco.com,Real Estate,,Mountain,,,admin,admin@rogandwilco.com,Role-Based,Verified - Published Official Website,Official website,https://www.rogandwilco.com/,2026-09-11
Ivers Design,https://iversdesign.com,Architecture & Planning,,Mountain,Luke,Ivers Aia Ncarb Leed Green Associate,Owner,luke@iversdesign.com,Named,Verified - Published Official Website,Official website,http://iversdesign.com,2026-09-11
Division 7 Construction,https://division7ci.com,Construction,,Mountain,Shane,Shaddox,President,contact-us@division7ci.com,Named,Verified - Published Official Website,Official website,https://division7ci.com,2026-09-11
Blur Designs,https://b-l-u-r.com,Architecture & Planning,,Mountain,,,becca,becca@b-l-u-r.com,Named,Verified - Published Official Website,Official website,https://b-l-u-r.com/contact,2026-09-11
Augusta Mortgage Inc,https://lenderforlife.org,Real Estate,,Mountain,,,info,info@lenderforlife.org,Role-Based,Verified - Published Official Website,Official website,https://www.lenderforlife.org/,2026-09-11
Two18 Construction,https://two18construction.com,Construction,,Mountain,Rj,Molitor,Founder,sales@two18construction.com,Named,Verified - Published Official Website,Official website,https://www.two18construction.com/,2026-09-11
Luna Capital Funding,https://lunacapitalfunding.com,Real Estate,,Mountain,,,info,info@lunacapitalfunding.com,Role-Based,Verified - Published Official Website,Official website,https://www.lunacapitalfunding.com/contact,2026-09-11
Oneta Design,https://onetadesign.com,Architecture & Planning,,Mountain,,,leila,leila@onetadesign.com,Named,Verified - Published Official Website,Official website,https://onetadesign.com,2026-09-11
Elm Construction,https://elmconstruction.co,Construction,,Mountain,,,info,info@elmconstruction.co,Role-Based,Verified - Published Official Website,Official website,https://elmconstruction.co,2026-09-11
Go Painting,https://gopainting.com,Construction,,Mountain,Kevin,Reyes,Business Owner,jeff@gopainting.com,Named,Verified - Published Official Website,Official website,https://gopainting.com,2026-09-11
Ridgeview Development Group,https://ridgeviewdevelopment.com,Real Estate,,Mountain,,,info,info@ridgeviewdevelopment.com,Role-Based,Verified - Published Official Website,Official website,https://www.ridgeviewdevelopment.com/team,2026-09-11
Legends Studio Architecture,https://legendsstudio.com,Architecture & Planning,,Mountain,,,info,info@legendsstudio.com,Role-Based,Verified - Published Official Website,Official website,https://legendsstudio.com,2026-09-11
Turn-key Workplace Solutions,https://tkworkplacesolutions.com,Construction,,Mountain,Derec,Barajas,Founder,derec@tkworkplacesolutions.com,Named,Verified - Published Official Website,Official website,https://www.tkworkplace.com/,2026-09-11
Elevate Equity Group,https://elevateequitygroup.com,Real Estate,,Mountain,,,contact,contact@elevateequitygroup.com,Role-Based,Verified - Published Official Website,Official website,https://elevateequitygroup.com,2026-09-11
Tailwater Development,https://tailwaterdev.com,Real Estate,,Mountain,Blake,Jumper,Managing Director,blake@tailwaterdev.com,Named,Verified - Published Official Website,Official website,https://www.tailwaterdev.com/,2026-09-11
Iron Mike Construction,https://ironmikeconstruction.com,Construction,,Mountain,Patrick,Smith,Operations Manager,myaggi@ironmikeconstruction.com,Named,Verified - Published Official Website,Official website,http://ironmikeconstruction.com/contact-us/,2026-09-11
Pst Property Solutions Team,https://pstgo.com,Construction,,Mountain,,,go,go@pstgo.com,Named,Verified - Published Official Website,Official website,https://www.pstgo.com/,2026-09-11
Outback Fencing Inc,https://outbackfencing.com,Construction,,Mountain,,,rusty,rusty@outbackfencing.com,Named,Verified - Published Official Website,Official website,https://www.outbackfencing.com/,2026-09-11
Mkco Construction,https://mkcobuild.com,Construction,,Mountain,,,office,office@mkcobuild.com,Role-Based,Verified - Published Official Website,Official website,https://mkcobuild.com,2026-09-11
Sekisui House U.s.,https://shus.com,Construction,,Mountain,Will,Franks Mba Shrm-scp Ccp,Director of Total Rewards,communications@shus.com,Named,Verified - Published Official Website,Official website,https://www.shus.com/,2026-09-11
"North Peak, Inc",https://northpeakconstruction.com,Construction,,Mountain,,,info,info@northpeakconstruction.com,Role-Based,Verified - Published Official Website,Official website,https://northpeakconstruction.com,2026-09-11
Schmitz Design-build,https://schmitzdb.com,Construction,,Mountain,,,contact,contact@schmitzdb.com,Role-Based,Verified - Published Official Website,Official website,https://www.schmitzdb.com/about,2026-09-11
Energy Home Improvements,https://energyhomeimprovements.com,Real Estate,,Mountain,,,office,office@energyhomeimprovements.com,Role-Based,Verified - Published Official Website,Official website,https://energyhomeimprovements.com,2026-09-11
Bastion Builders,https://bastionbuilders.com,Construction,,Mountain,,,sales,sales@bastionbuilders.com,Named,Verified - Published Official Website,Official website,https://www.bastionbuilders.com/contact-9,2026-09-11
Maves Construction,https://mavesinc.com,Construction,,Mountain,,,info,info@mavesinc.com,Role-Based,Verified - Published Official Website,Official website,https://www.mavesinc.com/,2026-09-11
Stack Storage,https://stackwithus.com,Real Estate,,Mountain,,,info,info@stackwithus.com,Role-Based,Verified - Published Official Website,Official website,https://stackwithus.com/contact/,2026-09-11
Quick Headers,https://quickheaders.com,Construction,,Mountain,,,info,info@quickheaders.com,Role-Based,Verified - Published Official Website,Official website,https://www.quickheaders.com/,2026-09-11
Turner Morris Commercial Roofing,https://turnermorris.com,Construction,,Mountain,,,info,info@turnermorris.com,Role-Based,Verified - Published Official Website,Official website,https://www.turnermorris.com/,2026-09-11
White Development,https://white-dev.com,Real Estate,,Mountain,,,info,info@white-dev.com,Role-Based,Verified - Published Official Website,Official website,https://www.white-dev.com/,2026-09-11
Bristlecone Construction,https://bristleconeconstruction.com,Construction,,Mountain,,,info,info@bristleconeconstruction.com,Role-Based,Verified - Published Official Website,Official website,https://bristleconeconstruction.com,2026-09-11
Premierpro Roofing Painting Renovating,https://premierproserv.com,Construction,,Mountain,,,info,info@premierproserv.com,Role-Based,Verified - Published Official Website,Official website,https://premierproserv.com,2026-09-11
As-built/co,https://asbuiltco.com,Architecture & Planning,,Mountain,,,info,info@asbuiltco.com,Role-Based,Verified - Published Official Website,Official website,https://www.asbuiltco.com/,2026-09-11
D&l Electric Controls Company,https://dandlcontrols.com,Construction,,Mountain,,,derek,derek@dandlcontrols.com,Named,Verified - Published Official Website,Official website,https://dandlcontrols.com/,2026-09-11
Ring On Hook,https://ringonhook.com,Hospitality,,Mountain,,,info,info@ringonhook.com,Role-Based,Verified - Published Official Website,Official website,https://www.ringonhook.com/,2026-09-11
Lefort Built,https://lefortbuilt.com,Construction,,Mountain,,,info,info@lefortbuilt.com,Role-Based,Verified - Published Official Website,Official website,https://lefortbuilt.com,2026-09-11
Above & Below Concrete & Construction,https://aboveandbelowco.com,Construction,,Mountain,,,andrew,andrew@aboveandbelowco.com,Named,Verified - Published Official Website,Official website,https://aboveandbelowco.com,2026-09-11
Adept Building Solutions,https://adeptbuildingsolutions.com,Construction,,Mountain,,,admin,admin@adeptbuildingsolutions.com,Role-Based,Verified - Published Official Website,Official website,https://adeptbuildingsolutions.com,2026-09-11
Specialty Construction Consulting,https://zerscc.com,Construction,,Mountain,,,sean,sean@zerscc.com,Named,Verified - Published Official Website,Official website,https://zerscc.com,2026-09-11
Frederico Outdoor Living,https://fredericooutdoor.com,Construction,,Mountain,Adam,Frederico,Owner and President,hello@fredericooutdoor.com,Named,Verified - Published Official Website,Official website,https://fredericooutdoor.com,2026-09-11
Zima Landscapes,https://zimalandscapes.com,Construction,,Mountain,,,diego,diego@zimalandscapes.com,Named,Verified - Published Official Website,Official website,https://www.zimalandscapes.com/zima/,2026-09-11
Pellō Development And Management,https://pello.dev,Real Estate,,Mountain,,,info,info@pello.dev,Role-Based,Verified - Published Official Website,Official website,https://www.pello.dev/contact,2026-09-11
Tdf Investment Holdings,https://tdfpartnership.com,Real Estate,,Mountain,,,admin,admin@tdfpartnership.com,Role-Based,Verified - Published Official Website,Official website,https://tdfpartnership.com,2026-09-11
Definition Homes,https://definitionluxury.com,Construction,,Mountain,,,info,info@definitionluxury.com,Role-Based,Verified - Published Official Website,Official website,https://www.definitionluxury.com/,2026-09-11
Abs Rents,https://absrents.com,Construction,,Mountain,,,info,info@absrents.com,Role-Based,Verified - Published Official Website,Official website,https://www.absrents.com/,2026-09-11
Homeland.com,https://homeland.com,Real Estate,,Mountain,Mike,Swisher,Chief Executive Officer,service@homeland.com,Named,Verified - Published Official Website,Official website,https://homeland.com,2026-09-11
Rooftek,https://rooftek.com,Construction,,Mountain,Jake,Ackerman,"Owner at RoofTek, LLC",jake@rooftek.com,Named,Verified - Published Official Website,Official website,https://rooftek.com,2026-09-11
Three Brothers,https://threebrothersllc.com,Real Estate,,Mountain,,,kscherer,kscherer@threebrothersllc.com,Named,Verified - Published Official Website,Official website,https://www.threebrothersllc.com/,2026-09-11
Northpoint Builders,https://npbinc.com,Construction,,Mountain,,,info,info@npbinc.com,Role-Based,Verified - Published Official Website,Official website,https://www.northpointbuilders.com/,2026-09-11
Eco Roof And Solar,https://verticalroofingco.com,Construction,,Mountain,Stephen,Mast,Chief Executive Officer,customerservice@verticalroofingco.com,Named,Verified - Published Official Website,Official website,https://verticalroofingco.com,2026-09-11
Hvac Designs Plus,https://hvacdesignsplus.com,Construction,,Mountain,Michael,Lamott,Owner and HVAC Specialist,mike@hvacdesignsplus.com,Named,Verified - Published Official Website,Official website,https://hvacdesignsplus.com,2026-09-11
Johns Lyng Usa,https://johnslyng.com,Construction,,Mountain,Brent,Adamczyk,President,reception@johnslyng.com,Named,Verified - Published Official Website,Official website,https://johnslyng.com/contact/,2026-09-11
Jami Baker Orr Team,https://sellingsoutherncolorado.com,Real Estate,,Mountain,,,info,info@sellingsoutherncolorado.com,Role-Based,Verified - Published Official Website,Official website,https://sellingsoutherncolorado.com/about-the-team-colorado-springs/,2026-09-11
Nlcc,https://nlccboise.com,Construction,,Mountain,,,info,info@nlccboise.com,Role-Based,Verified - Published Official Website,Official website,https://nlccllcprd2.wpenginepowered.com/,2026-09-11
Roxbox Containers,https://roxboxcontainers.com,Construction,,Mountain,,,info,info@roxboxcontainers.com,Role-Based,Verified - Published Official Website,Official website,https://roxboxcontainers.com,2026-09-11
Fort Home,https://fortandhome.com,Real Estate,,Mountain,,,info,info@fortandhome.com,Role-Based,Verified - Published Official Website,Official website,https://www.fortandhome.com/contact?hs_preview=OHTNsece-187535490103,2026-09-11
Ssllc Plumbing,https://ssllc.pro,Construction,,Mountain,,,info,info@ssllc.pro,Role-Based,Verified - Published Official Website,Official website,https://ssllc.pro,2026-09-11
Landworx Montana,https://landworxmontana.com,Construction,,Mountain,,,admin,admin@landworxmontana.com,Role-Based,Verified - Published Official Website,Official website,https://www.landworxmontana.com/,2026-09-11
Wheelhouse Construction,https://wheelhouseconstruction.com,Construction,,Mountain,,,contact,contact@wheelhouseconstruction.com,Role-Based,Verified - Published Official Website,Official website,https://www.wheelhouseconstruction.com/,2026-09-11
Automatic Doors Of Montana,https://automaticdoorsofmontana.com,Construction,,Mountain,,,pat scott,pat_scott@automaticdoorsofmontana.com,Named,Verified - Published Official Website,Official website,https://automaticdoorsofmontana.com,2026-09-11
Ellis Builds,https://ellisbuilds.com,Real Estate,,Mountain,,,info,info@ellisbuilds.com,Role-Based,Verified - Published Official Website,Official website,https://www.ellisbuilds.com/,2026-09-11
Mues Architecture Firm,https://mues.us,Architecture & Planning,,Mountain,,,getintouch,getintouch@mues.us,Named,Verified - Published Official Website,Official website,https://www.mues.us/,2026-09-11
Marcia Sweigert Interiors,https://marciasweigertinteriors.com,Architecture & Planning,,Mountain,,,m,m@marciasweigertinteriors.com,Named,Verified - Published Official Website,Official website,https://marciasweigertinteriors.com/home/contact/,2026-09-11
Jones Construction,https://jonesconstructionmt.com,Construction,,Mountain,,,kbrown,kbrown@jonesconstructionmt.com,Named,Verified - Published Official Website,Official website,https://www.jonesconstructionmt.com/contact-us/,2026-09-11
First Class Construction,https://askfirstclass.com,Construction,,Mountain,,,info,info@askfirstclass.com,Role-Based,Verified - Published Official Website,Official website,https://askfirstclass.com,2026-09-11
Reed Custom Homes,https://reedcustomhomes.com,Construction,,Mountain,,,info,info@reedcustomhomes.com,Role-Based,Verified - Published Official Website,Official website,https://www.reedcustomhomes.com/,2026-09-11
Cardinal Group Real Estate Services,https://cardinalgroup.com,Real Estate,,Mountain,,,info,info@cardinalgroup.com,Role-Based,Verified - Published Official Website,Official website,https://cardinalgroup.com,2026-09-11
Hoskinson Contracting,https://hoskinsoncontracting.com,Construction,,Mountain,,,info,info@hoskinsoncontracting.com,Role-Based,Verified - Published Official Website,Official website,https://www.hoskinsoncontracting.com/contact/,2026-09-11
Paisano Realty,https://paisano.com,Real Estate,,Mountain,,,info,info@paisano.com,Role-Based,Verified - Published Official Website,Official website,https://paisano.com/,2026-09-11
Cole West,https://colewest.com,Real Estate,,Mountain,Darlene,Carter,Chief Executive Officer,hello@colewest.com,Named,Verified - Published Official Website,Official website,https://colewest.com,2026-09-11
Regency Electric,https://regencyelectricinc.com,Construction,,Mountain,,,info,info@regencyelectricinc.com,Role-Based,Verified - Published Official Website,Official website,https://regencyelectricinc.com/our-people/,2026-09-11
Rmi Capital Management,https://aboutrmi.com,Real Estate,,Mountain,,,info,info@aboutrmi.com,Role-Based,Verified - Published Official Website,Official website,https://aboutrmi.com,2026-09-11
Manifest Development,https://manifest.dev,Real Estate,,Mountain,Alec,Myres,Principal,alec@manifest.dev,Named,Verified - Published Official Website,Official website,https://manifest.dev,2026-09-11
Boardwalk Custom Builders,https://boardwalkcustombuilders.com,Construction,,Mountain,,,office,office@boardwalkcustombuilders.com,Role-Based,Verified - Published Official Website,Official website,https://boardwalkcustombuilders.com/about-us/,2026-09-11
C-a Native Constructors,https://canativeco.com,Construction,,Central,,,%20chris,%20chris@canativeco.com,Named,Verified - Published Official Website,Official website,https://canativeco.com,2026-09-11
Living Doors Real Estate,https://rentlivingdoors.com,Real Estate,,Central,,,info,info@rentlivingdoors.com,Role-Based,Verified - Published Official Website,Official website,https://www.rentlivingdoors.com/,2026-09-11
Verma And Associates,https://vermaandassociates.com,Real Estate,,Central,,,admin,admin@vermaandassociates.com,Role-Based,Verified - Published Official Website,Official website,https://vermaandassociates.com,2026-09-11
Advanced Door And Dock Systems,https://advanceddooromaha.com,Construction,,Central,,,info,info@advanceddooromaha.com,Role-Based,Verified - Published Official Website,Official website,https://advanceddooromaha.com,2026-09-11
Mlm Custom Homes And Renovations,https://mlm-inc.com,Real Estate,,Central,,,info,info@mlm-inc.com,Role-Based,Verified - Published Official Website,Official website,https://mlm-inc.com,2026-09-11
Newell Construction A Park & Eleazer Company,https://newellpe.com,Construction,,Central,,,info,info@newellpe.com,Role-Based,Verified - Published Official Website,Official website,https://www.newellpe.com/,2026-09-11
Anzac Developments,https://anzacdevelopments.com,Construction,,Central,,,info,info@anzacdevelopments.com,Role-Based,Verified - Published Official Website,Official website,https://www.anzacdevelopments.com/about,2026-09-11
Murphy Data Center Services,https://murphynet.com,Construction,,Central,,,info,info@murphynet.com,Role-Based,Verified - Published Official Website,Official website,https://murphynet.com/contact/,2026-09-11
Nola Build Construction & Design,https://nolabuild.com,Construction,,Central,,,office,office@nolabuild.com,Role-Based,Verified - Published Official Website,Official website,https://nolabuild.com/about/,2026-09-11
M&m Construction Company,https://m-mnj.com,Construction,,Central,,,bids,bids@m-mnj.com,Role-Based,Verified - Published Official Website,Official website,https://m-mnj.com,2026-09-11
New Orleans Restoration Properties,https://nolarp.com,Real Estate,,Central,,,info,info@nolarp.com,Role-Based,Verified - Published Official Website,Official website,https://nolarp.com,2026-09-11
Flex Design Studio,https://flexdesignstudio.com,Architecture & Planning,,Central,Chris,Berends,Director of Operations,aleks@flexdesignstudio.com,Named,Verified - Published Official Website,Official website,https://www.flexdesignstudio.com/,2026-09-11
Apex Constructors,https://apex-constructors.com,Construction,,Central,,,admin,admin@apex-constructors.com,Role-Based,Verified - Published Official Website,Official website,https://apex-constructors.com,2026-09-11
Epic Construction,https://trustecc.com,Construction,,Central,,,lweaver,lweaver@trustecc.com,Named,Verified - Published Official Website,Official website,https://trustecc.com,2026-09-11
Own Alabama,https://own-alabama.com,Real Estate,,Central,,,contact,contact@own-alabama.com,Role-Based,Verified - Published Official Website,Official website,https://own-alabama.com,2026-09-11
Brotherhood Service Company,https://brotherhoodservice.co,Construction,,Central,,,office,office@brotherhoodservice.co,Role-Based,Verified - Published Official Website,Official website,https://www.brotherhoodservice.co/contact,2026-09-11
Wesley Construction,https://wesleyusa.com,Construction,,Central,,,info,info@wesleyusa.com,Role-Based,Verified - Published Official Website,Official website,https://www.wesleyusa.com/,2026-09-11
Qna Contracting,https://qnacontracting.com,Construction,,Central,,,info,info@qnacontracting.com,Role-Based,Verified - Published Official Website,Official website,https://qnacontracting.com,2026-09-11
Tailor Made Exteriors,https://tailormadeexteriors.com,Construction,,Central,,,info,info@tailormadeexteriors.com,Role-Based,Verified - Published Official Website,Official website,https://tailormadeexteriors.com/contact-us/,2026-09-11
Arc Mechanical Contractors,https://arcmechanical.net,Construction,,Central,,,estimating,estimating@arcmechanical.net,Role-Based,Verified - Published Official Website,Official website,https://arcmechanical.net/about/,2026-09-11
Ihawl,https://ihawl.com,Construction,,Central,,,office,office@ihawl.com,Role-Based,Verified - Published Official Website,Official website,https://www.ihawl.com/,2026-09-11
Echo Contracting,https://echo-contracting.com,Construction,,Central,,,info,info@echo-contracting.com,Role-Based,Verified - Published Official Website,Official website,https://www.echo-contracting.com/,2026-09-11
Toshi Stay,https://toshipartners.com,Hospitality,,Central,,,info,info@toshipartners.com,Role-Based,Verified - Published Official Website,Official website,https://toshipartners.com,2026-09-11
Oliver Construction,https://oliverconstruction.com,Construction,,Central,,,info,info@oliverconstruction.com,Role-Based,Verified - Published Official Website,Official website,https://oliverconstruction.com/contact/,2026-09-11
Prime Masonry,https://prime-masonry.com,Construction,,Central,,,estimating,estimating@prime-masonry.com,Role-Based,Verified - Published Official Website,Official website,https://www.prime-masonry.com/,2026-09-11
G.j. Grewe,https://gjgrewe.com,Commercial Real Estate,,Central,,,info,info@gjgrewe.com,Role-Based,Verified - Published Official Website,Official website,https://gjgrewe.com,2026-09-11
Rand Construction Company,https://randsc.com,Construction,,Central,Bo,Freece,Safety Director,inquiry@randsc.com,Named,Verified - Published Official Website,Official website,https://www.randsc.com/contact,2026-09-11
Keeley Restoration Services,https://keeleyrestoration.com,Construction,,Central,,,contact,contact@keeleyrestoration.com,Role-Based,Verified - Published Official Website,Official website,https://www.keeleyrestoration.com/,2026-09-11
Alvarez Construction Co.,https://alvarezconstruction.com,Real Estate,,Central,Kelly,Willey,President,carlos@alvarezconstruction.com,Named,Verified - Published Official Website,Official website,https://www.alvarezconstruction.com/,2026-09-11
Heck Designworks,https://heckdesignworks.com,Architecture & Planning,,Central,Paul,Heck,Owner / Architect,paulh@heckdesignworks.com,Named,Verified - Published Official Website,Official website,https://www.heckdesignworks.com/contact-us/,2026-09-11
Bostick Landscape Architects,https://bosticklandscapearchitects.com,Architecture & Planning,,Central,,,chad,chad@bosticklandscapearchitects.com,Named,Verified - Published Official Website,Official website,https://bosticklandscapearchitects.com,2026-09-11
Walk Your Plans Oklahoma City,https://walkyourplansokc.com,Architecture & Planning,,Central,,,info,info@walkyourplansokc.com,Role-Based,Verified - Published Official Website,Official website,https://walkyourplansokc.com,2026-09-11
Stag Homes,https://staghomeskc.com,Construction,,Central,Stephen,Spallo,Chief Operating Officer,welcome@staghomeskc.com,Named,Verified - Published Official Website,Official website,https://staghomeskc.com,2026-09-11
Prestressed Concrete Construction,https://preconc.com,Construction,,Central,Brian,Curtis,VP/GM,sales@preconc.com,Named,Verified - Published Official Website,Official website,https://preconc.com/contact-us/,2026-09-11
Rab,https://rabtx.com,Construction,,Central,,,info,info@rabtx.com,Role-Based,Verified - Published Official Website,Official website,https://rabtx.com,2026-09-11
Ironwood Homes,https://ironwoodbuild.com,Real Estate,,Central,,,info,info@ironwoodbuild.com,Role-Based,Verified - Published Official Website,Official website,https://ironwoodbuild.com,2026-09-11
Aog Real Estate,https://aogrealestate.com,Real Estate,,Central,,,amber,amber@aogrealestate.com,Named,Verified - Published Official Website,Official website,https://aogrealestate.com/team,2026-09-11
Cooper Construction Company,https://cooperconstruction.com,Construction,,Central,,,info,info@cooperconstruction.com,Role-Based,Verified - Published Official Website,Official website,https://cooperconstruction.com,2026-09-11
Peak Enterprises,https://peakenterprises.com,Real Estate,,Central,,,info,info@peakenterprises.com,Role-Based,Verified - Published Official Website,Official website,https://peakenterprises.com/contact/,2026-09-11
Metro Construction,https://metro.construction,Construction,,Central,,,info,info@metro.construction,Role-Based,Verified - Published Official Website,Official website,https://metro.construction,2026-09-11
Molzer Development,https://molzerdevelopment.com,Real Estate,,Central,,,info,info@molzerdevelopment.com,Role-Based,Verified - Published Official Website,Official website,https://molzerdevelopment.com,2026-09-11
I.c.e. Contractors,https://icecontractors.net,Construction,,Central,,,info,info@icecontractors.net,Role-Based,Verified - Published Official Website,Official website,https://icecontractors.net/contact-us/,2026-09-11
Oline Construction,https://oline-construction.com,Construction,,Central,,,info,info@oline-construction.com,Role-Based,Verified - Published Official Website,Official website,https://oline-construction.com,2026-09-11
Frontenac Roofing & Construction,https://frontenac.construction,Construction,,Central,,,info,info@frontenac.construction,Role-Based,Verified - Published Official Website,Official website,https://frontenac.construction,2026-09-11
Redbird Roofing & Exteriors,https://redbirdroof.com,Construction,,Central,,,office,office@redbirdroof.com,Role-Based,Verified - Published Official Website,Official website,https://redbirdroof.com,2026-09-11
Wichita Home Works,https://wichitahomeworks.com,Construction,,Central,,,info,info@wichitahomeworks.com,Role-Based,Verified - Published Official Website,Official website,https://wichitahomeworks.com,2026-09-11
Lakescape,https://lakescape.com,Construction,,Central,David,Mcgirt,Company Owner,sales@lakescape.com,Named,Verified - Published Official Website,Official website,https://lakescape.com,2026-09-11
Midsouth Modest,https://midsouthmodest.com,Real Estate,,Central,,,info,info@midsouthmodest.com,Role-Based,Verified - Published Official Website,Official website,https://midsouthmodest.com,2026-09-11
Clements & Associates/architecture,https://clementsarchitects.com,Architecture & Planning,,Central,,,connie,connie@clementsarchitects.com,Named,Verified - Published Official Website,Official website,https://www.clementsarchitects.com/,2026-09-11
Raintight Decks & Rt Construction,https://buildrt.com,Construction,,Central,,,info,info@buildrt.com,Role-Based,Verified - Published Official Website,Official website,https://buildrt.com,2026-09-11
Spartan Building Corporation,https://spartanbuilding.com,Construction,,Central,,,bids,bids@spartanbuilding.com,Role-Based,Verified - Published Official Website,Official website,https://spartanbuilding.com,2026-09-11
Hereford Construction,https://herefordconstruction.net,Construction,,Central,,,info,info@herefordconstruction.net,Role-Based,Verified - Published Official Website,Official website,https://www.herefordconstruction.net/,2026-09-11
Butler Construction Company,https://butlerconstructionllc.com,Construction,,Central,,,chad,chad@butlerconstructionllc.com,Named,Verified - Published Official Website,Official website,https://www.butlerconstructionllc.com/,2026-09-11
Sandbox,https://sandboxbhm.com,Real Estate,,Central,,,tj,tj@sandboxbhm.com,Named,Verified - Published Official Website,Official website,https://sandboxbhm.com,2026-09-11
Innovative Recreation,https://innovative-recreation.com,Construction,,Central,Laura,Kiper,Architect Resource Manager,letsplay@innovative-recreation.com,Named,Verified - Published Official Website,Official website,https://innovative-recreation.com,2026-09-11
Barkley Properties,https://barkleyproperties.com,Real Estate,,Central,,,rent,rent@barkleyproperties.com,Named,Verified - Published Official Website,Official website,https://www.barkleyproperties.com/contact,2026-09-11
Paveconnect,https://paveconnect.com,Construction,,Central,,,info,info@paveconnect.com,Role-Based,Verified - Published Official Website,Official website,https://paveconnect.com,2026-09-11
Hall Brothers Landscaping & Construction,https://hallbrothersllc.com,Construction,,Central,,,brett,brett@hallbrothersllc.com,Named,Verified - Published Official Website,Official website,https://www.hallbrothersllc.com/contact,2026-09-11
Sos Real Estate Investments,https://sosrei.com,Real Estate,,Central,,,info,info@sosrei.com,Role-Based,Verified - Published Official Website,Official website,https://www.sosrei.com/,2026-09-11
Woodsonia Real Estate,https://woodsonia.net,Real Estate,,Central,,,info,info@woodsonia.net,Role-Based,Verified - Published Official Website,Official website,https://woodsonia.net,2026-09-11
Eidson & Associates,https://eidsoninc.com,Construction,,Central,,,admin,admin@eidsoninc.com,Role-Based,Verified - Published Official Website,Official website,https://www.eidsoninc.com/contact-us,2026-09-11
Elevate Property Management,https://elevatecreateco.com,Real Estate,,Central,,,info,info@elevatecreateco.com,Role-Based,Verified - Published Official Website,Official website,https://www.elevatecreateco.com/,2026-09-11
Cochran Construction Company,https://cochranconstructioncompany.com,Construction,,Central,,,mary,mary@cochranconstructioncompany.com,Named,Verified - Published Official Website,Official website,https://www.cochranconstructioncompany.com/,2026-09-11
Koman Group,https://komangroup.com,Real Estate,,Central,,,info,info@komangroup.com,Role-Based,Verified - Published Official Website,Official website,https://komangroup.com,2026-09-11
Artisan Roofing General Contractors,https://artisanroofinginc.com,Construction,,Central,,,info,info@artisanroofinginc.com,Role-Based,Verified - Published Official Website,Official website,https://artisanroofinginc.com/about-us/,2026-09-11
Benham A Haskell Company,https://benham.com,Architecture & Planning,,Central,,,info,info@benham.com,Role-Based,Verified - Published Official Website,Official website,https://www.benham.com/,2026-09-11
The Beulah Company,https://thebeulahco.com,Real Estate,,Central,,,info,info@thebeulahco.com,Role-Based,Verified - Published Official Website,Official website,https://www.thebeulahco.com/,2026-09-11
Phenix City Steel Consultants,https://phenixcitysteel.com,Construction,,Central,Jeremy,Casey,Owner,glenn@phenixcitysteel.com,Named,Verified - Published Official Website,Official website,https://phenixcitysteel.com,2026-09-11
Lightpoint Real Estate Partners,https://lightpointcre.com,Real Estate,,Central,,,info,info@lightpointcre.com,Role-Based,Verified - Published Official Website,Official website,https://www.lightpointcre.com/,2026-09-11
Munn Enterprises,https://munnentllc.com,Construction,,Central,Troy,Munn,Co-Owner,doug@munnentllc.com,Named,Verified - Published Official Website,Official website,https://www.munnentllc.com/,2026-09-11
Thomas D. Wilson Consulting,https://tdwilson.com,Construction,,Central,Thomas,D Wilson,Senior Construction Manager/Consultant | Senior Project Manager/Scheduler | Civil Engineer | Sales,tom@tdwilson.com,Named,Verified - Published Official Website,Official website,https://www.tdwilson.com/,2026-09-11
Jia Communities,https://jiacommunities.com,Real Estate,,Central,Clint,Riggs,Vice President of Construction,jwaters@jiacommunities.com,Named,Verified - Published Official Website,Official website,https://jiacommunities.com,2026-09-11
Rives Construction,https://rives.com,Construction,,Central,,,info,info@rives.com,Role-Based,Verified - Published Official Website,Official website,https://rives.com/contact/,2026-09-11
Bayou Irrigation,https://bayouirrigationinc.com,Construction,,Central,Haze,Durbin,Director Of Preconstruction,haze.durbin@bayouirrigationinc.com,Named,Verified - Published Official Website,Official website,https://bayouirrigationinc.com,2026-09-11
Randy Kufahl,https://foundationks.com,Real Estate,,Central,,,office,office@foundationks.com,Role-Based,Verified - Published Official Website,Official website,https://www.foundationks.com/,2026-09-11
Pc Hardware,https://pdhgroup.com,Construction,,Central,,,estimating,estimating@pdhgroup.com,Role-Based,Verified - Published Official Website,Official website,https://www.pdhgroup.com/,2026-09-11
Pella Concrete Contractors,https://pellaconcretecontractors.com,Construction,,Central,,,randyb,randyb@pellaconcretecontractors.com,Named,Verified - Published Official Website,Official website,https://pellaconcretecontractors.com/contact-us/,2026-09-11
Southeastern Pipeline & Environmental Services,https://sepesgroup.com,Construction,,Central,,,info,info@sepesgroup.com,Role-Based,Verified - Published Official Website,Official website,https://sepesgroup.com,2026-09-11
"Redstone Realty Solutions, Llc.",https://redstonerealtysolutions.com,Real Estate,,Central,,,info,info@redstonerealtysolutions.com,Role-Based,Verified - Published Official Website,Official website,https://redstonerealtysolutions.com,2026-09-11
Jk Construction,https://jkconstructionllc.com,Construction,,Central,,,joe,joe@jkconstructionllc.com,Named,Verified - Published Official Website,Official website,https://www.jkconstructionllc.com/,2026-09-11
Federal Solutions Company,https://federalsolutionscompany.com,Construction,,Central,Nick,Kasik Bcmp Acmp,President,information@federalsolutionscompany.com,Named,Verified - Published Official Website,Official website,https://federalsolutionscompany.com/contact/,2026-09-11
Mcabee Construction,https://mcabeeinc.com,Construction,,Central,Ken,Todd,Vice President Of Construction,jmcabee@mcabeeinc.com,Named,Verified - Published Official Website,Official website,https://mcabeeinc.com/contact/,2026-09-11
Architectural Craftsmen,https://archcraftsmen.com,Real Estate,,Central,Mary,Thompson,Owner,mary@archcraftsmen.com,Named,Verified - Published Official Website,Official website,https://archcraftsmen.com,2026-09-11
Navigate Real Estate,https://navigatenwa.com,Real Estate,,Central,,,info,info@navigatenwa.com,Role-Based,Verified - Published Official Website,Official website,https://www.navigatenwa.com/,2026-09-11
Contractor Growth System,https://contractorgrowthsystem.com,Real Estate,,Central,Ben,Wallace,Owner,team@contractorgrowthsystem.com,Named,Verified - Published Official Website,Official website,https://contractorgrowthsystem.com,2026-09-11
Switchgrass Construction Advisors,https://switchgrassconstructionadvisors.com,Construction,,Central,Jeremy,Niederwerder,Founder & Principal,jeremy@switchgrassconstructionadvisors.com,Named,Verified - Published Official Website,Official website,https://switchgrassconstructionadvisors.com,2026-09-11
Maplewood Homes,https://buildwithmaplewood.com,Construction,,Central,,,info,info@buildwithmaplewood.com,Role-Based,Verified - Published Official Website,Official website,https://buildwithmaplewood.com/about-us/,2026-09-11
Ve Design Management,https://vedesigngroup.com,Architecture & Planning,,Central,,,design,design@vedesigngroup.com,Named,Verified - Published Official Website,Official website,https://www.vedesigngroup.com/,2026-09-11
550 Construction,https://550construction.com,Construction,,Central,,,info,info@550construction.com,Role-Based,Verified - Published Official Website,Official website,https://www.550construction.com/,2026-09-11
Eagle Construction Group,https://looktoeagle.com,Construction,,Central,,,dparry,dparry@looktoeagle.com,Named,Verified - Published Official Website,Official website,https://looktoeagle.com,2026-09-11
H Squared Capital,https://hsquaredcapital.com,Real Estate,,Central,Heath,G Jones Phd,Co-Founder,hutch@hsquaredcapital.com,Named,Verified - Published Official Website,Official website,https://www.hsquaredcapital.com/about,2026-09-11
Brushpoint,https://brushpoint.org,Hospitality,,Central,,,info,info@brushpoint.org,Role-Based,Verified - Published Official Website,Official website,https://brushpoint.org,2026-09-11
Intrinsic Development,https://intrinsicdevelopment.com,Real Estate,,Central,,,info,info@intrinsicdevelopment.com,Role-Based,Verified - Published Official Website,Official website,https://www.intrinsicdevelopment.com/contact,2026-09-11
Delk Construction Company,https://delkconstruction.com,Construction,,Central,,,delkco,delkco@delkconstruction.com,Named,Verified - Published Official Website,Official website,https://delkconstruction.com,2026-09-11
Isc Refractory Group,https://iscrg.com,Construction,,Central,,,info,info@iscrg.com,Role-Based,Verified - Published Official Website,Official website,https://iscrg.com,2026-09-11
Legacy Commercial Property Advisors,https://legacycpadvisors.com,Real Estate,,Central,,,info,info@legacycpadvisors.com,Role-Based,Verified - Published Official Website,Official website,https://legacycpadvisors.com/contact/,2026-09-11
Cf Breeze Construction,https://cfbcllc.com,Construction,,Central,,,office,office@cfbcllc.com,Role-Based,Verified - Published Official Website,Official website,https://cfbcllc.com,2026-09-11
Centric Gulf Coast,https://centricgc.com,Construction,,Central,,,info,info@centricgc.com,Role-Based,Verified - Published Official Website,Official website,https://www.centricgc.com/,2026-09-11
Hill Construction Solutions,https://hcsokc.com,Construction,,Central,John,Hill,Owner,johnh@hcsokc.com,Named,Verified - Published Official Website,Official website,https://hcsokc.com,2026-09-11
Evco Development,https://evcosolutions.com,Construction,,Central,,,paul,paul@evcosolutions.com,Named,Verified - Published Official Website,Official website,https://www.evcosolutions.com/contact,2026-09-11
Mid-south Mechanical Contractors,https://msmc-inc.com,Construction,,Central,Vonda,Benson,Vice President,stephen@msmc-inc.com,Named,Verified - Published Official Website,Official website,https://www.msmc-inc.com/,2026-09-11
Duncan & Dearmon Building Company,https://ddbcllc.com,Construction,,Central,,,info,info@ddbcllc.com,Role-Based,Verified - Published Official Website,Official website,https://ddbcllc.com,2026-09-11
Showtime Homes,https://showtimehomes.com,Real Estate,,Central,,,office,office@showtimehomes.com,Role-Based,Verified - Published Official Website,Official website,https://showtimehomes.com,2026-09-11
H. Brown,https://hbrown.com,Construction,,Central,Maurice,Brown,Vice President,information@hbrown.com,Named,Verified - Published Official Website,Official website,https://hbrown.com,2026-09-11
"Midwest Energy Consultants, Inc",https://midwestenergyconsultants.com,Construction,,Central,Scott,Steckly,Director of Operations,erik@midwestenergyconsultants.com,Named,Verified - Published Official Website,Official website,https://www.midwestenergyconsultants.com/contact-us/,2026-09-11
Latitude Signage Design,https://latitudesignage.com,Architecture & Planning,,Central,,,admin,admin@latitudesignage.com,Role-Based,Verified - Published Official Website,Official website,https://www.latitudesignage.com/,2026-09-11
Pointer Smith Contracting Corporation,https://pointersmith.com,Construction,,Central,,,info,info@pointersmith.com,Role-Based,Verified - Published Official Website,Official website,https://pointersmith.com,2026-09-11
Rosemann & Associates,https://rosemann.com,Architecture & Planning,,Central,Gabe,Vogl Ncarb Ra,Kansas City Studio Director,srosemann@rosemann.com,Named,Verified - Published Official Website,Official website,https://rosemann.com/contact/,2026-09-11
Adams Construction & Associates,https://acaiconstruction.com,Construction,,Central,Ryan,Treadaway,Operations Coordinator & Safety Manager,radams@acaiconstruction.com,Named,Verified - Published Official Website,Official website,https://www.acaiconstruction.com/index.php/about-us/,2026-09-11
Mpc Enterprises,https://mpcent.com,Construction,,Central,,,jmoehle,jmoehle@mpcent.com,Named,Verified - Published Official Website,Official website,https://mpcent.com/about/,2026-09-11
Ess Companies,https://esscompanies.com,Construction,,Central,,,info,info@esscompanies.com,Role-Based,Verified - Published Official Website,Official website,https://esscompanies.com/contact/,2026-09-11
Bulletproof Pond And Lake,https://bulletproofpondandlake.com,Construction,,Central,,,contact,contact@bulletproofpondandlake.com,Role-Based,Verified - Published Official Website,Official website,https://bulletproofpondandlake.com,2026-09-11
Warren Paving,https://warrenpaving.com,Construction,,Central,Jeremy,Patterson,Vice President of Asphalt Operations,stevenwarren@warrenpaving.com,Named,Verified - Published Official Website,Official website,https://warrenpaving.com/our-team/,2026-09-11
Grand Construction Company,https://grandconstructionla.com,Construction,,Central,,,info,info@grandconstructionla.com,Role-Based,Verified - Published Official Website,Official website,https://www.grandconstructionla.com/,2026-09-11
Cadre Ad,https://cadre-arch.com,Architecture & Planning,,Central,Daniel,Siedhoff,Principal Architect,jbadami@cadre-arch.com,Named,Verified - Published Official Website,Official website,https://cadre-arch.com/about/,2026-09-11
Valbridge Property Advisors Alabama,https://valbridge.com,Real Estate,,Central,David,Hogan Mai,Senior Managing Director,kfinkelstein@valbridge.com,Named,Verified - Published Official Website,Official website,https://www.valbridge.com/contact/,2026-09-11
Pivotal,https://pivotalperforms.com,Construction,,Central,,,pete piatchek,pete.piatchek@pivotalperforms.com,Named,Verified - Published Official Website,Official website,https://www.pivotalperforms.com/,2026-09-11
Tapokc,https://tapokc.com,Architecture & Planning,,Central,,,info,info@tapokc.com,Role-Based,Verified - Published Official Website,Official website,https://www.tapokc.com/contact,2026-09-11
Velent Steel Structures,https://velent.com,Construction,,Central,Kyle,Mcguire,CEO,customerservice@velent.com,Named,Verified - Published Official Website,Official website,https://velent.com,2026-09-11
S&g Steel & Glass,https://steelglassone.com,Construction,,Central,Jorge,Bolivar,Principal CEO,jorge@steelglassone.com,Named,Verified - Published Official Website,Official website,https://www.steelglassone.com/,2026-09-11
Rws Enterprises,https://rwsremodel.com,Real Estate,,Central,,,ray,ray@rwsremodel.com,Named,Verified - Published Official Website,Official website,https://rwsremodel.com,2026-09-11
Mission Realty Advisors,https://missionrealtyadvisors.org,Real Estate,,Central,Peter,Kinsella,Executive Director,pkinsella@missionrealtyadvisors.org,Named,Verified - Published Official Website,Official website,https://missionrealtyadvisors.org,2026-09-11
Res Contracting & Mechanical,https://res.contractors,Construction,,Central,,,contact,contact@res.contractors,Role-Based,Verified - Published Official Website,Official website,https://res.contractors,2026-09-11
Studio 2h Design,https://studio2hd.com,Architecture & Planning,,Central,,,info,info@studio2hd.com,Role-Based,Verified - Published Official Website,Official website,https://studio2hd.com,2026-09-11
Abound Real Estate Consulting,https://abound-re.com,Real Estate,,Central,,,info,info@abound-re.com,Role-Based,Verified - Published Official Website,Official website,http://abound-re.com,2026-09-11
Farco,https://gofarco.com,Construction,,Central,,,info,info@gofarco.com,Role-Based,Verified - Published Official Website,Official website,https://www.gofarco.com/contact,2026-09-11
Nebco,https://nebcoinc.com,Construction,,Central,Tamee,Waddell,Director - Business Systems Applications,faxnebcoinfo@nebcoinc.com,Named,Verified - Published Official Website,Official website,https://nebcoinc.com/contact/,2026-09-11
Richard Baughn Construction,https://richardbaughn.com,Construction,,Central,,,info,info@richardbaughn.com,Role-Based,Verified - Published Official Website,Official website,https://richardbaughn.com,2026-09-11
Brandt Contracting,https://brandtcontracting.com,Construction,,Central,,,info,info@brandtcontracting.com,Role-Based,Verified - Published Official Website,Official website,https://brandtcontracting.com,2026-09-11
Link,https://link2built.com,Architecture & Planning,,Central,,,info,info@link2built.com,Role-Based,Verified - Published Official Website,Official website,https://link2built.com,2026-09-11
Tba Studio,https://tbastudio.com,Architecture & Planning,,Central,,,info,info@tbastudio.com,Role-Based,Verified - Published Official Website,Official website,https://tbastudio.com/about/our-architectural-firm-offices/,2026-09-11
Cowen Construction Oklahoma,https://cowenconstruction.com,Construction,,Central,,,info,info@cowenconstruction.com,Role-Based,Verified - Published Official Website,Official website,https://www.cowenconstruction.com/leadership-team/,2026-09-11
Kings Remodel,https://kingsremodel.com,Construction,,Central,,,mike,mike@kingsremodel.com,Named,Verified - Published Official Website,Official website,https://www.kingsremodel.com/,2026-09-11
Midas Building Group,https://mbgbuilt.com,Construction,,Central,,,info,info@mbgbuilt.com,Role-Based,Verified - Published Official Website,Official website,https://mbgbuilt.com,2026-09-11
Andries Builders,https://andriesbuilders.com,Real Estate,,Central,,,info,info@andriesbuilders.com,Role-Based,Verified - Published Official Website,Official website,https://andriesbuilders.com,2026-09-11
Strother Fabrication,https://strotherfab.com,Construction,,Central,,,info,info@strotherfab.com,Role-Based,Verified - Published Official Website,Official website,https://www.strotherfab.com/,2026-09-11
Legacy Impact Investors,https://legacyimpactinvestors.com,Real Estate,,Central,,,admin,admin@legacyimpactinvestors.com,Role-Based,Verified - Published Official Website,Official website,https://legacyimpactinvestors.com,2026-09-11
Robinson Park,https://robinson-park.com,Real Estate,,Central,,,development,development@robinson-park.com,Role-Based,Verified - Published Official Website,Official website,https://robinson-park.com/development,2026-09-11
Kirkendall Design,https://kirkendalldesign.com,Architecture & Planning,,Central,,,info,info@kirkendalldesign.com,Role-Based,Verified - Published Official Website,Official website,https://kirkendalldesign.com,2026-09-11
Flat Creek Excavating,https://flatcreekexcavating.com,Construction,,Central,,,office,office@flatcreekexcavating.com,Role-Based,Verified - Published Official Website,Official website,https://www.flatcreekexcavating.com/,2026-09-11
J Development Co,https://j-dev.com,Construction,,Central,Liliana,Mulligan,Community Manager,hello@j-dev.com,Named,Verified - Published Official Website,Official website,https://www.j-dev.com/,2026-09-11
Nai Latter & Blum Commercial Real Estate,https://rampartcre.com,Real Estate,,Central,,,info,info@rampartcre.com,Role-Based,Verified - Published Official Website,Official website,https://rampartcre.com,2026-09-11
Aptós,https://aptosnow.com,Construction,,Central,,,info,info@aptosnow.com,Role-Based,Verified - Published Official Website,Official website,https://aptosnow.com/contact-us/,2026-09-11
A Beazley Architecture,https://abeazleyarchitecture.com,Architecture & Planning,,Central,Adam,Beazley,President,abeazley@abeazleyarchitecture.com,Named,Verified - Published Official Website,Official website,https://abeazleyarchitecture.com,2026-09-11
Carthage Real Estate Group,https://carthagereg.com,Real Estate,,Central,,,info,info@carthagereg.com,Role-Based,Verified - Published Official Website,Official website,https://www.carthagereg.com/,2026-09-11
Studio 785,https://studio-785.com,Architecture & Planning,,Central,,,creitzel,creitzel@studio-785.com,Named,Verified - Published Official Website,Official website,https://www.studio-785.com/,2026-09-11
Atlas United Corp,https://atlasunitedcorp.com,Construction,,Central,,,info,info@atlasunitedcorp.com,Role-Based,Verified - Published Official Website,Official website,https://atlasunitedcorp.com,2026-09-11
L & S Building Contractors,https://landsbuilders.com,Construction,,Central,,,nstein,nstein@landsbuilders.com,Named,Verified - Published Official Website,Official website,https://www.landsbuilders.com/,2026-09-11
Built In Stl,https://builtinsaintlouis.com,Construction,,Central,,,gray,gray@builtinsaintlouis.com,Named,Verified - Published Official Website,Official website,https://www.builtinsaintlouis.com/contact,2026-09-11
Diversified Construction Contractors,https://dccworld.net,Construction,,Central,,,info,info@dccworld.net,Role-Based,Verified - Published Official Website,Official website,https://www.dccworld.net/,2026-09-11
Edmondson Design Group,https://edg.studio,Architecture & Planning,,Central,,,admin,admin@edg.studio,Role-Based,Verified - Published Official Website,Official website,https://www.edg.studio/contact,2026-09-11
Jre Property Management,https://gojre.com,Real Estate,,Central,,,info,info@gojre.com,Role-Based,Verified - Published Official Website,Official website,https://gojre.com,2026-09-11
Kirby Specialties Corporation,https://kirbyspec.com,Construction,,Central,,,bids,bids@kirbyspec.com,Role-Based,Verified - Published Official Website,Official website,https://www.kirbyspec.com/,2026-09-11
Harper General Contractors,https://harpergc.net,Construction,,Central,Ryan,Harper,Company Owner,hgc@harpergc.net,Named,Verified - Published Official Website,Official website,https://www.harpergc.net/contact,2026-09-11
S M Wilson Co,https://smwilson.com,Construction,,Central,Amy,Berg,President,jeanne.garlock@smwilson.com,Named,Verified - Published Official Website,Official website,https://www.smwilson.com/contact/,2026-09-11
Code Red Underground,https://coderedllc.com,Construction,,Central,Kort,Suter,Operations Manager,it@coderedllc.com,Named,Verified - Published Official Website,Official website,https://www.coderedllc.com/,2026-09-11
Ljp Contractors,https://ljpcontractors.com,Construction,,Central,,,info,info@ljpcontractors.com,Role-Based,Verified - Published Official Website,Official website,https://ljpcontractors.com,2026-09-11
Lo Design,https://lodesign.us,Architecture & Planning,,Central,,,brian,brian@lodesign.us,Named,Verified - Published Official Website,Official website,https://lodesign.us,2026-09-11
Capital Real Estate Advisors,https://capitalrea.net,Real Estate,,Central,Sergio,Convers,Principal Broker,sergio@capitalrea.net,Named,Verified - Published Official Website,Official website,https://www.capitalrea.net/about/,2026-09-11
Heard Construction & Roofing,https://heardbuilders.com,Construction,,Central,,,office,office@heardbuilders.com,Role-Based,Verified - Published Official Website,Official website,https://www.heardbuilders.com/,2026-09-11
Midwest Consulting & Services D/b/a Glazing Solutions,https://gs-stl.com,Construction,,Central,,,info,info@gs-stl.com,Role-Based,Verified - Published Official Website,Official website,https://gs-stl.com,2026-09-11
A.F. Sterling,https://www.afsterling.com/,General contractor / builder,Tucson,Arizona,Jon,Fenton,President/Principal,info@afsterling.com,Role-Based,Verified - Published Public Source,Official website or public business record,https://www.afsterling.com/,2026-09-11
Semple Brown Design,https://semplebrown.com,Architecture Firm,Denver,Colorado,,,Recruiting,resumes@semplebrown.com,Role-Based,Verified - Published Official Website,Official website contact page,https://semplebrown.com/contact,2026-09-11
RNL Design,https://rnldesign.com,Architecture Firm,Denver,Colorado,,,Human Resources,human.resources@rnldesign.com,Role-Based,Verified - Reliable Professional Directory,Archinect firm profile,https://archinect.com/firms/cover/58779921/rnl-design,2026-09-11
Stantec,https://www.stantec.com,Engineering and Architecture Firm,Denver,Colorado,,,Denver Office,askstantec@stantec.com,Role-Based,Verified - Published Official Website,Official office page,https://www.stantec.com/en/offices/united-states-locations/colorado-offices-filtered/denver-17th-st-colorado,2026-09-11
HCM Design (formerly Hord Coplan Macht),https://www.hcm2.com,Architecture and Engineering Firm,Denver,Colorado,Adele,Willson,Managing Principal,awillson@hcm2.com,Named,Verified - Published Official Website,Official Colorado office page,https://www.hcm2.com/locations/hord-coplan-macht-colorado,2026-09-11
Intergroup Architects,https://www.igarch.com,Architecture Firm,Littleton,Colorado,,,Office,info@igarch.com,Role-Based,Verified - Published Official Website,Official website homepage contact,https://www.igarch.com,2026-09-11
Confluence Companies,https://www.confluenceco.com,Real Estate Developer,Golden,Colorado,,,General Inquiries,info@confluenceco.com,Role-Based,Verified - Published Official Website,Official website contact footer,https://www.confluenceco.com,2026-09-11
Westfield Company Inc.,https://westfield-co.com,Commercial and Multifamily Developer,Denver,Colorado,,,General Inquiries,info@westfield-co.com,Role-Based,Verified - Published Official Website,Official website homepage contact,https://westfield-co.com,2026-09-11
Front Range Dev Co.,https://frontrangedev.co,Design-Build and Development Firm,Boulder,Colorado,,,Project Inquiries,build@frontrangedev.co,Role-Based,Verified - Published Official Website,Official website contact page,https://frontrangedev.co/contact,2026-09-11
Front Range Redevelopment LLC,https://frredevelopment.com,Real Estate Developer,Littleton,Colorado,Garrett,,,garrett@frredevelopment.com,Named,Verified - Reliable Professional Directory,MSU Denver alumni business directory,https://alumnibusiness.msudenver.edu/business/front-range-redevelopment-llc,2026-09-11
Boulder Housing Partners,https://boulderhousing.org,Multifamily and Affordable Housing Developer,Boulder,Colorado,,,General Inquiries,bhpinfo@boulderhousing.org,Role-Based,Verified - Published Official Website,Official website contact page,https://boulderhousing.org/contact,2026-09-11
Calcon Constructors,https://www.calconci.com,Commercial General Contractor,Denver,Colorado,,,General Inquiries,info@calconci.com,Role-Based,Verified - Published Official Website,Official website contact listing,https://www.calconci.com,2026-09-11
Gerber Berend Design Build,https://gbdesignbuild.com,Custom Homebuilder and Design-Build Firm,Steamboat Springs,Colorado,,,General Inquiries,info@gbdesignbuild.com,Role-Based,Verified - Reliable Professional Directory,Colorado Resource Guide Home Builder Edition,https://www.bluetoad.com/publication?i=690750&p=58&view=issueViewer,2026-09-11
Hammersmith Construction,https://hammersmithconstruction.com,Commercial General Contractor,Englewood,Colorado,,,General Inquiries,info@hammersmithconstruction.com,Role-Based,Verified - Reliable Professional Directory,Colorado Resource Guide Home Builder Edition,https://www.bluetoad.com/publication?i=690750&p=59&view=issueViewer,2026-09-11
James Engineering,https://james-engineering.com,Engineering Firm,Colorado Springs,Colorado,,,General Inquiries,sales@james-engineering.com,Role-Based,Verified - Published Official Website,Official website contact listing,https://james-engineering.com,2026-09-11
CLF Architects,https://clfarchitects.com,Architecture,Miami,Florida,,,Principal/Office,info@clfarchitects.com,Role-Based,Verified - Published Official Website,Official contact page publishes company email,https://clfarchitects.com/contact/,2026-09-11
Alvaro Rodriguez Architects,https://ararchitects.net,Architecture,Tampa,Florida,Alvaro,Rodriguez,Architect,alvaro@ararchitects.net,Named,Verified - Published Official Website,Official contact page publishes architect email,https://ararchitects.net/contact,2026-09-11
Johnson Cartwright Jarman Architects,https://jcjarchitects.com,Architecture,Tampa,Florida,Kevin,,Architect,kevin@jcjarchitects.com,Named,Verified - Professional Directory,HCPS Construction Data vendor directory lists firm and matching-domain email,https://projects.hcps.net/pub_divisionbrowser.aspx?ctl00_ContentPlaceHolder1_RadGrid1ChangePage=101_20,2026-09-11
Abell Garcia Architects,https://abellgarcia.com,Architecture,Tampa,Florida,,,Architectural Office,info@abellgarcia.com,Role-Based,Verified - Professional Directory,HCPS Construction Data vendor directory lists firm and matching-domain email,https://projects.hcps.net/pub_divisionbrowser.aspx?ctl00_ContentPlaceHolder1_RadGrid1ChangePage=101_20,2026-09-11
Reliable Group,https://rga-design.com,Architecture,Tampa,Florida,Fred,Perrone,Architect,fperrone@rga-design.com,Named,Verified - Professional Directory,HCPS Construction Data vendor directory lists firm and matching-domain email,https://projects.hcps.net/pub_divisionbrowser.aspx?ctl00_ContentPlaceHolder1_RadGrid1ChangePage=101_20,2026-09-11
JAA Architecture,https://jaaarchitecture.com,Architecture,Jacksonville,Florida,,,Architecture Office,info@jaaarchitecture.com,Role-Based,Verified - Published Official Website,Official contact page publishes company email,https://jaaarchitecture.com/contact,2026-09-11
Loci Architects,https://www.lociarchitects.com,Architecture,Jacksonville,Florida,Catherine,Duncan,Principal Architect,catherine@lociarchitects.com,Named,Verified - Published Official Website,Official contact page publishes principal email,https://www.lociarchitects.com/contact,2026-09-11
ACT Architects,https://actarchitects.com,Architecture,Jacksonville,Florida,,,Architecture Office,info@actarchitects.com,Role-Based,Verified - Published Official Website,Official contact page publishes company email,https://actarchitects.com/contact.php,2026-09-11
VRL Architects,https://vrlarchitects.com,Architecture,Jacksonville,Florida,Stephen,Lazar,President,sflazar@vrlarchitects.com,Named,Verified - Published Official Website,Official contact page publishes president email,http://vrlarchitects.com/contact-us/,2026-09-11
Florida Engineering and Environmental Services,https://flaengineering.com,Civil Engineering,Tampa,Florida,,,Engineering Office,flaeng@flaengineering.com,Role-Based,Verified - Published Official Website,Official contact page publishes company email,http://flaengineering.com/contact.html,2026-09-11
Consult Engineering,https://consultengineering.com,Civil Engineering,Punta Gorda,Florida,,,Engineering Office,consult@consultengineering.com,Role-Based,Verified - Published Official Website,Official contact page publishes company email,https://consultengineering.com/contact,2026-09-11
MEP Engineering,https://mepengineeringinc.com,MEP Engineering,Doral,Florida,,,Engineering Office,mep@mepengineeringinc.com,Role-Based,Verified - Published Official Website,Official homepage publishes company email,https://mepengineeringinc.com/,2026-09-11
Professional Engineering Services,https://pesfl.com,Civil Engineering,Fort Lauderdale,Florida,,,Engineering Office,info@pesfl.com,Role-Based,Verified - Published Official Website,Official service page publishes company email,https://pesfl.com/email/all-services,2026-09-11
Construction Management of Florida,https://cmfloridainc.com,Construction Management,Vero Beach,Florida,Adel,,Project Management,adel@cmfloridainc.com,Named,Verified - Published Official Website,Official contact page publishes staff email,https://cmfloridainc.com/contact-us,2026-09-11
Florida Palm Construction,https://floridapalm.com,Commercial General Contractor,Sunrise,Florida,,,Construction Office,info@floridapalm.com,Role-Based,Verified - Published Official Website,Official contact page publishes company email,https://floridapalm.com/contact_page,2026-09-11
FCC Builders,https://fccbuilders.com,Commercial General Contractor,St. Augustine,Florida,,,Construction Office,info@fccbuilders.com,Role-Based,Verified - Published Official Website,Official contact page publishes company email,http://fccbuilders.com/contact,2026-09-11
Florida Builders,https://flbuilders.com,Commercial General Contractor,Jacksonville,Florida,,,Construction Office,contact@flbuilders.com,Role-Based,Verified - Published Official Website,Official site contact information publishes company email,https://flbuilders.com/contact,2026-09-11
Alta Developers,https://www.altadevelopers.com,Real Estate Developer,Miami,Florida,,,Development Office,info@altadevelopers.com,Role-Based,Verified - Published Official Website,Official contact page publishes company email,https://www.altadevelopers.com/contact,2026-09-11
SP Developments,https://spdevelopments.com,Multifamily Developer,Miami,Florida,,,Development Office,info@spdevelopments.com,Role-Based,Verified - Published Official Website,Official contact page publishes company email,https://spdevelopments.com/contact,2026-09-11
Jade Ventures,https://jadeventures.io,Residential Developer,North Miami Beach,Florida,Yuval,,Development Team,yuval@jadeventures.io,Named,Verified - Published Official Website,Official contact page publishes team email,https://jadeventures.io/contact,2026-09-11
TTV Architects,https://ttvarch.com,Architecture,Jacksonville,Florida,,,Architecture Office,info@ttvarch.com,Role-Based,Verified - Published Official Website,Contact page publishes firm email,https://ttvarch.com/contact-florida-architecture-firm,2026-09-11
Plexus Research & Design,https://plexusrd.com,Architecture,Atlanta,Georgia,,,Office,office@plexusrd.com,Role-Based,Verified - Published Official Website,Official company website,https://plexusrd.com/,2026-09-11
Atlanta Remodeling & Construction (ARC),https://atlantarc.net,Design-Build / General Contractor,Atlanta,Georgia,,,Office,info@atlantarc.net,Role-Based,Verified - Published Official Website,Official company contact page,https://atlantarc.net/contact,2026-09-11
"Georgia Commercial Builders, Inc.",https://www.gcbi.com,Commercial General Contractor,Atlanta,Georgia,,,Office,info@gcbi.com,Role-Based,Verified - Published Official Website,Official company website,https://www.gcbi.com/,2026-09-11
Atlanta Development Company,https://www.atldevco.com,Developer / Design-Build,Braselton,Georgia,Yang,,Development Contact,yang@atldevco.com,Named,Verified - Published Official Website,Official company contact page,https://www.atldevco.com/contact-us,2026-09-11
Hospitality Ventures Management Group,https://www.hvmg.com,Hospitality Developer / Management,Alpharetta,Georgia,,,Development Office,info@hvmg.com,Role-Based,Verified - Published Official Website,Official development page,https://www.hvmg.com/development,2026-09-11
CAP General Contracting LLC,https://capgc.net,Multifamily / Light Commercial Contractor,Cartersville,Georgia,Zac,,Owner,zac@capgc.net,Named,Verified - Published Official Website,Official company services page,https://capgc.net/multi-family/services,2026-09-11
Savannah Architectural Alliance (SavannahArch.com),https://www.savannaharch.com,Architecture / Design-Build,Bloomingdale,Georgia,C.L.,Gayheart,Owner / Sales,cl@savannaharch.com,Named,Verified - Published Official Website,Official company contact page,https://www.savannaharch.com/contact,2026-09-11
Lynch Associates Architects,https://www.lyncharch.com,Architecture,Savannah,Georgia,,,Office,info@lyncharch.com,Role-Based,Verified - Published Official Website,Official company contact page,https://www.lyncharch.com/contact,2026-09-11
"Hansen Architects, P.C.",https://www.hansensavannah.com,Architecture,Savannah,Georgia,,,Office,hansen@hansensavannah.com,Role-Based,Verified - Published Official Website,Official company contact page,https://www.hansensavannah.com/contact,2026-09-11
"Cogdell & Mendrala Architects, Inc.",https://www.cogdellmendrala.com,Architecture,Savannah,Georgia,Barbara,Cogdell,Architect,barbara@cogdellmendrala.com,Named,Verified - Public Professional Directory,Georgia DBE/WBE directory PDF,https://static1.squarespace.com/static/604a5742bda3355b81a9d706/t/60b8efbbaa8ef9068cbba26c/1622732733211/CertifiedDBE_WBE.pdf,2026-09-11
"Collins Construction Services, Inc.",https://www.collinsconstructionservices.com,Commercial General Contractor,Savannah,Georgia,Dawn,Morgan,Company Contact,dmorgan@collinsconstructionservices.com,Named,Verified - Public Professional Directory,Georgia DBE/WBE directory PDF,https://static1.squarespace.com/static/604a5742bda3355b81a9d706/t/60b8efbbaa8ef9068cbba26c/1622732733211/CertifiedDBE_WBE.pdf,2026-09-11
"Atlas Technical Consultants, LLC",https://www.oneatlas.com,Engineering / Testing,Roswell,Georgia,Martin,Maldonado,PE / Technical Contact,martin.maldonado@oneatlas.com,Named,Verified - Public Professional Directory,Georgia State Financing eligible-firms list,https://gsfic.georgia.gov/document/document/20250328-list-eligible-firms/download,2026-09-11
EGSci Consulting Inc.,https://www.egsci.com,Engineering / Testing,Atlanta,Georgia,Mike,Khalil,PE / Technical Contact,mkhalil@egsci.com,Named,Verified - Public Professional Directory,Georgia State Financing eligible-firms list,https://gsfic.georgia.gov/document/document/20250328-list-eligible-firms/download,2026-09-11
"ECS Southeast, LLP",https://www.ecslimited.com,Engineering / Testing,Atlanta,Georgia,Xavier,Miranda,PE / Technical Contact,xrmiranda@ecslimited.com,Named,Verified - Public Professional Directory,Georgia State Financing eligible-firms list,https://gsfic.georgia.gov/document/document/20250328-list-eligible-firms/download,2026-09-11
Willmer Engineering,https://www.willmerengineering.com,Engineering / Testing,Columbus,Georgia,Gyaneswor,Pokharel,Engineer,gpokharel@willmerengineering.com,Named,Verified - Public Professional Directory,Georgia State Financing eligible-firms list,https://gsfic.georgia.gov/document/document/20230602-list-eligible-firmspdf/download,2026-09-11
Sierra Edge Group,https://www.sierraedgegroup.com,Engineering / Construction Services,Atlanta,Georgia,Aissatou,Bah,Company Contact,aissatou.bah@sierraedgegroup.com,Named,Verified - Public Professional Directory,Georgia DOT DBE outreach directory PDF,https://www.dot.ga.gov/PartnerSmart/Business/Documents/DBE/Presentation/Atlanta%20DBE%20Outreach%20-%20Attendees%20v2.pdf,2026-09-11
Dynamic Civil Solutions,https://www.dcseng.com,Civil Engineering,Atlanta,Georgia,Bolaji,Kukoyi,Company Contact,mokukoyi@dcseng.com,Named,Verified - Public Professional Directory,Georgia DOT DBE outreach directory PDF,https://www.dot.ga.gov/PartnerSmart/Business/Documents/DBE/Presentation/Atlanta%20DBE%20Outreach%20-%20Attendees%20v2.pdf,2026-09-11
"ACTA Construction & Engineering, LLC",https://www.acta-ce.com,Commercial General Contractor / Engineering,Atlanta,Georgia,,,Office,contact@acta-ce.com,Role-Based,Verified - Published Official Website,Official commercial services page,https://www.acta-ce.com/commercial,2026-09-11
Atlanta Construction,https://atlantaconstruction.co,Commercial Contractor,Atlanta,Georgia,,,Office,contact@atlantaconstruction.co,Role-Based,Verified - Published Official Website,Official company website,https://atlantaconstruction.co/,2026-09-11
Atkins Global,https://atkinsglobal.com,Engineering / AEC Consulting,Las Vegas,Nevada,,,AEC Directory Contact,sudir.kukillaya@atkinsglobal.com,Named,Verified - Public Professional Directory,ACEC Nevada member directory,https://acecnevada.org/directory.php?p=1&printit=1,2026-09-11
Atkins Realis,https://atkinsrealis.com,Engineering / AEC Consulting,Las Vegas,Nevada,,,AEC Directory Contact,darin.tedford@atkinsrealis.com,Named,Verified - Public Professional Directory,ACEC Nevada member directory,https://acecnevada.org/directory.php?p=1&printit=1,2026-09-11
Avenue Consultants,https://avenueconsultants.com,Engineering / AEC Consulting,Henderson,Nevada,,,AEC Directory Contact,jlerud@avenueconsultants.com,Named,Verified - Public Professional Directory,ACEC Nevada member directory,https://acecnevada.org/directory.php?p=3&printit=1,2026-09-11
BEC,https://becnv.com,Engineering / AEC Consulting,Henderson,Nevada,,,AEC Directory Contact,cynthia@becnv.com,Named,Verified - Public Professional Directory,ACEC Nevada member directory,https://acecnevada.org/directory.php?p=3&printit=1,2026-09-11
Converse Consultants,https://converseconsultants.com,Engineering / AEC Consulting,Elko,Nevada,,,AEC Directory Contact,kgoebel@converseconsultants.com,Named,Verified - Public Professional Directory,ACEC Nevada member directory,https://acecnevada.org/directory.php?p=4&printit=1,2026-09-11
GCW Engineering,https://gcwengineering.com,Engineering / AEC Consulting,Las Vegas,Nevada,,,AEC Directory Contact,tmccoy@gcwengineering.com,Named,Verified - Public Professional Directory,ACEC Nevada member directory,https://acecnevada.org/directory.php?p=5&printit=1,2026-09-11
"Geotechnical and Environmental Services, Inc. (GES)",https://gesnevada.com,Engineering / AEC Consulting,Las Vegas,Nevada,,,AEC Directory Contact,greg.desart@gesnevada.com,Named,Verified - Public Professional Directory,ACEC Nevada member directory,https://acecnevada.org/directory.php?p=5&printit=1,2026-09-11
Harris Consulting Engineers,https://harrisengineers.com,Engineering / AEC Consulting,Las Vegas,Nevada,,,AEC Directory Contact,kbell@harrisengineers.com,Named,Verified - Public Professional Directory,ACEC Nevada member directory,https://acecnevada.org/directory.php?p=5&printit=1,2026-09-11
HNTB,https://hntb.com,Engineering / AEC Consulting,Las Vegas,Nevada,,,AEC Directory Contact,cgrantham@hntb.com,Named,Verified - Public Professional Directory,ACEC Nevada member directory,https://acecnevada.org/directory.php?p=6&printit=1,2026-09-11
HPA Consulting Engineers,https://hpace-lv.com,Engineering / AEC Consulting,Las Vegas,Nevada,,,AEC Directory Contact,kpils@hpace-lv.com,Named,Verified - Public Professional Directory,ACEC Nevada member directory,https://acecnevada.org/directory.php?p=6&printit=1,2026-09-11
Kimley-Horn,https://kimley-horn.com,Engineering / AEC Consulting,Reno,Nevada,,,AEC Directory Contact,erica.goff@kimley-horn.com,Named,Verified - Public Professional Directory,ACEC Nevada member directory,https://acecnevada.org/directory.php?p=6&printit=1,2026-09-11
Ninyo & Moore Geotechnical and Environmental Consultants,https://socotec.us,Engineering / AEC Consulting,Las Vegas,Nevada,,,AEC Directory Contact,brad.olson@socotec.us,Named,Verified - Public Professional Directory,ACEC Nevada member directory,https://acecnevada.org/directory.php?p=7&printit=1,2026-09-11
S2 Civil Inc,https://s2civil.com,Engineering / AEC Consulting,Henderson,Nevada,,,AEC Directory Contact,venu@s2civil.com,Named,Verified - Public Professional Directory,ACEC Nevada member directory,https://acecnevada.org/directory.php?p=7&printit=1,2026-09-11
Sigma Engineering Solutions Inc.,https://sigmanv.com,Engineering / AEC Consulting,Las Vegas,Nevada,,,AEC Directory Contact,jfarre@sigmanv.com,Named,Verified - Public Professional Directory,ACEC Nevada member directory,https://acecnevada.org/directory.php?p=7&printit=1,2026-09-11
Universal Engineering Sciences,https://teamues.com,Engineering / AEC Consulting,Las Vegas,Nevada,,,AEC Directory Contact,spalmer@teamues.com,Named,Verified - Public Professional Directory,ACEC Nevada member directory,https://acecnevada.org/directory.php?p=8&printit=1,2026-09-11
"Utility Line Design, Inc.",https://utilitypolesolutions.com,Engineering / AEC Consulting,Las Vegas,Nevada,,,AEC Directory Contact,bernie@utilitypolesolutions.com,Named,Verified - Public Professional Directory,ACEC Nevada member directory,https://acecnevada.org/directory.php?p=8&printit=1,2026-09-11
VTN,https://vtnnv.com,Engineering / AEC Consulting,Las Vegas,Nevada,,,AEC Directory Contact,brentm@vtnnv.com,Named,Verified - Public Professional Directory,ACEC Nevada member directory,https://acecnevada.org/directory.php?p=8&printit=1,2026-09-11
Walsh Odyssey Engineering,https://odysseyreno.com,Engineering / AEC Consulting,Sparks,Nevada,,,AEC Directory Contact,frank@odysseyreno.com,Named,Verified - Public Professional Directory,ACEC Nevada member directory,https://acecnevada.org/directory.php?p=9&printit=1,2026-09-11
"Walter P. Moore, Inc.",https://walterpmoore.com,Engineering / AEC Consulting,Las Vegas,Nevada,,,AEC Directory Contact,kzarembski@walterpmoore.com,Named,Verified - Public Professional Directory,ACEC Nevada member directory,https://acecnevada.org/directory.php?p=10&printit=1,2026-09-11
Westwood,https://westwoodps.com,Engineering / AEC Consulting,Las Vegas,Nevada,,,AEC Directory Contact,jerrod.ratcliffe@westwoodps.com,Named,Verified - Public Professional Directory,ACEC Nevada member directory,https://acecnevada.org/directory.php?p=10&printit=1,2026-09-11
Wood\_Rodgers,https://woodrodgers.com,Engineering / AEC Consulting,Las Vegas,Nevada,,,AEC Directory Contact,adurling@woodrodgers.com,Named,Verified - Public Professional Directory,ACEC Nevada member directory,https://acecnevada.org/directory.php?p=10&printit=1,2026-09-11
Wright Engineers,https://wrightengineers.com,Engineering / AEC Consulting,Las Vegas,Nevada,,,AEC Directory Contact,pwright@wrightengineers.com,Named,Verified - Public Professional Directory,ACEC Nevada member directory,https://acecnevada.org/directory.php?p=10&printit=1,2026-09-11
"ATA Architecture, LLC",https://taghdir.com,Architecture / Design,Las Vegas,Nevada,,,AIA Las Vegas Directory Contact,ali@taghdir.com,Named,Verified - Public Professional Directory,AIA Las Vegas official firm directory,https://aialasvegas.org/firms/ata-architecture-llc/,2026-09-11
Carpenter Sellers Del Gatto Architects,https://csdarchitecture.com,Architecture / Design,Las Vegas,Nevada,,,AIA Las Vegas Directory Contact,mail@csdarchitecture.com,Named,Verified - Public Professional Directory,AIA Las Vegas official firm directory,https://aialasvegas.org/firms/carpenter-sellers-del-gatto-architects/,2026-09-11
Carroll Design Collaborative,https://carroll.design,Architecture / Design,Las Vegas,Nevada,,,AIA Las Vegas Directory Contact,info@carroll.design,Named,Verified - Public Professional Directory,AIA Las Vegas official firm directory,https://aialasvegas.org/firms/carroll-design-collaborative/,2026-09-11
Coda Group Inc.,https://codagroupinc.com,Architecture / Design,Las Vegas,Nevada,,,AIA Las Vegas Directory Contact,jennifer@codagroupinc.com,Named,Verified - Public Professional Directory,AIA Las Vegas official firm directory,https://aialasvegas.org/firms/coda-group-inc/,2026-09-11
Denton House Nevada,https://dentonhouse.com,Architecture / Design,Las Vegas,Nevada,,,AIA Las Vegas Directory Contact,awinn@dentonhouse.com,Named,Verified - Public Professional Directory,AIA Las Vegas official firm directory,https://aialasvegas.org/firms/denton-house-nevada/,2026-09-11
"Daniel Joseph Chenin, Ltd.",https://djc-ltd.com,Architecture / Design,Las Vegas,Nevada,,,AIA Las Vegas Directory Contact,daniel@djc-ltd.com,Named,Verified - Public Professional Directory,AIA Las Vegas official firm directory,https://aialasvegas.org/firms/daniel-joseph-chenin-ltd/,2026-09-11
Dustland Studio,https://dustlandstudio.com,Architecture / Design,Las Vegas,Nevada,,,AIA Las Vegas Directory Contact,info@dustlandstudio.com,Named,Verified - Public Professional Directory,AIA Las Vegas official firm directory,https://aialasvegas.org/firms/dustland-studio/,2026-09-11
"Gary Guy Wilson Architects, AIA, PC",https://garyguywilsonarchitects.com,Architecture / Design,Las Vegas,Nevada,,,AIA Las Vegas Directory Contact,info@garyguywilsonarchitects.com,Named,Verified - Public Professional Directory,AIA Las Vegas official firm directory,https://aialasvegas.org/firms/gary-guy-wilson-architects-aia-pc/,2026-09-11
IMEG – Las Vegas,https://imegcorp.com,Architecture / Design,Las Vegas,Nevada,,,AIA Las Vegas Directory Contact,jazmin.d.miller@imegcorp.com,Named,Verified - Public Professional Directory,AIA Las Vegas official firm directory,https://aialasvegas.org/firms/imeg-las-vegas/,2026-09-11
IN2IT Architecture,https://in2itarchitecture.com,Architecture / Design,Las Vegas,Nevada,,,AIA Las Vegas Directory Contact,larry.staples@in2itarchitecture.com,Named,Verified - Public Professional Directory,AIA Las Vegas official firm directory,https://aialasvegas.org/firms/in2it-architecture/,2026-09-11
IZ design studio,https://izdesignstudio.com,Architecture / Design,Las Vegas,Nevada,,,AIA Las Vegas Directory Contact,info@izdesignstudio.com,Named,Verified - Public Professional Directory,AIA Las Vegas official firm directory,https://aialasvegas.org/firms/iz-design-studio/,2026-09-11
Klai Juba Wald Architecture + Interiors,https://klaijuba.com,Architecture / Design,Las Vegas,Nevada,,,AIA Las Vegas Directory Contact,mail@klaijuba.com,Named,Verified - Public Professional Directory,AIA Las Vegas official firm directory,https://aialasvegas.org/firms/klai-juba-wald-architecture-interiors/,2026-09-11
kga,https://kga.design,Architecture / Design,Las Vegas,Nevada,,,AIA Las Vegas Directory Contact,hello@kga.design,Named,Verified - Public Professional Directory,AIA Las Vegas official firm directory,https://aialasvegas.org/firms/kga/,2026-09-11
Knit,https://knitstudios.com,Architecture / Design,Las Vegas,Nevada,,,AIA Las Vegas Directory Contact,johnr@knitstudios.com,Named,Verified - Public Professional Directory,AIA Las Vegas official firm directory,https://aialasvegas.org/firms/knit/,2026-09-11
"Lage Design, Inc.",https://lagedesigninc.com,Architecture / Design,Las Vegas,Nevada,,,AIA Las Vegas Directory Contact,flogsdon@lagedesigninc.com,Named,Verified - Public Professional Directory,AIA Las Vegas official firm directory,https://aialasvegas.org/firms/lage-design-inc-2/,2026-09-11
"Lee & Sakahara Architects, Inc.",https://leesaklv.com,Architecture / Design,Las Vegas,Nevada,,,AIA Las Vegas Directory Contact,lseyler@leesaklv.com,Named,Verified - Public Professional Directory,AIA Las Vegas official firm directory,https://aialasvegas.org/firms/lee-sakahara-architects-inc/,2026-09-11
LGA Architecture,https://lgainc.com,Architecture / Design,Las Vegas,Nevada,,,AIA Las Vegas Directory Contact,info@lgainc.com,Named,Verified - Public Professional Directory,AIA Las Vegas official firm directory,https://aialasvegas.org/firms/lga-architecture/,2026-09-11
"Ned Cole, A.I.A., Architect, Inc.",https://cox.net,Architecture / Design,Las Vegas,Nevada,,,AIA Las Vegas Directory Contact,ncoleaia@cox.net,Named,Verified - Public Professional Directory,AIA Las Vegas official firm directory,https://aialasvegas.org/firms/ned-cole-a-i-a-architect-inc/,2026-09-11
Nevada Sales Agency,https://nevadasalesagency.com,Architecture / Design,Las Vegas,Nevada,,,AIA Las Vegas Directory Contact,ebradley@nevadasalesagency.com,Named,Verified - Public Professional Directory,AIA Las Vegas official firm directory,https://aialasvegas.org/firms/nevada-sales-agency/,2026-09-11
Olivo Architecture PC,https://olivoarchitecture.com,Architecture / Design,Las Vegas,Nevada,,,AIA Las Vegas Directory Contact,info@olivoarchitecture.com,Named,Verified - Public Professional Directory,AIA Las Vegas official firm directory,https://aialasvegas.org/firms/olivo-architecture-pc/,2026-09-11
RAFI Architecture and Design,https://rafiarchitecture.com,Architecture / Design,Las Vegas,Nevada,,,AIA Las Vegas Directory Contact,amorgan@rafiarchitecture.com,Named,Verified - Public Professional Directory,AIA Las Vegas official firm directory,https://aialasvegas.org/firms/robert-a-fielden-inc-dba-rafi-architecture-and-design/,2026-09-11
Richardson Wetzel Architects,https://rwa-design.com,Architecture / Design,Las Vegas,Nevada,,,AIA Las Vegas Directory Contact,af@rwa-design.com,Named,Verified - Public Professional Directory,AIA Las Vegas official firm directory,https://aialasvegas.org/firms/richardson-wetzel-architects/,2026-09-11
SLA Land Architects,https://slalandarchitects.com,Architecture / Design,Las Vegas,Nevada,,,AIA Las Vegas Directory Contact,sla@slalandarchitects.com,Named,Verified - Public Professional Directory,AIA Las Vegas official firm directory,https://aialasvegas.org/firms/sla-land-architects/,2026-09-11
Sparkflight Studios,https://sparkflightstudios.com,Architecture / Design,Las Vegas,Nevada,,,AIA Las Vegas Directory Contact,anne@sparkflightstudios.com,Named,Verified - Public Professional Directory,AIA Las Vegas official firm directory,https://aialasvegas.org/firms/sparkflight-studios/,2026-09-11
Simpson Coulter Studio,https://simpsoncoulter.com,Architecture / Design,Las Vegas,Nevada,,,AIA Las Vegas Directory Contact,wsimpson@simpsoncoulter.com,Named,Verified - Public Professional Directory,AIA Las Vegas official firm directory,https://aialasvegas.org/firms/simpson-coulter-studio/,2026-09-11
TERPconsulting,https://terpconsulting.com,Architecture / Design,Las Vegas,Nevada,,,AIA Las Vegas Directory Contact,info@terpconsulting.com,Named,Verified - Public Professional Directory,AIA Las Vegas official firm directory,https://aialasvegas.org/firms/terpconsulting/,2026-09-11
Vedelago Petsch Architects,https://vpa-lv.com,Architecture / Design,Las Vegas,Nevada,,,AIA Las Vegas Directory Contact,info@vpa-lv.com,Named,Verified - Public Professional Directory,AIA Las Vegas official firm directory,https://aialasvegas.org/firms/vedelago-petsch-architects/,2026-09-11
WORTHGROUP Architects & Designers,https://worthgroup.com,Architecture / Design,Las Vegas,Nevada,,,AIA Las Vegas Directory Contact,cstanfill@worthgroup.com,Named,Verified - Public Professional Directory,AIA Las Vegas official firm directory,https://aialasvegas.org/firms/worthgroup-architects-designers/,2026-09-11
Royal Plywood Company,https://royalplywood.com,Commercial Construction / AEC,Las Vegas,Nevada,,,AIA Las Vegas Directory Contact,cynthia@royalplywood.com,Named,Verified - Public Professional Directory,AIA Las Vegas official firm directory,https://aialasvegas.org/allied-members/royal-plywood-company/,2026-09-11
Nevada IT Support,https://itsupportnv.com,Commercial Construction / AEC,Las Vegas,Nevada,,,AIA Las Vegas Directory Contact,info@itsupportnv.com,Named,Verified - Public Professional Directory,AIA Las Vegas official firm directory,https://aialasvegas.org/allied-members/nevada-it-support/,2026-09-11
501 Studios,https://501studiosphoto.com,Commercial Construction / AEC,Las Vegas,Nevada,,,AIA Las Vegas Directory Contact,info@501studiosphoto.com,Named,Verified - Public Professional Directory,AIA Las Vegas official firm directory,https://aialasvegas.org/allied-members/501-studios/,2026-09-11
AECIndustryPro,https://aecindustrypro.com,Commercial Construction / AEC,Las Vegas,Nevada,,,AIA Las Vegas Directory Contact,lorimlea@aecindustrypro.com,Named,Verified - Public Professional Directory,AIA Las Vegas official firm directory,https://aialasvegas.org/allied-members/aecindustrypro/,2026-09-11
"Affordable Concepts, Inc. – Commercial General Contractors",https://acilv.com,Commercial Construction / AEC,Las Vegas,Nevada,,,AIA Las Vegas Directory Contact,ntill@acilv.com,Named,Verified - Public Professional Directory,AIA Las Vegas official firm directory,https://aialasvegas.org/allied-members/affordable-concepts-inc-commercial-general-contractors/,2026-09-11
American Insurance,https://american-ins.com,Commercial Construction / AEC,Las Vegas,Nevada,,,AIA Las Vegas Directory Contact,jim.knight@american-ins.com,Named,Verified - Public Professional Directory,AIA Las Vegas official firm directory,https://aialasvegas.org/allied-members/american-insurance/,2026-09-11
Bank of Nevada,https://bankofnevada.com,Commercial Construction / AEC,Las Vegas,Nevada,,,AIA Las Vegas Directory Contact,valcantara@bankofnevada.com,Named,Verified - Public Professional Directory,AIA Las Vegas official firm directory,https://aialasvegas.org/allied-members/bank-of-nevada/,2026-09-11
BLT SMRT,https://bltsmrt.com,Commercial Construction / AEC,Las Vegas,Nevada,,,AIA Las Vegas Directory Contact,info@bltsmrt.com,Named,Verified - Public Professional Directory,AIA Las Vegas official firm directory,https://aialasvegas.org/allied-members/blt-smrt/,2026-09-11
Black Mountain Construction,https://blackmountainconstruction.com,Commercial Construction / AEC,Las Vegas,Nevada,,,AIA Las Vegas Directory Contact,jeff@blackmountainconstruction.com,Named,Verified - Public Professional Directory,AIA Las Vegas official firm directory,https://aialasvegas.org/allied-members/black-mountain-construction/,2026-09-11
Builders United,https://buildersunited.com,Commercial Construction / AEC,Las Vegas,Nevada,,,AIA Las Vegas Directory Contact,bids@buildersunited.com,Named,Verified - Public Professional Directory,AIA Las Vegas official firm directory,https://aialasvegas.org/allied-members/builders-united/,2026-09-11
"Coffman Engineers, Inc.",https://coffman.com,Commercial Construction / AEC,Las Vegas,Nevada,,,AIA Las Vegas Directory Contact,cory.hillebrand@coffman.com,Named,Verified - Public Professional Directory,AIA Las Vegas official firm directory,https://aialasvegas.org/allied-members/coffman-engineers-inc/,2026-09-11
Cragin & Pike,https://cragin-pike.com,Commercial Construction / AEC,Las Vegas,Nevada,,,AIA Las Vegas Directory Contact,dblack@cragin-pike.com,Named,Verified - Public Professional Directory,AIA Las Vegas official firm directory,https://aialasvegas.org/allied-members/cragin-pike/,2026-09-11
Create Spaces,https://createspaces.com,Commercial Construction / AEC,Las Vegas,Nevada,,,AIA Las Vegas Directory Contact,sgalloway@createspaces.com,Named,Verified - Public Professional Directory,AIA Las Vegas official firm directory,https://aialasvegas.org/allied-members/create-spaces/,2026-09-11
"DECOLights, Inc.",https://decolightsinc.com,Commercial Construction / AEC,Las Vegas,Nevada,,,AIA Las Vegas Directory Contact,derekd@decolightsinc.com,Named,Verified - Public Professional Directory,AIA Las Vegas official firm directory,https://aialasvegas.org/allied-members/decolights-inc/,2026-09-11
Divergent Consulting Engineers,https://divergentce.com,Commercial Construction / AEC,Las Vegas,Nevada,,,AIA Las Vegas Directory Contact,nick.moriarty@divergentce.com,Named,Verified - Public Professional Directory,AIA Las Vegas official firm directory,https://aialasvegas.org/allied-members/divergent-consulting-engineers/,2026-09-11
FEA Consulting Engineers,https://fealasvegas.com,Commercial Construction / AEC,Las Vegas,Nevada,,,AIA Las Vegas Directory Contact,info@fealasvegas.com,Named,Verified - Public Professional Directory,AIA Las Vegas official firm directory,https://aialasvegas.org/allied-members/fea-consulting-engineers/,2026-09-11
ForeverLawn Las Vegas,https://lasvegas.foreverlawn.com,Commercial Construction / AEC,Las Vegas,Nevada,,,AIA Las Vegas Directory Contact,office@lasvegas.foreverlawn.com,Named,Verified - Public Professional Directory,AIA Las Vegas official firm directory,https://aialasvegas.org/allied-members/foreverlawn-las-vegas/,2026-09-11
Grand Canyon Development Partners,https://grandcanyoninc.com,Commercial Construction / AEC,Las Vegas,Nevada,,,AIA Las Vegas Directory Contact,snicholson@grandcanyoninc.com,Named,Verified - Public Professional Directory,AIA Las Vegas official firm directory,https://aialasvegas.org/allied-members/grand-canyon-development-partners/,2026-09-11
IB Roof Systems,https://ibroof.com,Commercial Construction / AEC,Las Vegas,Nevada,,,AIA Las Vegas Directory Contact,jon.belnap@ibroof.com,Named,Verified - Public Professional Directory,AIA Las Vegas official firm directory,https://aialasvegas.org/allied-members/ib-roof-systems/,2026-09-11
"Innova Technologies, Inc.",https://innovanv.com,Commercial Construction / AEC,Las Vegas,Nevada,,,AIA Las Vegas Directory Contact,adrianag@innovanv.com,Named,Verified - Public Professional Directory,AIA Las Vegas official firm directory,https://aialasvegas.org/allied-members/innova-technologies-inc/,2026-09-11
"Kordt Engineering Group, LLC",https://kordteg.com,Commercial Construction / AEC,Las Vegas,Nevada,,,AIA Las Vegas Directory Contact,info@kordteg.com,Named,Verified - Public Professional Directory,AIA Las Vegas official firm directory,https://aialasvegas.org/allied-members/kordt-engineering-group-llc/,2026-09-11
LiDAR As-Built Drawings,https://lidarpreciseplans.com,Commercial Construction / AEC,Las Vegas,Nevada,,,AIA Las Vegas Directory Contact,info@lidarpreciseplans.com,Named,Verified - Public Professional Directory,AIA Las Vegas official firm directory,https://aialasvegas.org/allied-members/lidar-as-built-drawings/,2026-09-11
"Lochsa Engineering, LLC",https://lochsa.com,Commercial Construction / AEC,Las Vegas,Nevada,,,AIA Las Vegas Directory Contact,kirk.ausban@lochsa.com,Named,Verified - Public Professional Directory,AIA Las Vegas official firm directory,https://aialasvegas.org/allied-members/lochsa-engineering-llc/,2026-09-11
Michael Tessler Photography,https://tesslerphotography.com,Commercial Construction / AEC,Las Vegas,Nevada,,,AIA Las Vegas Directory Contact,michael@tesslerphotography.com,Named,Verified - Public Professional Directory,AIA Las Vegas official firm directory,https://aialasvegas.org/allied-members/michael-tessler-photography/,2026-09-11
Nevada General Construction,https://nevgen.com,Commercial Construction / AEC,Las Vegas,Nevada,,,AIA Las Vegas Directory Contact,mdurham@nevgen.com,Named,Verified - Public Professional Directory,AIA Las Vegas official firm directory,https://aialasvegas.org/allied-members/nevada-general-construction/,2026-09-11
"OCMI, Inc.",https://ocmi.com,Commercial Construction / AEC,Las Vegas,Nevada,,,AIA Las Vegas Directory Contact,marketing@ocmi.com,Named,Verified - Public Professional Directory,AIA Las Vegas official firm directory,https://aialasvegas.org/allied-members/ocmi-inc/,2026-09-11
RED Consulting Engineers,https://redcengineers.com,Commercial Construction / AEC,Las Vegas,Nevada,,,AIA Las Vegas Directory Contact,resparza@redcengineers.com,Named,Verified - Public Professional Directory,AIA Las Vegas official firm directory,https://aialasvegas.org/allied-members/red-consulting-engineers/,2026-09-11
"Remis Computer Solutions, LLC",https://remiscs.com,Commercial Construction / AEC,Las Vegas,Nevada,,,AIA Las Vegas Directory Contact,aremis@remiscs.com,Named,Verified - Public Professional Directory,AIA Las Vegas official firm directory,https://aialasvegas.org/allied-members/remis-computer-solutions-llc/,2026-09-11
"Schwob Acoustics, Inc.",https://schwobacoustics.com,Commercial Construction / AEC,Las Vegas,Nevada,,,AIA Las Vegas Directory Contact,mike@schwobacoustics.com,Named,Verified - Public Professional Directory,AIA Las Vegas official firm directory,https://aialasvegas.org/allied-members/schwob-acoustics-inc/,2026-09-11
Southwestern Mechanical,https://swmech.com,Commercial Construction / AEC,Las Vegas,Nevada,,,AIA Las Vegas Directory Contact,areid@swmech.com,Named,Verified - Public Professional Directory,AIA Las Vegas official firm directory,https://aialasvegas.org/allied-members/southwestern-mechanical/,2026-09-11
Strategic Wealth Design,https://strategicwd.com,Commercial Construction / AEC,Las Vegas,Nevada,,,AIA Las Vegas Directory Contact,info@strategicwd.com,Named,Verified - Public Professional Directory,AIA Las Vegas official firm directory,https://aialasvegas.org/allied-members/strategic-wealth-design/,2026-09-11
Taylor International,https://taylor-usa.com,Commercial Construction / AEC,Las Vegas,Nevada,,,AIA Las Vegas Directory Contact,alex@taylor-usa.com,Named,Verified - Public Professional Directory,AIA Las Vegas official firm directory,https://aialasvegas.org/allied-members/taylor-international/,2026-09-11
THOMAD Engineering LLC,https://thomadengr.com,Commercial Construction / AEC,Las Vegas,Nevada,,,AIA Las Vegas Directory Contact,info@thomadengr.com,Named,Verified - Public Professional Directory,AIA Las Vegas official firm directory,https://aialasvegas.org/allied-members/thomad-engineering-llc/,2026-09-11
"TJK Consulting Engineers, Inc.",https://tjkengineers.com,Commercial Construction / AEC,Las Vegas,Nevada,,,AIA Las Vegas Directory Contact,khasshaw@tjkengineers.com,Named,Verified - Public Professional Directory,AIA Las Vegas official firm directory,https://aialasvegas.org/allied-members/tjk-consulting-engineers-inc/,2026-09-11
"W&D Law, LLP",https://wdlaw.com,Commercial Construction / AEC,Las Vegas,Nevada,,,AIA Las Vegas Directory Contact,info@wdlaw.com,Named,Verified - Public Professional Directory,AIA Las Vegas official firm directory,https://aialasvegas.org/allied-members/wd-law-llp/,2026-09-11
Raleigh Architecture Co.,https://www.raleigh-architecture.com,Architecture / Design-Build,Raleigh,NC,,,Architecture and Construction,info@raleigh-architecture.com,Role-Based,Verified - Published Official Website,Official website contact page,https://www.raleigh-architecture.com/contact,2026-09-11
BB+M Architecture,https://www.bbm-arch.com,Architecture,Charlotte,NC,,,General Inquiries,admin@bbm-arch.com,Role-Based,Verified - Published Official Website,Official website contact page,https://www.bbm-arch.com/contact-us,2026-09-11
WKWW Architects,https://wkwwarchitects.com,Architecture,Charlotte,NC,,,Office,wkww@wkwwarchitects.com,Role-Based,Verified - Published Official Website,Official website contact page,https://wkwwarchitects.com/contact-wkww-architects,2026-09-11
Carolina Commercial Contractors,https://carolinacommercialnc.com,Commercial General Contractor,Sanford,NC,,,General Inquiries,info@carolinacommercialnc.com,Role-Based,Verified - Published Official Website,Official website contact page,https://carolinacommercialnc.com/contact,2026-09-11
Commercial Building Inc.,https://commercialbuildingnc.com,Commercial General Contractor / Renovation,Fayetteville,NC,,,Office,cbi@commercialbuildingnc.com,Role-Based,Verified - Published Official Website,Official website contact page,http://commercialbuildingnc.com/contact-us,2026-09-11
CJC Custom Homes,https://www.cjccustomhomes.com,Luxury Custom Homebuilder,Raleigh,NC,,,General Inquiries,info@cjccustomhomes.com,Role-Based,Verified - Published Official Website,Official website contact page,https://www.cjccustomhomes.com/contact.html,2026-09-11
New Old Custom Homes,https://www.newold.com,Luxury Custom Homebuilder,Charlotte,NC,,,Building Inquiries,building@newold.com,Role-Based,Verified - Published Official Website,Official website contact page,https://www.newold.com/contact,2026-09-11
Rock Creek Builders,https://rockcreekbuildersnc.com,Custom Homebuilder / Renovation,Raleigh,NC,James,,Owner / Builder,james@rockcreekbuildersnc.com,Named,Verified - Published Official Website,Official website contact page,https://rockcreekbuildersnc.com/contact,2026-09-11
Carolina Craftsman Builders,https://carolinacraftsmanbuilders.com,Luxury Custom Homebuilder,Charlotte,NC,,,General Inquiries,info@carolinacraftsmanbuilders.com,Role-Based,Verified - Published Official Website,Official website contact page,https://carolinacraftsmanbuilders.com/contact,2026-09-11
Mitchco Custom Builders,https://www.mitchcocustombuilders.com,Custom Homebuilder,Winston-Salem,NC,Geoff,,Builder,geoff@mitchcocustombuilders.com,Named,Verified - Published Official Website,Official website contact page,https://www.mitchcocustombuilders.com/contact-us,2026-09-11
Raleigh Development Company,https://www.raleighdevelopment.com,Commercial Real Estate Developer,Raleigh,NC,,,General Inquiries,info@raleighdevelopment.com,Role-Based,Verified - Published Official Website,Official website contact page,https://www.raleighdevelopment.com/contactrdc,2026-09-11
Harris Development Group,https://harrisdevelopmentgroup.com,Commercial Real Estate Developer,Charlotte,NC,,,General Inquiries,info@harrisdevelopmentgroup.com,Role-Based,Verified - Published Official Website,Official website contact page,https://harrisdevelopmentgroup.com/contact,2026-09-11
Catalyst Capital Partners,https://www.catalystcp.com,Commercial / Multifamily Developer,Charlotte,NC,,,Investor Relations,investorrelations@catalystcp.com,Role-Based,Verified - Published Official Website,Official website contact page,https://www.catalystcp.com/contact-us,2026-09-11
Charlotte Civil Engineering Services,https://charlottecivilengineeringservices.com,Civil Engineering,Charlotte,NC,,,General Inquiries,info@charlottecivilengineeringservices.com,Role-Based,Verified - Published Official Website,Official website contact page,https://charlottecivilengineeringservices.com/contact-us,2026-09-11
Finley Design,https://www.finleydesignarch.com,Architecture / Interiors,Durham,NC,,,General Inquiries,info@finleydesignarch.com,Role-Based,Verified - Published Official Website,Official website contact page,https://www.finleydesignarch.com/contact,2026-09-11
DTW Architects & Planners,https://dtwarch.com,Architecture / Planning,Durham,NC,,,General Inquiries,info@dtwarch.com,Role-Based,Verified - Published Official Website,Official website contact page,https://dtwarch.com/contact,2026-09-11
Studio Forty,https://studioforty.net,Architecture / Space Planning,Raleigh,NC,,,General Inquiries,info@studioforty.net,Role-Based,Verified - Published Official Website,Official website contact page,https://studioforty.net/contact-us,2026-09-11
BrookeChase Properties,https://www.brookechaseproperties.com,Commercial / Residential Developer,Matthews,NC,,,Owner / Broker / Developer,bcpinfo@brookechaseproperties.com,Role-Based,Verified - Published Official Website,Official website contact page,https://www.brookechaseproperties.com,2026-09-11
Carolina Development Group,https://www.carolinadevgroup.com,Land / Commercial Developer,Raleigh,NC,,,General Inquiries,info@carolinadevgroup.com,Role-Based,Verified - Published Official Website,Official website contact page,https://www.carolinadevgroup.com/contact,2026-09-11
GS Carolina,https://gscarolina.com,Real Estate Developer / Manager,Charlotte,NC,,,General Inquiries,info@gscarolina.com,Role-Based,Verified - Published Official Website,Official website contact page,http://gscarolina.com/contact.htm,2026-09-11
DC Design Build Associates,https://www.designbuildavl.com,Design-Build Firm,Asheville,NC,,,General Inquiries,info@designbuildavl.com,Role-Based,Verified - Published Official Website,Official website homepage,https://www.designbuildavl.com/,2026-09-11
Trinity Design/Build,https://www.trinitydesignbuild.com,Design-Build Firm,Durham,NC,,,General Inquiries,info@trinitydesignbuild.com,Role-Based,Verified - Published Official Website,Official website contact page,https://www.trinitydesignbuild.com/contact,2026-09-11
Scroggs Construction,https://scroggsconstruction.com,Design-Build Firm / Custom Homebuilder,Asheville,NC,,,Office,office@scroggsconstruction.com,Role-Based,Verified - Published Official Website,Official website design-build page,https://scroggsconstruction.com/services/design-build,2026-09-11
Alexander Design Build,https://alexanderdesignbuild.com,Design-Build General Contractor,Clayton,NC,,,General Inquiries,info@alexanderdesignbuild.com,Role-Based,Verified - Published Official Website,Official website contact page,https://alexanderdesignbuild.com/contact-us,2026-09-11
Armen Construction,https://armenconstruction.com,Commercial General Contractor,Charlotte,NC,Victor,Ariza,Contact,victor@armenconstruction.com,Named,Verified - Official Public Document,NCDOT plan holder list,https://connect.ncdot.gov/letting/Division%208%20Letting/6-22-2021/2021_D1_Concrete_Contract_11972450_PLAN_HOLDER_LIST.pdf,2026-09-11
ASJ Wilson Construction,https://asjwilsonconstruction.com,Commercial General Contractor,Greensboro,NC,Josephus,Wilson,Contact,joe@asjwilsonconstruction.com,Named,Verified - Official Public Document,NCDOT plan holder list,https://connect.ncdot.gov/letting/Division%208%20Letting/04-12-2022/DH00342_R-5825_Chatham_Plan_holder.pdf,2026-09-11
Atlantic Contracting Company,https://atlanticcontractinginc.com,Commercial General Contractor,Greensboro,NC,Niveen,Kattan,Contact,niveen@atlanticcontractinginc.com,Named,Verified - Official Public Document,NCDOT plan holder list,https://connect.ncdot.gov/letting/Division%208%20Letting/04-12-2022/DH00342_R-5825_Chatham_Plan_holder.pdf,2026-09-11
Carolina Site Concepts,https://carolinasiteconcepts.com,Site / Commercial Contractor,Charlotte,NC,William,Sclater Heindl,Contact,sheindl@carolinasiteconcepts.com,Named,Verified - Official Public Document,NCDOT plan holder list,https://connect.ncdot.gov/letting/Division%208%20Letting/6-22-2021/2021_D1_Concrete_Contract_11972450_PLAN_HOLDER_LIST.pdf,2026-09-11
Blythe Development,https://blythedevelopment.com,Commercial / Infrastructure Contractor,Charlotte,NC,Frank,Blythe,Contact,frankb@blythedevelopment.com,Named,Verified - Official Public Document,NCDOT plan holder list,https://connect.ncdot.gov/letting/Division%208%20Letting/04-12-2022/DH00342_R-5825_Chatham_Plan_holder.pdf,2026-09-11
CW Architects,https://www.cwarch.design,Architecture,Nashville,Tennessee,,,Principal,jacob@cwarch.design,Named,Verified - Published Official Website,Official website contact page,https://www.cwarch.design/contact-us,2026-09-11
MZA Architecture & Interiors,https://mzarch.com,Architecture,Nashville,Tennessee,,,Architecture and interiors firm,info@mzarch.com,Role-Based,Verified - Published Official Website,Official website contact page,https://mzarch.com/contact,2026-09-11
EOA Architects,https://eoa-architects.com,Architecture,Nashville,Tennessee,,,Architecture firm,eoa@eoa-architects.com,Role-Based,Verified - Published Official Website,Official website contact page,https://eoa-architects.com/contact/,2026-09-11
KMR Tennessee,https://www.kmrtennessee.com,General Contractor,Nashville,Tennessee,,,General contractor,info@kmrtennessee.com,Role-Based,Verified - Published Official Website,Official website contact page,https://www.kmrtennessee.com/contact,2026-09-11
JAC Construction,https://www.jac-construction.com,General Contractor,Nashville,Tennessee,Joe,,General contractor,joe@jac-construction.com,Named,Verified - Published Official Website,Official website contact page,https://www.jac-construction.com/contact,2026-09-11
TNG Contractors,https://www.tngcontractors.com,General Contractor,Nashville,Tennessee,Akbar,,General contractor,akbar@tngcontractors.com,Named,Verified - Published Official Website,Official website contact page,https://www.tngcontractors.com/contact,2026-09-11
Covenant Constructors,https://www.covenantconstructorsllc.com,General Contractor,Nashville,Tennessee,,,Commercial contractor,info@covenantconstructorsllc.com,Role-Based,Verified - Published Official Website,Official website contact page,https://www.covenantconstructorsllc.com/contact,2026-09-11
VBG,http://vbgllc.com,General Contractor,Nashville,Tennessee,,,Commercial general contractor,admin@vbgllc.com,Role-Based,Verified - Published Official Website,Official website contact page,http://vbgllc.com/contact,2026-09-11
The Architecture Collaborative,https://www.tac-45.com,Architecture,Knoxville,Tennessee,,,Architecture firm,info@tac-45.com,Role-Based,Verified - Published Official Website,Official website contact page,https://www.tac-45.com/contact,2026-09-11
Brewer Ingram Fuller Architects,https://www.breweringramfuller.com,Architecture,Knoxville,Tennessee,,,Architecture firm,mail@breweringramfuller.com,Role-Based,Verified - Published Official Website,Official website contact page,https://www.breweringramfuller.com/contact,2026-09-11
Johnson Architecture,https://jainc.com,Architecture,Knoxville,Tennessee,,,Architecture firm,info@jainc.com,Role-Based,Verified - Published Official Website,Official website contact page,https://jainc.com/connect,2026-09-11
Tower Construction,https://www.towerconstructionco.com,General Contractor,Chattanooga,Tennessee,,,Commercial and residential construction,contact@towerconstructionco.com,Role-Based,Verified - Published Official Website,Official website contact page,https://www.towerconstructionco.com/contact,2026-09-11
Morgan Construction Company,https://www.morganconstruction.com,General Contractor,Chattanooga,Tennessee,,,Construction company,build@morganconstruction.com,Role-Based,Verified - Published Official Website,Official website contact page,https://www.morganconstruction.com/contact,2026-09-11
P&C Construction,https://www.pc-const.com,General Contractor,Chattanooga,Tennessee,,,Construction company,bidding@pc-const.com,Role-Based,Verified - Published Official Website,Official website contact page,https://www.pc-const.com/contact,2026-09-11
Mountain City Construction,https://mtncityconstruction.com,Custom Homebuilder,Chattanooga,Tennessee,Karen,,Custom homebuilder,karen@mtncityconstruction.com,Named,Verified - Published Official Website,Official website contact page,https://mtncityconstruction.com/contact,2026-09-11
James H. Wright Construction,https://www.jhwcc.com,General Contractor,Chattanooga,Tennessee,,,Construction company,admin@jhwcc.com,Role-Based,Verified - Published Official Website,Official website contact page,https://www.jhwcc.com/contact_jamehwright,2026-09-11
Architecture Inc.,https://archincmemphis.com,Architecture,Memphis,Tennessee,,,Architecture firm,info@archincmemphis.com,Role-Based,Verified - Published Official Website,Official website contact page,https://archincmemphis.com/contact,2026-09-11
O.T. Marshall Architects,https://otma.com,Architecture,Memphis,Tennessee,,,Architecture firm,architect@otma.com,Role-Based,Verified - Published Official Website,Official website contact page,https://otma.com/contact,2026-09-11
MNB Architecture,https://www.mnbarchitecture.com,Architecture,Memphis,Tennessee,,,Architecture firm,info@mnbarchitecture.com,Role-Based,Verified - Published Official Website,Official website contact page,https://www.mnbarchitecture.com/contact,2026-09-11
BGKT Architects,https://bgktarchitects.com,Architecture,Memphis,Tennessee,,,Architecture firm,info@bgktarchitects.com,Role-Based,Verified - Published Official Website,Official website contact page,https://bgktarchitects.com/contact-us,2026-09-11
Makowsky Ringel Greenberg,https://mrgmemphis.com,Developer,Memphis,Tennessee,,,Commercial and multifamily real estate,contact@mrgmemphis.com,Role-Based,Verified - Published Official Website,Official website contact page,https://mrgmemphis.com/contact,2026-09-11
Design Build Partners,https://designbuildpartners.com,Design-Build,Nashville,Tennessee,Rob,Cochran,Principal,rcochran@designbuildpartners.com,Named,Verified - Published Official Website,Official website contact page,https://designbuildpartners.com/contact,2026-09-11
Design Build Construction LLC,https://www.dbcllctn.com,Design-Build,Kingsport,Tennessee,,,Design-build firm,info@dbcllctn.com,Role-Based,Verified - Published Official Website,Official website,https://www.dbcllctn.com/,2026-09-11
CDP Architecture,https://www.cdparchitecture.com,Architecture,Nashville,Tennessee,,,Architecture firm,info@cdparchitecture.com,Role-Based,Verified - Published Official Website,Project page contact listing,https://www.cdparchitecture.com/hb-properties,2026-09-11
DC Texas Architecture,https://dctexasarch.com,Architecture Firm,Waxahachie,Texas,,,General Contact,info@dctexasarch.com,Role-Based,Verified - Published Public Web Source,Official company website,https://dctexasarch.com/contact-us,2026-09-11
ATX Architects,https://atxarchitects.com,Architecture Firm,Austin,Texas,,,General Contact,info@atxarchitects.com,Role-Based,Verified - Published Public Web Source,Official company website,https://www.atxarchitects.com/contact-us,2026-09-11
SZS Architecture,https://szsarchitecture.com,Architecture Firm,Bryan,Texas,,,General Contact,info@szsarchitecture.com,Role-Based,Verified - Published Public Web Source,Official company website,https://szsarchitecture.com/contact-us,2026-09-11
Stephen J Kramer Architecture + Design,https://sjkramer.com,Architecture Firm,San Antonio,Texas,,,General Contact,sjkarc.sa@sjkramer.com,Role-Based,Verified - Published Public Web Source,Professional directory,https://directory.tpr.org/texas/san-antonio/architecture/stephen-j-kramer-architecture-design-inc,2026-09-11
Architexas,https://architexas.com,Architecture Firm,Austin,Texas,,,General Contact,snoble@architexas.com,Role-Based,Verified - Published Public Web Source,Professional directory,http://aiaaustin.org/architects/architexas/,2026-09-11
TCS Engineering,https://tcsengineering.com,Engineering Firm,Dallas,Texas,,,General Contact,admin@tcsengineering.com,Role-Based,Verified - Published Public Web Source,Official company website,https://tcsengineering.com/contact,2026-09-11
Centex Engineering,https://centexeng.com,Engineering Firm,Austin,Texas,,,General Contact,info@centexeng.com,Role-Based,Verified - Published Public Web Source,Official company website,https://centexeng.com/contact,2026-09-11
Centex Engineers,https://centexengineers.com,Engineering Firm,Texas,Texas,,,General Contact,info@centexengineers.com,Role-Based,Verified - Published Public Web Source,Official company website,https://centexengineers.com/contact,2026-09-11
Texas Engineering,https://engineeringtexas.com,Engineering Firm,Texas,Texas,,,General Contact,info@engineeringtexas.com,Role-Based,Verified - Published Public Web Source,Official company website,https://engineeringtexas.com/contact,2026-09-11
Tex Engineering,https://texeng.com,Engineering Firm,Texas,Texas,,,General Contact,info@texeng.com,Role-Based,Verified - Published Public Web Source,Official company website,https://texeng.com/contact,2026-09-11
Triangle Engineering,https://triangle-engr.com,Engineering Firm,Texas,Texas,,,General Contact,info@triangle-engr.com,Role-Based,Verified - Published Public Web Source,Official company website,https://triangle-engr.com/contact,2026-09-11
Texas Engineering & Surveying,https://texasengg.com,Engineering Firm,Texas,Texas,,,General Contact,sales@texasengg.com,Role-Based,Verified - Published Public Web Source,Official company website,https://texasengg.com/contact,2026-09-11
AEC Corp,https://aeccorp.com,Construction Materials / Interiors,Dallas,Texas,,,General Contact,info@aeccorp.com,Role-Based,Verified - Published Public Web Source,Official company website,https://aeccorp.com/,2026-09-11
Acme Bridge Company,https://acmebridge.com,Engineering / Construction,Texas,Texas,,,General Contact,info@acmebridge.com,Role-Based,Verified - Published Public Web Source,Official company website,https://acmebridge.com/contact,2026-09-11
Austex Building & Construction,https://austexbc.com,General Contractor,Austin,Texas,,,General Contact,info@austexbc.com,Role-Based,Verified - Published Public Web Source,Official company website,https://austexbc.com/contact,2026-09-11
Austin Builders,https://austinbuilders.com,Custom Homebuilder,Austin,Texas,,,General Contact,info@austinbuilders.com,Role-Based,Verified - Published Public Web Source,Official company website,https://austinbuilders.com/contact,2026-09-11
Austin Studio Architects,https://austinstudioarchitects.com,Architecture Firm,Austin,Texas,,,General Contact,info@austinstudioarchitects.com,Role-Based,Verified - Published Public Web Source,Professional directory,https://aiaaustin.org/architects/austin-studio-architects,2026-09-11
Construction Contractors Austin,https://constructioncontractorsaustin.com,General Contractor,Austin,Texas,,,General Contact,info@constructioncontractorsaustin.com,Role-Based,Verified - Published Public Web Source,Official company website,https://constructioncontractorsaustin.com/contact,2026-09-11
CPM Texas,https://cpmtx.com,Construction Management,Texas,Texas,,,General Contact,info@cpmtx.com,Role-Based,Verified - Published Public Web Source,Official company website,https://cpmtx.com/contact,2026-09-11
Creative Design Build,https://creative-design-build.com,Design-Build Firm,Texas,Texas,,,General Contact,info@creative-design-build.com,Role-Based,Verified - Published Public Web Source,Official company website,https://creative-design-build.com/contact,2026-09-11
Custom Texas Construction,https://customtexasconstruction.com,Custom Homebuilder,Texas,Texas,,,General Contact,info@customtexasconstruction.com,Role-Based,Verified - Published Public Web Source,Official company website,https://customtexasconstruction.com/contact,2026-09-11
Dallas Builders,https://dallasbuilders.com,Custom Homebuilder,Dallas,Texas,,,General Contact,info@dallasbuilders.com,Role-Based,Verified - Published Public Web Source,Official company website,https://dallasbuilders.com/contact,2026-09-11
Dallas Commercial Construction,https://dallascommercialconstruction.com,General Contractor,Dallas,Texas,,,General Contact,info@dallascommercialconstruction.com,Role-Based,Verified - Published Public Web Source,Official company website,https://dallascommercialconstruction.com/contact,2026-09-11
DBM Construction,https://dbm-llc.com,General Contractor,Texas,Texas,,,General Contact,info@dbm-llc.com,Role-Based,Verified - Published Public Web Source,Official company website,https://dbm-llc.com/contact,2026-09-11
Down Under Construction,https://downunderconstruction.net,General Contractor,Texas,Texas,,,General Contact,info@downunderconstruction.net,Role-Based,Verified - Published Public Web Source,Official company website,https://downunderconstruction.net/contact,2026-09-11
D Square Builders,https://dsquarebuilders.com,Custom Homebuilder,Texas,Texas,,,General Contact,info@dsquarebuilders.com,Role-Based,Verified - Published Public Web Source,Official company website,https://dsquarebuilders.com/contact,2026-09-11
Harbeck Construction,https://harbeckss.com,General Contractor,Texas,Texas,,,General Contact,info@harbeckss.com,Role-Based,Verified - Published Public Web Source,Official company website,https://harbeckss.com/contact,2026-09-11
Hospitality Management Corporation,https://hospitalitymgt.com,Hospitality Developer/Manager,Lewisville,Texas,,,General Contact,info@hospitalitymgt.com,Role-Based,Verified - Published Public Web Source,Official company website,https://www.hotelmdr.com/contact-us,2026-09-11
Midas Hospitality,https://midashospitality.com,Hospitality Developer,Texas,Texas,,,General Contact,info@midashospitality.com,Role-Based,Verified - Published Public Web Source,Official company website,https://midashospitality.com/contact,2026-09-11
Rampart Multifamily,https://ramparttx.com,Multifamily Developer,Texas,Texas,,,General Contact,info@ramparttx.com,Role-Based,Verified - Published Public Web Source,Official company website,https://ramparttx.com/,2026-09-11
Texas Multifamily Team,https://texasmt.com,Multifamily Advisory,Lubbock,Texas,,,General Contact,contact@texasmt.com,Role-Based,Verified - Published Public Web Source,Official company website,https://www.texasmt.com/contact,2026-09-11
The Multifamily Group,https://multifamilygrp.com,Multifamily Advisory,Dallas,Texas,,,General Contact,tmg@multifamilygrp.com,Role-Based,Verified - Published Public Web Source,Official company website,https://multifamilygrp.com/contact,2026-09-11
Texas Industrial Choice,https://texasindustrialchoice.com,Industrial Contractor,Lubbock,Texas,,,General Contact,info@texasindustrialchoice.com,Role-Based,Verified - Published Public Web Source,Official company website,https://texasindustrialchoice.com/contact,2026-09-11
Corvus Construction,https://corvusconstruction.com,Tenant Improvement Contractor,Houston,Texas,,,General Contact,info@corvusconstruction.com,Role-Based,Verified - Published Public Web Source,Official company website,https://corvusconstruction.com/tenant-improvement,2026-09-11
Texas Commercial Construction,https://txcommercialconstruction.com,General Contractor,Texas,Texas,,,General Contact,info@txcommercialconstruction.com,Role-Based,Verified - Published Public Web Source,Official company website,https://txcommercialconstruction.com/contact,2026-09-11
TX Construct,https://txconstruct.com,General Contractor,Texas,Texas,,,General Contact,info@txconstruct.com,Role-Based,Verified - Published Public Web Source,Official company website,https://txconstruct.com/contact,2026-09-11
TXI Engineering & Construction,https://txi-ec.com,Engineering / Construction,Texas,Texas,,,General Contact,info@txi-ec.com,Role-Based,Verified - Published Public Web Source,Official company website,https://txi-ec.com/contact,2026-09-11
Teal Construction,https://tealcon.com,General Contractor,Texas,Texas,,,General Contact,estimating@tealcon.com,Role-Based,Verified - Published Public Web Source,Official company website,https://tealcon.com/contact,2026-09-11
Texas Star Construction,https://texstarconstruction.com,General Contractor,Texas,Texas,,,General Contact,info@texstarconstruction.com,Role-Based,Verified - Published Public Web Source,Official company website,https://texstarconstruction.com/contact,2026-09-11
Ticon Texas,https://ticontexas.com,General Contractor,Texas,Texas,,,General Contact,info@ticontexas.com,Role-Based,Verified - Published Public Web Source,Official company website,https://ticontexas.com/contact,2026-09-11
Marwood Construction,https://marwoodconstruction.com,General Contractor,Texas,Texas,,,General Contact,info@marwoodconstruction.com,Role-Based,Verified - Published Public Web Source,Official company website,https://marwoodconstruction.com/contact,2026-09-11
Citadel Texas,https://citadel-tx.com,General Contractor,Texas,Texas,,,General Contact,info@citadel-tx.com,Role-Based,Verified - Published Public Web Source,Official company website,https://citadel-tx.com/contact,2026-09-11
Build Oakman,https://buildoakman.com,Custom Homebuilder,Texas,Texas,,,General Contact,info@buildoakman.com,Role-Based,Verified - Published Public Web Source,Official company website,https://buildoakman.com/contact,2026-09-11
True Texas Builders,https://truetexasbuilders.com,Custom Homebuilder,Texas,Texas,,,General Contact,info@truetexasbuilders.com,Role-Based,Verified - Published Public Web Source,Official company website,https://truetexasbuilders.com/contact,2026-09-11
FBG Builder,https://fbgbuilder.com,Custom Homebuilder,Texas,Texas,,,General Contact,mail@fbgbuilder.com,Role-Based,Verified - Published Public Web Source,Official company website,https://fbgbuilder.com/contact,2026-09-11
Design Build Texas,https://dbtxbuilders.com,Design-Build Firm,Irving,Texas,,,General Contact,info@dbtxbuilders.com,Role-Based,Verified - Published Public Web Source,Official company website,https://www.dbtxbuilders.com/contact,2026-09-11
Texas Development Group,https://texasdevelopmentgroup.com,Developer,Texas,Texas,,,General Contact,steve@texasdevelopmentgroup.com,Role-Based,Verified - Published Public Web Source,Official company website,https://texasdevelopmentgroup.com/contact,2026-09-11
HS Development Group,https://hsdevgroup.com,Developer,Texas,Texas,,,General Contact,shelm@hsdevgroup.com,Role-Based,Verified - Published Public Web Source,Official company website,https://hsdevgroup.com/contact,2026-09-11
RWS Architects,https://rwsarchitectsinc.com,Architecture Firm,Texas,Texas,,,General Contact,info@rwsarchitectsinc.com,Role-Based,Verified - Published Public Web Source,Official company website,https://rwsarchitectsinc.com/contact,2026-09-11
AEC Profiles,https://aecprofiles.com,Construction Interiors,Texas,Texas,,,General Contact,info@aecprofiles.com,Role-Based,Verified - Published Public Web Source,Official company website,https://aecprofiles.com/contact,2026-09-11
Take Two Construction,https://takestwoconstruction.com,General Contractor,Texas,Texas,,,General Contact,info@takestwoconstruction.com,Role-Based,Verified - Published Public Web Source,Official company website,https://takestwoconstruction.com/contact,2026-09-11
Amtek USA Houston,https://amtekusa.com,Industrial Contractor,Houston,Texas,,,General Contact,namtek.houston@amtekusa.com,Role-Based,Verified - Published Public Web Source,Official company website,https://amtekusa.com/contact,2026-09-11
Base-4,https://base-4.com,Architecture / Engineering,Texas,Texas,,,General Contact,blairh@base-4.com,Role-Based,Verified - Published Public Web Source,Official company website,https://base-4.com/contact,2026-09-11
ACM Engineering,https://acmecpi.com,Engineering Firm,Texas,Texas,,,General Contact,bday@acmecpi.com,Role-Based,Verified - Published Public Web Source,Official company website,https://acmecpi.com/contact,2026-09-11
ACEE Construction,https://aceeconstruction.com,General Contractor,Texas,Texas,,,General Contact,alyx@aceeconstruction.com,Role-Based,Verified - Published Public Web Source,Official company website,https://aceeconstruction.com/contact,2026-09-11
ACO Inc.,https://aco-inc.com,Engineering / Construction,Texas,Texas,,,General Contact,artcervantes@aco-inc.com,Role-Based,Verified - Published Public Web Source,Official company website,https://aco-inc.com/contact,2026-09-11
National Works,https://nationalworks.com,Construction,Texas,Texas,,,General Contact,jlande@nationalworks.com,Role-Based,Verified - Published Public Web Source,Official company website,https://nationalworks.com/contact,2026-09-11
Texas Water & Land,https://texaswl.com,Engineering / Construction,Texas,Texas,,,General Contact,ldean@texaswl.com,Role-Based,Verified - Published Public Web Source,Official company website,https://texaswl.com/contact,2026-09-11
Texas Cordia,https://texascordia.com,Developer / Construction,Texas,Texas,,,General Contact,yara@texascordia.com,Role-Based,Verified - Published Public Web Source,Official company website,https://texascordia.com/contact,2026-09-11
Texas Custom Homes,https://texascustomhomes.us,Custom Homebuilder,Texas,Texas,,,General Contact,info@texascustomhomes.us,Role-Based,Verified - Published Public Web Source,Official company website,https://texascustomhomes.us/contact,2026-09-11
Texas Construction & Remodeling,https://txbuiltconstruction.com,General Contractor,Texas,Texas,,,General Contact,projects@txbuiltconstruction.com,Role-Based,Verified - Published Public Web Source,Official company website,https://txbuiltconstruction.com/contact,2026-09-11
DHRP,https://dhrp.us,Developer,Texas,Texas,,,General Contact,tiffany@dhrp.us,Role-Based,Verified - Published Public Web Source,Official company website,https://dhrp.us/contact,2026-09-11
SLI Group,https://sligroup.com,Developer,Texas,Texas,,,General Contact,info@sligroup.com,Role-Based,Verified - Published Public Web Source,Official company website,https://sligroup.com/contact,2026-09-11
RKS Group Real Estate,https://rksgrouprealestate.com,Developer,Texas,Texas,,,General Contact,info@rksgrouprealestate.com,Role-Based,Verified - Published Public Web Source,Official company website,https://rksgrouprealestate.com/contact,2026-09-11
TX Reco,https://txreco.com,Developer / Construction,Texas,Texas,,,General Contact,info@txreco.com,Role-Based,Verified - Published Public Web Source,Official company website,https://txreco.com/contact,2026-09-11
Texas Builders,https://texas.builders,Custom Homebuilder,Texas,Texas,,,General Contact,info@texas.builders,Role-Based,Verified - Published Public Web Source,Official company website,https://texas.builders/contact,2026-09-11
H.G. Construction,https://humphries-const.com,General Contractor,Texas,Texas,,,General Contact,info@humphries-const.com,Role-Based,Verified - Published Public Web Source,Official company website,https://humphries-const.com/contact,2026-09-11
Texas Design and Build,https://texasdesignandbuild.com,Design-Build Firm,San Antonio,Texas,,,General Contact,info@texasdesignandbuild.com,Role-Based,Verified - Published Public Web Source,Official company website,https://texasdesignandbuild.com/contact,2026-09-11
E Contractors,https://econtractors.com,General Contractor,Houston,Texas,,,General Contact,info@econtractors.com,Role-Based,Verified - Published Public Web Source,Official company website,https://econtractors.com/contact-general-contractor-houston-tx/,2026-09-11
Virginia A&E PLLC,https://www.virginia-ae.com,Engineering/Architecture,Forest,Virginia,,,General Contact,contact@virginia-ae.com,Role-Based,Verified - Published Official Website,Official website contact page,https://www.virginia-ae.com/contact,2026-09-11
Virginia General Contractor LLC,https://virginiageneralcontractorllc.com,General Contractor,Manassas,Virginia,,,General Contact,info@virginiageneralcontractorllc.com,Role-Based,Verified - Published Official Website,Official website contact page,https://virginiageneralcontractorllc.com/contact-us,2026-09-11
RVA Construction Inc,https://rvaconstruction.com,General Contractor,Ashland,Virginia,,,General Contact,rva@rvaconstruction.com,Role-Based,Verified - Published Official Website,Official website contact page,https://rvaconstruction.com/contact,2026-09-11
KBS Inc,https://kbsgc.com,General Contractor,Richmond,Virginia,,,General Contact,info@kbsgc.com,Role-Based,Verified - Published Official Website,Official website contact page,https://kbsgc.com/contact,2026-09-11
SMBW,https://www.smbw.com,Architecture,Richmond,Virginia,Alex,Pacheco,Principal,apacheco@smbw.com,Named,Verified - Published Official Website,Official website team page,https://www.smbw.com/contact,2026-09-11
Moseley Architects,https://www.moseleyarchitects.com,Architecture,Richmond,Virginia,Doug,Kay,Vice President,dkay@moseleyarchitects.com,Named,Verified - Professional Directory,REJournals business directory,https://rejournals.com/business_listing/moseley-architects,2026-09-11
Timmons Group,https://www.timmons.com,Engineering,Richmond,Virginia,,,General Contact,info@timmons.com,Role-Based,Verified - Published Official Website,Official website contact page,https://www.timmons.com/contact,2026-09-11
Balzer & Associates,https://balzer.cc,Engineering/Architecture,Roanoke,Virginia,Ann,Satterwhite,Contact,asatterwhite@balzer.cc,Named,Verified - Professional Directory,Roanoke Regional Home Builders Association directory,https://rrhba.com/rrhba-profile/balzer-associates-inc,2026-09-11
Fultz Architects,https://fultzsingharchitects.com,Architecture,Richmond,Virginia,,,Studio Contact,studio@fultzsingharchitects.com,Role-Based,Verified - Published Official Website,Official website connect page,https://www.fultzsingharchitects.com/about/connect,2026-09-11
S. B. Ballard Construction,https://sbballard.com,General Contractor,Virginia Beach,Virginia,Steve,Ballard,President,steveb@sbballard.com,Named,Verified - Published Official Website,Official website contact page,https://sbballard.com/contact,2026-09-11
Shamin Hotels,https://www.shaminhotels.com,Hospitality Developer,Richmond,Virginia,,,General Contact,info@shaminhotels.com,Role-Based,Verified - Published Official Website,Official website contact page,http://shaminhotels.com/contact,2026-09-11
Edwards & Daniels Architects,https://edaarch.com,Architecture,Twin Falls,Idaho,Kevin,Thibault,Architect,kthibault@edaarch.com,Named,Verified - Published Public Web Source,Official Idaho Division of Public Works directory PDF,https://dpw.idaho.gov/wp-content/uploads/ProfessionalServices/Regional-AE-List-24-27-with-Contacts.pdf,2026-09-11
JHS Architects,https://jhsarchitects.com,Architecture,Pocatello,Idaho,Scott,Lloyd,Architect,scott@jhsarchitects.com,Named,Verified - Published Public Web Source,Official Idaho Division of Public Works directory PDF,https://dpw.idaho.gov/wp-content/uploads/ProfessionalServices/Regional-AE-List-24-27-with-Contacts.pdf,2026-09-11
NBW Architects,https://nbwarchitects.com,Architecture,Idaho Falls,Idaho,James,Wyatt,Architect,jhw@nbwarchitects.com,Named,Verified - Published Public Web Source,Official Idaho Division of Public Works directory PDF,https://dpw.idaho.gov/wp-content/uploads/ProfessionalServices/Regional-AE-List-24-27-with-Contacts.pdf,2026-09-11
Myers Anderson Architects,https://myersanderson.com,Architecture,Pocatello,Idaho,Richard,Creason,Architect,richard@myersanderson.com,Named,Verified - Published Public Web Source,Official Idaho Division of Public Works directory PDF,https://dpw.idaho.gov/wp-content/uploads/ProfessionalServices/Regional-AE-List-24-27-with-Contacts.pdf,2026-09-11
Hummel Architects,https://hummelarch.com,Architecture,Boise,Idaho,Brian,Riopelle,Architect,briopelle@hummelarch.com,Named,Verified - Published Public Web Source,Official Idaho Division of Public Works directory PDF,https://dpw.idaho.gov/wp-content/uploads/ProfessionalServices/Regional-AE-List-24-27-with-Contacts.pdf,2026-09-11
Hutchison-Smith Architects,https://hsaarchitects.com,Architecture,Boise,Idaho,Glenn,Robinette,Architect,grobinette@hsaarchitects.com,Named,Verified - Published Public Web Source,Official Idaho Division of Public Works directory PDF,https://dpw.idaho.gov/wp-content/uploads/ProfessionalServices/Regional-AE-List-24-27-with-Contacts.pdf,2026-09-11
LCA Architects,https://lcarch.com,Architecture,Boise,Idaho,Alexis,Townsend,Architect,atownsend@lcarch.com,Named,Verified - Published Public Web Source,Official Idaho Division of Public Works directory PDF,https://dpw.idaho.gov/wp-content/uploads/ProfessionalServices/Regional-AE-List-24-27-with-Contacts.pdf,2026-09-11
LKV Architects,https://lkvarchitects.com,Architecture,Boise,Idaho,Brook,Thornton,Architect,brook@lkvarchitects.com,Named,Verified - Published Public Web Source,Official Idaho Division of Public Works directory PDF,https://dpw.idaho.gov/wp-content/uploads/ProfessionalServices/Regional-AE-List-24-27-with-Contacts.pdf,2026-09-11
Treanor,https://treanorhl.com,Architecture,Eagle,Idaho,Curtis,Hendershott,Architect,chendershott@treanorhl.com,Named,Verified - Published Public Web Source,Official Idaho Division of Public Works directory PDF,https://dpw.idaho.gov/wp-content/uploads/ProfessionalServices/Regional-AE-List-24-27-with-Contacts.pdf,2026-09-11
Architects West,https://architectswest.com,Architecture,Coeur d'Alene,Idaho,Steve,Roth,Architect,stever@architectswest.com,Named,Verified - Published Public Web Source,Official Idaho Division of Public Works directory PDF,https://dpw.idaho.gov/wp-content/uploads/ProfessionalServices/Regional-AE-List-24-27-with-Contacts.pdf,2026-09-11
Castellaw Kom Architects,https://ckarchitects.com,Architecture,Lewiston,Idaho,Greg,Castellaw,Architect,gcastellaw@ckarchitects.com,Named,Verified - Published Public Web Source,Official Idaho Division of Public Works directory PDF,https://dpw.idaho.gov/wp-content/uploads/ProfessionalServices/Regional-AE-List-24-27-with-Contacts.pdf,2026-09-11
Keller Associates,https://kellerassociates.com,Engineering,Pocatello,Idaho,TJ,Centanni,Civil Engineer,tjcentanni@kellerassociates.com,Named,Verified - Published Public Web Source,Official Idaho Division of Public Works directory PDF,https://dpw.idaho.gov/wp-content/uploads/ProfessionalServices/Regional-AE-List-24-27-with-Contacts.pdf,2026-09-11
Schiess & Associates Engineers,https://saengrs.com,Engineering,Idaho Falls,Idaho,Paul,Scoresby,Engineer,paul@saengrs.com,Named,Verified - Published Public Web Source,Official Idaho Division of Public Works directory PDF,https://dpw.idaho.gov/wp-content/uploads/ProfessionalServices/Regional-AE-List-24-27-with-Contacts.pdf,2026-09-11
Breckon Land Design,https://bldi.co,Engineering / Land Design,Garden City,Idaho,Jon,Breckon,Land Designer,jbreckon@bldi.co,Named,Verified - Published Public Web Source,Official Idaho Division of Public Works directory PDF,https://dpw.idaho.gov/wp-content/uploads/ProfessionalServices/Regional-AE-List-24-27-with-Contacts.pdf,2026-09-11
KM Engineering,https://kmengllp.com,Engineering,Boise,Idaho,Joe,Pachner,Civil Engineer,joe@kmengllp.com,Named,Verified - Published Public Web Source,Official Idaho Division of Public Works directory PDF,https://dpw.idaho.gov/wp-content/uploads/ProfessionalServices/Regional-AE-List-24-27-with-Contacts.pdf,2026-09-11
HMH LLC,https://hmh-llc.com,Engineering,Coeur d'Alene,Idaho,Justin,Shaw,Engineer,jshaw@hmh-llc.com,Named,Verified - Published Public Web Source,Official Idaho Division of Public Works directory PDF,https://dpw.idaho.gov/wp-content/uploads/ProfessionalServices/Regional-AE-List-24-27-with-Contacts.pdf,2026-09-11
Cator Ruma & Associates,https://catorruma.com,Engineering,Boise,Idaho,Lily,Johnson,Engineer,ljohnson@catorruma.com,Named,Verified - Published Public Web Source,Official Idaho Division of Public Works directory PDF,https://dpw.idaho.gov/wp-content/uploads/ProfessionalServices/Regional-AE-List-24-27-with-Contacts.pdf,2026-09-11
Musgrove Engineering,https://musgrovepa.com,Engineering,Boise,Idaho,Bill,Carter,Engineer,billc@musgrovepa.com,Named,Verified - Published Public Web Source,Official Idaho Division of Public Works directory PDF,https://dpw.idaho.gov/wp-content/uploads/ProfessionalServices/Regional-AE-List-24-27-with-Contacts.pdf,2026-09-11
Engineered Systems Associates,https://engsystems.com,Engineering,Pocatello,Idaho,Dave,Hansen,Mechanical Engineer,esa@engsystems.com,Named,Verified - Published Public Web Source,Official Idaho Division of Public Works directory PDF,https://dpw.idaho.gov/wp-content/uploads/ProfessionalServices/Regional-AE-List-24-27-with-Contacts.pdf,2026-09-11
SEED Idaho,https://seedidaho.com,Engineering,Boise,Idaho,Michael,Jones,Mechanical Engineer,mikejones@seedidaho.com,Named,Verified - Published Public Web Source,Official Idaho Division of Public Works directory PDF,https://dpw.idaho.gov/wp-content/uploads/ProfessionalServices/Regional-AE-List-24-27-with-Contacts.pdf,2026-09-11
LBYD Federal,https://lbyd.com,Engineering,Idaho Falls,Idaho,Nathan,Frongner,Engineer,nfronger@lbyd.com,Named,Verified - Published Public Web Source,Official Idaho Division of Public Works directory PDF,https://dpw.idaho.gov/wp-content/uploads/ProfessionalServices/Regional-AE-List-24-27-with-Contacts.pdf,2026-09-11
GeoProfessional Innovation,https://geoprocorp.com,Engineering,Boise,Idaho,Justin,Maffey,Engineer,jmaffey@geoprocorp.com,Named,Verified - Published Public Web Source,Official Idaho Division of Public Works directory PDF,https://dpw.idaho.gov/wp-content/uploads/ProfessionalServices/Regional-AE-List-24-27-with-Contacts.pdf,2026-09-11
GeoTek,https://geotekusa.com,Engineering,Meridian,Idaho,Luke,Landriani,Engineer,llandriani@geotekusa.com,Named,Verified - Published Public Web Source,Official Idaho Division of Public Works directory PDF,https://dpw.idaho.gov/wp-content/uploads/ProfessionalServices/Regional-AE-List-24-27-with-Contacts.pdf,2026-09-11
STRATA,https://stratageotech.com,Engineering,Boise,Idaho,Mitch,Quick,Engineer,mquick@stratageotech.com,Named,Verified - Published Public Web Source,Official Idaho Division of Public Works directory PDF,https://dpw.idaho.gov/wp-content/uploads/ProfessionalServices/Regional-AE-List-24-27-with-Contacts.pdf,2026-09-11
Northwest Engineering Services,https://nwesi.com,Engineering,Boise,Idaho,Jerry,Burstedt,Engineer,jerryb@nwesi.com,Named,Verified - Published Public Web Source,Official Idaho Division of Public Works directory PDF,https://dpw.idaho.gov/wp-content/uploads/ProfessionalServices/Regional-AE-List-24-27-with-Contacts.pdf,2026-09-11
Drake Integrations,https://drakeintegrations.com,Engineering / Commissioning,Boise,Idaho,Samantha,Drake,Commissioning Engineer,samantha@drakeintegrations.com,Named,Verified - Published Public Web Source,Official Idaho Division of Public Works directory PDF,https://dpw.idaho.gov/wp-content/uploads/ProfessionalServices/Regional-AE-List-24-27-with-Contacts.pdf,2026-09-11
Era-Valdivia Contractors,https://eravaldivia.com,Commercial general contractor,Chicago,IL,,,Estimating,estimating@eravaldivia.com,Role-Based,Verified - Published Public Directory,Illinois DOT contract detail,https://webapps1.dot.illinois.gov/WCTB/LbContractDetail/Index/3931ab2e-3903-43be-bf9e-a5b138e97cfd?contractId=a42fc2f3-99c3-4a5c-b9ef-f7b786a4fd1c&page=2,2026-09-11
Alliance Contractors,https://alliancecontractors.com,Commercial general contractor,Woodstock,IL,,,Estimating,estimating@alliancecontractors.com,Role-Based,Verified - Published Public Directory,Illinois DOT contract detail,https://webapps1.dot.illinois.gov/WCTB/LbContractDetail/Index/3931ab2e-3903-43be-bf9e-a5b138e97cfd?contractId=a42fc2f3-99c3-4a5c-b9ef-f7b786a4fd1c&page=2,2026-09-11
Berger Excavating Contractors,https://bergerexcavating.com,Commercial contractor,Wauconda,IL,,,Contact,jberger@bergerexcavating.com,Named,Verified - Published Public Directory,Illinois DOT contract detail,https://webapps1.dot.illinois.gov/WCTB/LbContractDetail/Index/a7002430-7832-46c2-895c-bb725f67a53f?contractId=29973ccf-069d-4148-99a1-9b0e1130d585&page=2,2026-09-11
Campos Construction,https://camposconstruction.net,Commercial contractor,Rockford,IL,Linda,,Contact,linda@camposconstruction.net,Named,Verified - Published Public Directory,Illinois DOT contract detail,https://webapps1.dot.illinois.gov/WCTB/LbContractDetail/Index/35bb1ba9-8b75-42d4-8893-9a99cecd5594?contractId=17847b71-667c-413e-b92b-3af7d4d39d81&page=2,2026-09-11
Kinney Contractors,https://roadbuilder.net,Commercial contractor,Raymond,IL,,,Contact,kinney@roadbuilder.net,Role-Based,Verified - Published Public Directory,Illinois DOT contract detail,https://webapps1.dot.illinois.gov/WCTB/LbContractDetail/Index/35bb1ba9-8b75-42d4-8893-9a99cecd5594?contractId=17847b71-667c-413e-b92b-3af7d4d39d81&page=2,2026-09-11
Plote Construction,https://plote.com,Civil and commercial contractor,Hoffman Estates,IL,,,Bids,bids@plote.com,Role-Based,Verified - Published Public Directory,Illinois DOT contract detail,https://webapps1.dot.illinois.gov/WCTB/LbContractDetail/Index/3782471b-35d4-4317-b981-4e70572fcb5e?contractId=8be935b3-1b21-4c86-9e16-bfdabb27dfc3&page=2,2026-09-11
Pinto Construction Group,https://pintoconstruction.com,Commercial and institutional contractor,Palos Hills,IL,Richard,Pinto,President,richard.pinto@pintoconstruction.com,Named,Verified - Published Public Directory,Illinois DOT Unified Certification Program,https://webapps.dot.illinois.gov/UCP/ExternalContractor/Index?AutoId=109687,2026-09-11
Illinois Construction & Environmental Consulting,https://iceillinois.com,Engineering and construction inspection,Wheeling,IL,Clayton,Hamano,Contact,chamano@iceillinois.com,Named,Verified - Published Public Directory,Illinois DOT Unified Certification Program,https://webapps.dot.illinois.gov/UCP/ExternalContractor/Index?AutoId=110686,2026-09-11
Comprehensive Construction Consulting,https://comprehensivecc.com,Construction management and engineering,Chicago,IL,Lynn,Dixon,Contact,ldixon@comprehensivecc.com,Named,Verified - Published Public Directory,Illinois DOT Unified Certification Program,https://webapps.dot.illinois.gov/UCP/ExternalContractor/Index?AutoId=110679,2026-09-11
Infrastructure Engineering,https://infra-eng.com,Civil and structural engineering,Chicago,IL,Michael,Sutton,Contact,msutton@infra-eng.com,Named,Verified - Published Public Directory,Illinois DOT Unified Certification Program,https://webapps.dot.illinois.gov/UCP/ExternalContractor/Index?AutoId=109594,2026-09-11
Chicago Area Plumbing,https://chicagoareaplumbing.com,Commercial plumbing contractor,Elk Grove Village,IL,Samantha,Polz,Contact,sam@chicagoareaplumbing.com,Named,Verified - Published Public Directory,Illinois DOT Unified Certification Program,https://webapps.dot.illinois.gov/UCP/ExternalContractor/Index?AutoId=112114,2026-09-11
Exmoor Construction,https://exmoorconstruction.com,Commercial specialty contractor,Barrington,IL,,,Contact,info@exmoorconstruction.com,Role-Based,Verified - Published Public Directory,Illinois DOT Unified Certification Program,https://webapps.dot.illinois.gov/UCP/ExternalContractor/Index?AutoId=112270,2026-09-11
Tower Engineering Group,https://towerengineeringgroup.com,Civil and construction engineering,Chicago,IL,,,Contact,nathan@towerengineeringgroup.com,Named,Verified - Published Public Directory,Illinois DOT Unified Certification Program,https://webapps.dot.illinois.gov/UCP/ExternalContractor/Index?AutoId=112594,2026-09-11
CKL Engineers,https://ckleng.com,Civil engineering firm,Chicago,IL,Mae,Whiteside,Contact,mwhiteside@ckleng.com,Named,Verified - Published Public Directory,Illinois DOT Unified Certification Program,https://webapps.dot.illinois.gov/UCP/ExternalContractor/Index?AutoId=108832,2026-09-11
2IM Group,https://2imgroup.com,Architecture and engineering firm,Chicago,IL,Luis,Montgomery,Contact,luis.m@2imgroup.com,Named,Verified - Published Public Directory,Illinois DOT Unified Certification Program,https://webapps.dot.illinois.gov/UCP/ExternalContractor/Index?AutoId=108685,2026-09-11
Delta Engineering Group,https://deg-america.com,Engineering firm,Chicago,IL,Syed,Kazi,Contact,contact@deg-america.com,Role-Based,Verified - Published Public Directory,Illinois DOT Unified Certification Program,https://webapps.dot.illinois.gov/UCP/ExternalContractor/Index?AutoId=108893,2026-09-11
R & G Engineering,https://rgengineering.net,Engineering firm,Chicago,IL,Richard,Rivera,Contact,rrivera@rgengineering.net,Named,Verified - Published Public Directory,Illinois DOT Unified Certification Program,https://webapps.dot.illinois.gov/UCP/ExternalContractor/Index?AutoId=108957,2026-09-11
Dunnet Bay Construction,https://dunnetbay.net,Civil and commercial contractor,Glendale Heights,IL,,,Estimating,estimating@dunnetbay.net,Role-Based,Verified - Published Public Directory,Illinois DOT contract detail,https://webapps1.dot.illinois.gov/WCTB/LbContractDetail/Index/0e93e203-1cf3-4e92-a42b-36225897b955?contractId=b25276c0-f2cb-40ce-b9c8-fa718ea9e08b&page=2,2026-09-11
Austin Tyler Construction,https://austin-tyler.com,Commercial contractor,Elwood,IL,,,Contact,info@austin-tyler.com,Role-Based,Verified - Published Public Directory,Illinois DOT contract detail,https://webapps1.dot.illinois.gov/WCTB/LbContractDetail/Index/00894c68-fa6d-4bf5-934c-7c6be361833f?contractId=54aa64c6-c4d9-4971-a77b-bb572226b432&page=2,2026-09-11
D Construction,https://dconstruction.com,Commercial contractor,Coal City,IL,,,Bids,bids@dconstruction.com,Role-Based,Verified - Published Public Directory,Illinois DOT contract detail,https://webapps1.dot.illinois.gov/WCTB/LbContractDetail/Index/87a8dc3b-e887-4cb4-ab93-5ef072848f82?contractId=ff78f9e6-11be-4363-8eeb-aecac165c183&page=2,2026-09-11
Landmark Contractors,https://golandmark.com,Commercial contractor,Huntley,IL,,,Estimating,estimating@golandmark.com,Role-Based,Verified - Published Public Directory,Illinois DOT contract detail,https://webapps1.dot.illinois.gov/WCTB/LbContractDetail/Index/a0dc3320-bbd4-45fe-b716-445988dabd2f?contractId=250546d1-af96-476f-a81a-ac903f72f64f&page=2,2026-09-11
Midwestern Contractors,https://midwesterncontractors.com,Construction management and contractor,Elburn,IL,Mike,Purpura,Business Development,mike.purpura@midwesterncontractors.com,Named,Verified - Published Official Website,Official website,http://midwesterncontractors.com/contact,2026-09-11
iBuilders,https://ibuilderscorp.com,Commercial and residential builder,Chicago,IL,,,General Inquiries,ibc@ibuilderscorp.com,Role-Based,Verified - Published Official Website,Official website,https://ibuilderscorp.com/contact,2026-09-11
Chicago Construction Services,https://chicagoconstructions.com,Commercial and residential contractor,Chicago,IL,,,General Inquiries,info@chicagoconstructions.com,Role-Based,Verified - Published Official Website,Official website,https://www.chicagoconstructions.com/contact,2026-09-11
CK Construction Chicago,https://ckconstructionchicago.com,Commercial and industrial contractor,Schaumburg,IL,,,Contact,contact@ckconstructionchicago.com,Role-Based,Verified - Published Official Website,Official website,https://ckconstructionchicago.com/contact-ck-construction,2026-09-11
Chicago Common,https://chicommon.com,Commercial contractor,Chicago,IL,,,Contact,contact@chicommon.com,Role-Based,Verified - Published Official Website,Official website,https://www.chicommon.com/contact,2026-09-11
Builders Chicago,https://builderschicago.com,Commercial specialty contractor,Elk Grove Village,IL,,,Customer Service,info@builderschicago.com,Role-Based,Verified - Published Official Website,Official website,https://builderschicago.com/contact,2026-09-11
Engineering Enterprises,https://eeiweb.com,Civil engineering firm,Sugar Grove,IL,,,General Inquiries,eei@eeiweb.com,Role-Based,Verified - Published Official Website,Official website,https://eeiweb.com/home/contact-us,2026-09-11
Allen + Shariff,https://allenshariff.com,Engineering firm,Chicago,IL,,,General Inquiries,info@allenshariff.com,Role-Based,Verified - Published Official Website,Official website,https://www.allenshariff.com/contact/chicago-il-engineering-office,2026-09-11
WJW Architects,https://wjwarchitects.com,Architecture firm,Chicago,IL,Michelle,Sablack,Energy Efficiency Advocate,michelles@wjwarchitects.com,Named,Verified - Published Public Document,Illinois Energy Conservation Advisory Council listing,https://cdb.illinois.gov/content/dam/soi/en/web/cdb/business/codes/documents/2022-council-membership-listing-with-terms.pdf,2026-09-11
JK Roth,https://jkroth.com,Architecture firm,Chicago,IL,,,Architect,jkr@jkroth.com,Role-Based,Verified - Published Public Document,Illinois Energy Conservation Advisory Council listing,https://cdb.illinois.gov/content/dam/soi/en/web/cdb/business/codes/ecacouncil/ecac/docs/2024-council-membership-listing-with-terms.pdf,2026-09-11
Fujikawa Johnson Gobel Architects,https://fjgarchitects.com,Architecture firm,Chicago,IL,Michael,Pine,Contact,mpine@fjgarchitects.com,Named,Verified - Reliable Directory,Constrafor company directory,https://www.constrafor.com/network/illinois/fujikawa-johnson-gobel-architects,2026-09-11
Kehrer Brothers Construction,https://kehrerco.com,Commercial contractor,O’Fallon,IL,,,Estimating,estimating@kehrerco.com,Role-Based,Verified - Reliable Directory,Southern Illinois Builders Association directory,https://siba-agc.org/MemberInfo/tabid/81/Default.aspx?company=332,2026-09-11
Widman Construction,https://widmanconstruction.com,Civil and industrial contractor,Godfrey,IL,Travis,Widman,President,travis.widman@widmanconstruction.com,Named,Verified - Reliable Directory,Southern Illinois Builders Association directory,https://www.siba-agc.org/Member-Information/company/11493,2026-09-11
Southern Illinois Piping Contractors,https://sipiping.com,Commercial HVAC and plumbing contractor,Carbondale,IL,Stephen,Short,President,sshort@sipiping.com,Named,Verified - Reliable Directory,Southern Illinois Builders Association directory,https://www.siba-agc.org/Member-Information/company/1362,2026-09-11
Harbour Contractors,https://harbour.us,Commercial general contractor,Plainfield,IL,Jim,Prosise,Contact,jprosise@harbour.us,Named,Verified - Public Industry Document,Chicago procurement pre-bid register,https://www.chicago.gov/content/dam/city/depts/dps/PreBids/2025PreBids/PreProp1193011B.pdf,2026-09-11
IHC Construction,https://ihcconstruction.com,Commercial general contractor,Chicago,IL,Craig,Bradley,Contact,cbradley@ihcconstruction.com,Named,Verified - Public Industry Document,Chicago procurement pre-bid register,https://www.chicago.gov/content/dam/city/depts/dps/PreBids/2021PreBids/PreBid1186934.pdf,2026-09-11
F.H. Paschen,https://fhpaschen.com,Commercial general contractor,Chicago,IL,Robert,Winkler,Contact,rwinkler@fhpaschen.com,Named,Verified - Public Industry Document,Chicago procurement pre-bid register,https://www.chicago.gov/content/dam/city/depts/dps/PreBids/2014PreBids/PreBid120595.pdf,2026-09-11
Chicago Commercial Construction,https://ccc-chicago.com,Commercial contractor,Chicago,IL,Frank,Kutschke,Contact,fkutschke@ccc-chicago.com,Named,Verified - Public Industry Document,Chicago procurement pre-bid register,https://www.chicago.gov/content/dam/city/depts/dps/PreBids/2014PreBids/PreBid120595.pdf,2026-09-11
Burling Builders,https://burlingbuilders.com,Commercial builder,Chicago,IL,Paul,Sowa,Contact,psowa@burlingbuilders.com,Named,Verified - Public Industry Document,Chicago procurement pre-bid register,https://www.chicago.gov/content/dam/city/depts/dps/PreBids/2014PreBids/PreBid120595.pdf,2026-09-11
Clark Construction Chicago,https://clarkchicago.com,Commercial general contractor,Chicago,IL,Javid,Aboutorabi,Contact,javid.aboutorabi@clarkchicago.com,Named,Verified - Public Industry Document,Chicago procurement pre-bid register,https://www.chicago.gov/content/dam/city/depts/dps/PreBids/2021PreBids/PreBid1186934.pdf,2026-09-11
Friedler Construction,https://friedlerconstruction.com,Commercial contractor,Chicago,IL,Todd,Guse,Contact,toddg@friedlerconstruction.com,Named,Verified - Public Industry Document,Chicago procurement pre-bid register,https://www.chicago.gov/content/dam/city/depts/dps/PreBids/2021PreBids/PreBid1186934.pdf,2026-09-11
American Group Contractors,https://americangroupcontractors.com,Commercial General Contractor,Beltsville,Maryland,,,General inquiries,js@americangroupcontractors.com,Role-Based,Verified - Published Official Website,Official company website,https://americangroupcontractors.com/,2026-09-11
WMB LLC,https://wmbre.com,Home Builder / Improvement Contractor,National Harbor,Maryland,,,General inquiries,info@wmbre.com,Role-Based,Verified - Published Official Website,Official company website,https://wmbre.com/contact,2026-09-11
Maryland Real Estate Development,https://mred.us,Commercial / Residential Developer,Clarksville,Maryland,,,General inquiries,info@mred.us,Role-Based,Verified - Published Official Website,Official company website,https://www.mred.us/,2026-09-11
Maryland Economic Development Corporation,https://medco-corp.com,Commercial / Multifamily Developer,Baltimore,Maryland,Thomas,Sadowski,Executive Director,t_sadowski@medco-corp.com,Named,Verified - Published Official Document,State of Maryland official manual,https://www.msa.maryland.gov/msa/mdmanual/25ind/html/26econ.html,2026-09-11
Marenberg Enterprises,https://meirealestate.com,Land Developer / Builder,Baltimore,Maryland,Jill,Steele-McGhee,Vice President,jill@meirealestate.com,Named,Verified - Published Official Website,Official company website,http://www.meirealestate.com/contact.html,2026-09-11
CAS Engineering,https://casengineering.com,Civil / Site Engineering,Frederick,Maryland,,,General inquiries,info@casengineering.com,Role-Based,Verified - Published Official Website,Official company website,https://casengineering.com/contact-us,2026-09-11
CST Engineering,https://cstengineers.com,Civil / Roadway Engineering,Columbia,Maryland,,,General inquiries,info@cstengineers.com,Role-Based,Verified - Published Official Website,Official company website,https://cstengineer.com/services/civil-roadway-engineering,2026-09-11
Elite Engineering,https://eliteeng.co,Civil / Site Engineering,Columbia,Maryland,Alex,Miljkovic,Principal,amiljkovic@eliteeng.co,Named,Verified - Published Official Website,Official company website,https://www.eliteeng.co/,2026-09-11
CSI Engineering,https://csie.com,Civil / Environmental Engineering,Laurel,Maryland,,,Corporate inquiries,corporate@csie.com,Role-Based,Verified - Published Official Website,Official company website,https://www.csie.com/about/contact,2026-09-11
VIKA Maryland,https://vikamd.com,Civil / Land Development Engineering,Gaithersburg,Maryland,Jason,Evans,Principal Associate / Civil Engineer,jason.evans@vikamd.com,Named,Verified - Published Official Website,Official company website,https://www.vika.com/leadership/jason-evans,2026-09-11
EBA Engineering,https://ebaengineering.com,Civil / Environmental Engineering,Laurel,Maryland,,,General inquiries,eba@ebaengineering.com,Role-Based,Verified - Reliable Public Directory,Company profile directory,https://www.crunchbase.com/organization/eba-engineering-inc,2026-09-11
McLaren - A Division of KCI,https://www.kci.com,Structural / Civil / Construction Engineering,Baltimore,Maryland,David,McLaren,Regional Practice Leader,david.mclaren@kci.com,Named,Verified - Published Official Document,Official company project brochure,https://www.mgmclaren.com/wp-content/uploads/brochures/McLaren-Maryland-Engineering-Brochure.pdf,2026-09-11
Ziger|Snead Architects,https://zigersnead.com,Architecture,Baltimore,Maryland,,,Studio inquiries,info@zigersnead.com,Role-Based,Verified - Published Official Website,Official company website,https://www.zigersnead.com/contact,2026-09-11
GWWO Architects,https://gwwoinc.com,Architecture,Baltimore,Maryland,,,Architects inquiries,architects@gwwoinc.com,Role-Based,Verified - Reliable Public Directory,Archinect firm directory,https://archinect.com/firms/contact/15387532/gwwo-architects,2026-09-11
One Source Contracting,https://onesourcecontract.com,Tenant Improvement / Remodeling Contractor,Baltimore,Maryland,,,General inquiries,info@onesourcecontract.com,Role-Based,Verified - Published Official Website,Official company website,https://onesource.webflow.com/contact,2026-09-11
Arium AE,https://ariumae.com,Architecture / Engineering / Planning,Columbia,Maryland,,,General inquiries,info@ariumae.com,Role-Based,Verified - Published Official Website,Official company website,http://www.ariumae.com/contact,2026-09-11
Colimore Architects,https://colimore.com,Architecture,Baltimore,Maryland,,,General inquiries,info@colimore.com,Role-Based,Verified - Published Official Website,Official company website,https://colimore.com/contact-us,2026-09-11
Trace Architects,https://tracearchitects.com,Architecture,Baltimore,Maryland,,,Project inquiries,info@tracearchitects.com,Role-Based,Verified - Published Official Website,Official company website,https://www.tracearchitects.com/contact.html,2026-09-11
KPN Architects,https://kpnarch.com,Architecture,Baltimore,Maryland,,,Career and firm inquiries,snieves@kpnarch.com,Named,Verified - Published Official Website,Official company website,https://www.kpnarch.com/contact,2026-09-11
Balodemas Architects Chartered,https://balarch.com,Architecture,Chevy Chase,Maryland,Linda,Balodemas,Architect,lb@balarch.com,Named,Verified - Published Official Website,Official company website,https://balarch.com/contact,2026-09-11
American Contracting Services,https://american-contracting.com,Commercial / Residential General Contractor,Towson,Maryland,,,General inquiries,acsi@american-contracting.com,Role-Based,Verified - Published Official Website,Official company website,https://www.american-contracting.com/,2026-09-11
American Contracting Corporation,https://americancontractingcorp.com,Commercial Drywall / Framing Contractor,Baltimore,Maryland,Adam,,,adam@americancontractingcorp.com,Named,Verified - Published Official Website,Official company website,https://americancontractingcorp.com/,2026-09-11
DLI Commercial,https://dlicommercial.com,Commercial Construction / Facilities Maintenance,Baltimore,Maryland,,,General inquiries,info@dlicommercial.com,Role-Based,Verified - Published Official Website,Official company website,https://dlicommercial.com/beginners-guide-commercial-construction-in-baltimore,2026-09-11
AEB Real Estate,https://aebrealestate.com,Real Estate Developer,Baltimore,Maryland,,,General inquiries,info@aebrealestate.com,Role-Based,Verified - Published Official Website,Official company website,http://aebrealestate.com/about.html,2026-09-11
DMS Properties,https://dmspropertiesllc.com,Real Estate / Property Developer,,Maryland,,,General inquiries,info@dmspropertiesllc.com,Role-Based,Verified - Published Official Website,Official company website,http://dmspropertiesllc.com/,2026-09-11
AEK Real Estate,https://aekrealestatellc.com,Real Estate / Property Developer,Hagerstown,Maryland,,,Property inquiries,contact@aekrealestatellc.com,Role-Based,Verified - Published Official Website,Official company website,https://aekrealestatellc.com/contact,2026-09-11
Custom Build Maryland,https://custombuildmd.com,Custom Home Builder / Historic Restoration,,Maryland,,,General inquiries,info@custombuildmd.com,Role-Based,Verified - Published Official Website,Official company website,https://www.custombuildmd.com/contact-our-custom-home-builders,2026-09-11
Emerald Homes,https://emeraldhomesinc.com,Custom Home Builder,Severn,Maryland,,,General inquiries,info@emeraldhomesinc.com,Role-Based,Verified - Published Official Website,Official company website,https://www.emeraldhomesinc.com/,2026-09-11
Chesapeake Custom Homes & Development,https://chesapeakecustom.com,Custom Home Builder / Developer,Montgomery County,Maryland,Adam,Goozh,Founder,adam@chesapeakecustom.com,Named,Verified - Published Official Website,Official company website,https://chesapeakecustom.com/about,2026-09-11
Di Cara Rubino Architects,https://dicararubino.com,Architecture,Parsippany,New Jersey,Allen,Barnett,Architect,abarnett@dicararubino.com,Named,Verified - Published Directory,Public NJASBO associate business directory,https://www.njasbo.com/page/AssociateBusinessMembersDirectory,2026-09-11
DMR Architects,https://dmrarchitects.com,Architecture,Hasbrouck Heights,New Jersey,Pradeep,Kapoor,Architect,pradeepk@dmrarchitects.com,Named,Verified - Published Directory,Public NJASBO associate business directory,https://www.njasbo.com/page/AssociateBusinessMembersDirectory,2026-09-11
EI Associates,https://eiassociates.com,Architecture and Engineering,Cedar Knolls,New Jersey,Brian,Donnelly,Architect,brian_donnelly@eiassociates.com,Named,Verified - Published Directory,Public NJASBO associate business directory,https://www.njasbo.com/page/AssociateBusinessMembersDirectory,2026-09-11
FKA Architects,https://fkarch.com,Architecture,Oakland,New Jersey,Michael,Bieri,Architect,mb@fkarch.com,Named,Verified - Published Directory,Public NJASBO associate business directory,https://www.njasbo.com/page/AssociateBusinessMembersDirectory,2026-09-11
FVHD Architects-Planners,https://fvhdpc.com,Architecture,Trenton,New Jersey,George,Duthie,Architect,gduthie@fvhdpc.com,Named,Verified - Published Directory,Public NJASBO associate business directory,https://www.njasbo.com/page/AssociateBusinessMembersDirectory,2026-09-11
LAN Associates,https://lanassociates.com,Architecture and Engineering,Midland Park,New Jersey,Philip,Rachlis,Marketing Director,marketing@lanassociates.com,Named,Verified - Published Directory,Public NJASBO associate business directory,https://www.njasbo.com/page/AssociateBusinessMembersDirectory,2026-09-11
Parette Somjen Architects,https://planetpsa.com,Architecture,Rockaway,New Jersey,Gregory,Somjen,Architect,gsomjen@planetpsa.com,Named,Verified - Published Directory,Public NJASBO associate business directory,https://www.njasbo.com/page/AssociateBusinessMembersDirectory,2026-09-11
RYEBREAD,https://ryebread.com,Architecture and Planning,Mount Holly,New Jersey,Regan,Young,Architect,rgy@ryebread.com,Named,Verified - Published Directory,Public NJASBO associate business directory,https://www.njasbo.com/page/AssociateBusinessMembersDirectory,2026-09-11
Settembrino Architects,https://settembrino.com,Architecture,Atlantic Highlands,New Jersey,Kevin,Settembrino,Architect,cgato@settembrino.com,Named,Verified - Published Directory,Public NJASBO associate business directory,https://www.njasbo.com/page/AssociateBusinessMembersDirectory,2026-09-11
Solutions Architecture,https://solutions-arch.com,Architecture,Verona,New Jersey,Frank,Messineo,Architect,fm@solutions-arch.com,Named,Verified - Published Directory,Public NJASBO associate business directory,https://www.njasbo.com/page/AssociateBusinessMembersDirectory,2026-09-11
Spiezle Architectural Group,https://spiezle.com,Architecture,Hamilton,New Jersey,Scott,Downie,Architect,scottd@spiezle.com,Named,Verified - Published Directory,Public NJASBO associate business directory,https://www.njasbo.com/page/AssociateBusinessMembersDirectory,2026-09-11
RSC Architectures,https://rscarchitects.com,Architecture,Hackensack,New Jersey,Jeffrey,Schlecht,Architect,jschlecht@rscarchitects.com,Named,Verified - Published AIA Directory,AIA New Jersey firm directory,https://aianjarchive.bytesizedigital.com/firm-search/rsc-architectures,2026-09-11
Devino Aiello Architects,https://devinoaielloarchitects.com,Architecture,Jersey City,New Jersey,Antonio,Aiello,Architect,antonio@devinoaielloarchitects.com,Named,Verified - Published AIA Directory,AIA New Jersey firm directory,https://aianjarchive.bytesizedigital.com/firm-search/devino-aiello-architects,2026-09-11
Aiello Associates,https://aielloassociates.net,Architecture,,New Jersey,,,Contact,info@aielloassociates.net,Role-Based,Verified - Published Directory,Public AIA New Jersey firm directory,https://aianjarchive.bytesizedigital.com/firm-search/wpbdp_category/usa-architects,2026-09-11
Alaimo Group,https://alaimogroup.com,Engineering,,New Jersey,,,Contact,da@alaimogroup.com,Role-Based,Verified - Published Directory,Public AIA New Jersey firm directory,https://aianjarchive.bytesizedigital.com/firm-search/wpbdp_category/usa-architects,2026-09-11
Alsa Architecture,https://alsaarchitecture.com,Architecture,,New Jersey,,,Contact,roy@alsaarchitecture.com,Named,Verified - Published Directory,Public AIA New Jersey firm directory,https://aianjarchive.bytesizedigital.com/firm-search/wpbdp_category/usa-architects,2026-09-11
Berkowsky and Associates,https://berkowsky.com,Architecture,,New Jersey,,,Contact,info@berkowsky.com,Role-Based,Verified - Published Directory,Public AIA New Jersey firm directory,https://aianjarchive.bytesizedigital.com/firm-search/wpbdp_category/usa-architects,2026-09-11
ASA Architecture,https://asa-architecture.com,Architecture,,New Jersey,,,Contact,alexs@asa-architecture.com,Named,Verified - Published Directory,Public AIA New Jersey firm directory,https://aianjarchive.bytesizedigital.com/firm-search/wpbdp_category/usa-architects,2026-09-11
DI Group Architecture,https://digrouparchitecture.com,Architecture,,New Jersey,,,Contact,mcoimbra@digrouparchitecture.com,Named,Verified - Published Directory,Public AIA New Jersey firm directory,https://aianjarchive.bytesizedigital.com/firm-search/wpbdp_category/usa-architects,2026-09-11
Studio 1200 Architecture + Design,https://studio1200.com,Architecture,,New Jersey,,,Contact,info@studio1200.com,Role-Based,Verified - Published Website,Official company website,https://www.studio1200.com/,2026-09-11
AAG Inc.,https://aagincnj.com,Engineering and Construction,Fairfield,New Jersey,,,Contact,info@aagincnj.com,Role-Based,Verified - Published Directory,Public NJ contractor directory,https://www.njasbo.com/page/AssociateBusinessMembersDirectory,2026-09-11
Landberg Construction,https://landbergconstruction.com,General Contractor,Dorothy,New Jersey,Mike,,Construction,mike@landbergconstruction.com,Named,Verified - Published NJDOT Document,New Jersey DOT prequalified vendors list,https://njdotlocalhub.com/wp-content/uploads/2024/07/construction-services-procurement-prequalified-vendors.pdf,2026-09-11
Linde-Griffith Construction,https://linde-griffith.com,General Contractor,Newark,New Jersey,Ray,,Construction,ray@linde-griffith.com,Named,Verified - Published NJDOT Document,New Jersey DOT prequalified vendors list,https://njdotlocalhub.com/wp-content/uploads/2024/07/construction-services-procurement-prequalified-vendors.pdf,2026-09-11
Loftus Construction,https://loftusconstruction.com,General Contractor,Cinnaminson,New Jersey,,,Estimating,kdivece@loftusconstruction.com,Named,Verified - Published NJDOT Document,New Jersey DOT prequalified vendors list,https://njdotlocalhub.com/wp-content/uploads/2024/07/construction-services-procurement-prequalified-vendors.pdf,2026-09-11
M L Ruberton Construction,https://ruberton.com,General Contractor,Hammonton,New Jersey,Liz,,Construction,liz@ruberton.com,Named,Verified - Published NJDOT Document,New Jersey DOT prequalified vendors list,https://njdotlocalhub.com/wp-content/uploads/2024/07/construction-services-procurement-prequalified-vendors.pdf,2026-09-11
Marbro,https://marbroinc.com,General Contractor,Montclair,New Jersey,,,Contact,csalvatore@marbroinc.com,Named,Verified - Published NJDOT Document,New Jersey DOT prequalified vendors list,https://njdotlocalhub.com/wp-content/uploads/2024/07/construction-services-procurement-prequalified-vendors.pdf,2026-09-11
Masonry Preservation Group,https://mpgnj.com,Specialty Contractor,Pennsauken,New Jersey,,,Contact,rmccaw@mpgnj.com,Named,Verified - Published NJDOT Document,New Jersey DOT prequalified vendors list,https://njdotlocalhub.com/wp-content/uploads/2024/07/construction-services-procurement-prequalified-vendors.pdf,2026-09-11
Mathis Construction,https://mathisconst.com,General Contractor,Little Egg Harbor,New Jersey,Christopher,Mathis,Construction,christophermathis@mathisconst.com,Named,Verified - Published NJDOT Document,New Jersey DOT prequalified vendors list,https://njdotlocalhub.com/wp-content/uploads/2024/07/construction-services-procurement-prequalified-vendors.pdf,2026-09-11
Merco,https://mercoinc.com,General Contractor,Lebanon,New Jersey,,,Contact,merco@mercoinc.com,Role-Based,Verified - Published NJDOT Document,New Jersey DOT prequalified vendors list,https://njdotlocalhub.com/wp-content/uploads/2024/07/construction-services-procurement-prequalified-vendors.pdf,2026-09-11
Midlantic Construction,https://midlanticconstllc.com,General Contractor,Barnegat,New Jersey,,,Contact,swood@midlanticconstllc.com,Named,Verified - Published NJDOT Document,New Jersey DOT prequalified vendors list,https://njdotlocalhub.com/wp-content/uploads/2024/07/construction-services-procurement-prequalified-vendors.pdf,2026-09-11
Mike Fitzpatrick Contractors,https://mikefitzpatrick.com,General Contractor,Oak Ridge,New Jersey,Shannon,Fitzpatrick,Construction,shannon@mikefitzpatrick.com,Named,Verified - Published NJDOT Document,New Jersey DOT prequalified vendors list,https://njdotlocalhub.com/wp-content/uploads/2024/07/construction-services-procurement-prequalified-vendors.pdf,2026-09-11
Montana Construction,https://montanaconstructioninc.com,General Contractor,Lodi,New Jersey,,,Contact,lsantaite@montanaconstructioninc.com,Named,Verified - Published NJDOT Document,New Jersey DOT prequalified vendors list,https://njdotlocalhub.com/wp-content/uploads/2024/07/construction-services-procurement-prequalified-vendors.pdf,2026-09-11
Moretrench American,https://moretrench.com,Specialty Contractor,Rockaway,New Jersey,,,Prequalification,prequal@moretrench.com,Role-Based,Verified - Published NJDOT Document,New Jersey DOT prequalified vendors list,https://njdotlocalhub.com/wp-content/uploads/2024/07/construction-services-procurement-prequalified-vendors.pdf,2026-09-11
Mount Construction,https://mountconstruction.com,General Contractor,Berlin,New Jersey,John,Finnigan,Construction,jfinnigan@mountconstruction.com,Named,Verified - Published NJDOT Document,New Jersey DOT prequalified vendors list,https://njdotlocalhub.com/wp-content/uploads/2024/07/construction-services-procurement-prequalified-vendors.pdf,2026-09-11
MV Contracting,https://mvcontract.com,General Contractor,Colonia,New Jersey,Maria,,Construction,maria@mvcontract.com,Named,Verified - Published NJDOT Document,New Jersey DOT prequalified vendors list,https://njdotlocalhub.com/wp-content/uploads/2024/07/construction-services-procurement-prequalified-vendors.pdf,2026-09-11
Nicholson Corporation,https://nicholsoncorp.com,General Contractor,Branchburg,New Jersey,,,Accounting,accounting@nicholsoncorp.com,Role-Based,Verified - Published NJDOT Document,New Jersey DOT prequalified vendors list,https://njdotlocalhub.com/wp-content/uploads/2024/07/construction-services-procurement-prequalified-vendors.pdf,2026-09-11
National Water Main Cleaning,https://nwmcc.com,Utility Contractor,Kearny,New Jersey,,,Bids,bidreg@nwmcc.com,Role-Based,Verified - Published NJDOT Document,New Jersey DOT prequalified vendors list,https://njdotlocalhub.com/wp-content/uploads/2024/07/construction-services-procurement-prequalified-vendors.pdf,2026-09-11
New Prince Concrete Construction,https://newprinceconcrete.com,Concrete Contractor,Hackensack,New Jersey,,,Contact,maisano@newprinceconcrete.com,Named,Verified - Published NJDOT Document,New Jersey DOT prequalified vendors list,https://njdotlocalhub.com/wp-content/uploads/2024/07/construction-services-procurement-prequalified-vendors.pdf,2026-09-11
Northeast Remsco Construction,https://northeastremsco.com,General Contractor,Farmingdale,New Jersey,,,Engineering,engineering@northeastremsco.com,Role-Based,Verified - Published NJDOT Document,New Jersey DOT prequalified vendors list,https://njdotlocalhub.com/wp-content/uploads/2024/07/construction-services-procurement-prequalified-vendors.pdf,2026-09-11
AJ Construction,https://ajconstruct.com,General Contractor,Farmingdale,New Jersey,Allen,,Construction,allenm@ajconstruct.com,Named,Verified - Published NJDOT Document,New Jersey DOT prequalified vendors list,https://njdotlocalhub.com/wp-content/uploads/2024/07/construction-services-procurement-prequalified-vendors.pdf,2026-09-11
Persistent Construction,https://persistentconstruction.com,General Contractor,Fairview,New Jersey,,,Contact,agrano@persistentconstruction.com,Named,Verified - Published NJDOT Document,New Jersey DOT prequalified vendors list,https://njdotlocalhub.com/wp-content/uploads/2024/07/construction-services-procurement-prequalified-vendors.pdf,2026-09-11
Petillo,https://petillo.com,Site Contractor,Flanders,New Jersey,,,Contact,mpetillo@petillo.com,Named,Verified - Published NJDOT Document,New Jersey DOT prequalified vendors list,https://njdotlocalhub.com/wp-content/uploads/2024/07/construction-services-procurement-prequalified-vendors.pdf,2026-09-11
Phoenix Marine,https://phoenixmarine.com,Marine Contractor,Sayreville,New Jersey,,,Contact,hcharles@phoenixmarine.com,Named,Verified - Published NJDOT Document,New Jersey DOT prequalified vendors list,https://njdotlocalhub.com/wp-content/uploads/2024/07/construction-services-procurement-prequalified-vendors.pdf,2026-09-11
Pillari Brothers Construction,https://pillaribros.com,General Contractor,Farmingdale,New Jersey,,,Construction,lpillari@pillaribros.com,Named,Verified - Published NJDOT Document,New Jersey DOT prequalified vendors list,https://njdotlocalhub.com/wp-content/uploads/2024/07/construction-services-procurement-prequalified-vendors.pdf,2026-09-11
Power Concrete,https://powerconcretecoinc.com,Concrete Contractor,Newark,New Jersey,,,Contact,nsingh@powerconcretecoinc.com,Named,Verified - Published NJDOT Document,New Jersey DOT prequalified vendors list,https://njdotlocalhub.com/wp-content/uploads/2024/07/construction-services-procurement-prequalified-vendors.pdf,2026-09-11
Railroad Constructors,https://railnj.com,Heavy Civil Contractor,Paulsboro,New Jersey,,,Prequalification,prequal@railnj.com,Role-Based,Verified - Published NJDOT Document,New Jersey DOT prequalified vendors list,https://njdotlocalhub.com/wp-content/uploads/2024/07/construction-services-procurement-prequalified-vendors.pdf,2026-09-11
Reivax Contracting,https://reivaxcontracting.com,General Contractor,Bridgewater,New Jersey,,,Contact,xpimenta@reivaxcontracting.com,Named,Verified - Published NJDOT Document,New Jersey DOT prequalified vendors list,https://njdotlocalhub.com/wp-content/uploads/2024/07/construction-services-procurement-prequalified-vendors.pdf,2026-09-11
Rencor,https://rencorinc.net,General Contractor,Somerville,New Jersey,,,Contact,rencor@rencorinc.net,Role-Based,Verified - Published NJDOT Document,New Jersey DOT prequalified vendors list,https://njdotlocalhub.com/wp-content/uploads/2024/07/construction-services-procurement-prequalified-vendors.pdf,2026-09-11
Richard E Pierson Construction,https://repierson.com,General Contractor,Woodstown,New Jersey,,,Contact,info@repierson.com,Role-Based,Verified - Published NJDOT Document,New Jersey DOT prequalified vendors list,https://njdotlocalhub.com/wp-content/uploads/2024/07/construction-services-procurement-prequalified-vendors.pdf,2026-09-11
Ritacco Construction,https://ritacco.com,General Contractor,Belleville,New Jersey,,,Construction,rritacco@ritacco.com,Named,Verified - Published NJDOT Document,New Jersey DOT prequalified vendors list,https://njdotlocalhub.com/wp-content/uploads/2024/07/construction-services-procurement-prequalified-vendors.pdf,2026-09-11
Road Safety Systems,https://roadsafetysystem.com,Specialty Contractor,Shamong,New Jersey,John,,Contact,john@roadsafetysystem.com,Named,Verified - Published NJDOT Document,New Jersey DOT prequalified vendors list,https://njdotlocalhub.com/wp-content/uploads/2024/07/construction-services-procurement-prequalified-vendors.pdf,2026-09-11
Roman Asphalt,https://romanasphalt.com,Site Contractor,Newark,New Jersey,,,Contact,roman@romanasphalt.com,Named,Verified - Published NJDOT Document,New Jersey DOT prequalified vendors list,https://njdotlocalhub.com/wp-content/uploads/2024/07/construction-services-procurement-prequalified-vendors.pdf,2026-09-11
S Batata Construction,https://sbatataconstruction.com,General Contractor,Parlin,New Jersey,,,Contact,info@sbatataconstruction.com,Role-Based,Verified - Published NJDOT Document,New Jersey DOT prequalified vendors list,https://njdotlocalhub.com/wp-content/uploads/2024/07/construction-services-procurement-prequalified-vendors.pdf,2026-09-11
Sanitary Construction,https://sanitaryconstruction.com,Utility Contractor,Fairfield,New Jersey,,,Contact,wcervino@sanitaryconstruction.com,Named,Verified - Published NJDOT Document,New Jersey DOT prequalified vendors list,https://njdotlocalhub.com/wp-content/uploads/2024/07/construction-services-procurement-prequalified-vendors.pdf,2026-09-11
Scalfo Electric,https://scalfoelectric.com,Electrical Contractor,Vineland,New Jersey,,,Contact,rgrouser@scalfoelectric.com,Named,Verified - Published NJDOT Document,New Jersey DOT prequalified vendors list,https://njdotlocalhub.com/wp-content/uploads/2024/07/construction-services-procurement-prequalified-vendors.pdf,2026-09-11
Schiavone Construction,https://schiavone.net,General Contractor,Secaucus,New Jersey,,,Contact,info@schiavone.net,Role-Based,Verified - Published NJDOT Document,New Jersey DOT prequalified vendors list,https://njdotlocalhub.com/wp-content/uploads/2024/07/construction-services-procurement-prequalified-vendors.pdf,2026-09-11
Schifano Construction,https://schifanoconstruction.com,General Contractor,Middlesex,New Jersey,Elizabeth,Schnabel,Construction,elizabeth.schnabel@schifanoconstruction.com,Named,Verified - Published NJDOT Document,New Jersey DOT prequalified vendors list,https://njdotlocalhub.com/wp-content/uploads/2024/07/construction-services-procurement-prequalified-vendors.pdf,2026-09-11
Smith-Sondy Asphalt Construction,https://smith-sondy.com,Site Contractor,Wallington,New Jersey,,,Contact,ruschke@smith-sondy.com,Named,Verified - Published NJDOT Document,New Jersey DOT prequalified vendors list,https://njdotlocalhub.com/wp-content/uploads/2024/07/construction-services-procurement-prequalified-vendors.pdf,2026-09-11
Sparwick Contracting,https://sparwick.com,General Contractor,Lafayette,New Jersey,,,Contact,info@sparwick.com,Role-Based,Verified - Published NJDOT Document,New Jersey DOT prequalified vendors list,https://njdotlocalhub.com/wp-content/uploads/2024/07/construction-services-procurement-prequalified-vendors.pdf,2026-09-11
Spiniello Companies,https://spinielloco.com,Utility Contractor,Livingston,New Jersey,,,Contact,dmarinelli@spinielloco.com,Named,Verified - Published NJDOT Document,New Jersey DOT prequalified vendors list,https://njdotlocalhub.com/wp-content/uploads/2024/07/construction-services-procurement-prequalified-vendors.pdf,2026-09-11
State Line Construction,https://statelineco.com,General Contractor,Newark,New Jersey,Danny,,Construction,danny@statelineco.com,Named,Verified - Published NJDOT Document,New Jersey DOT prequalified vendors list,https://njdotlocalhub.com/wp-content/uploads/2024/07/construction-services-procurement-prequalified-vendors.pdf,2026-09-11
Stavola Contracting,https://stavola.com,Site Contractor,Tinton Falls,New Jersey,,,Contact,mniedrich@stavola.com,Named,Verified - Published NJDOT Document,New Jersey DOT prequalified vendors list,https://njdotlocalhub.com/wp-content/uploads/2024/07/construction-services-procurement-prequalified-vendors.pdf,2026-09-11
A To Z Site Contractors,https://atozsitecontractors.com,Site Contractor,Jackson,New Jersey,Minna,,Contact,minna@atozsitecontractors.com,Named,Verified - Published NJDOT Document,New Jersey DOT prequalified vendors list,https://njdotlocalhub.com/wp-content/uploads/2024/07/construction-services-procurement-prequalified-vendors.pdf,2026-09-11
A-Tech Concrete,https://atechconcrete.net,Concrete Contractor,Edison,New Jersey,,,Contact,smitrou@atechconcrete.net,Named,Verified - Published NJDOT Document,New Jersey DOT prequalified vendors list,https://njdotlocalhub.com/wp-content/uploads/2024/07/construction-services-procurement-prequalified-vendors.pdf,2026-09-11
A E Stone,https://aestone.com,Stone Contractor,Egg Harbor Township,New Jersey,,,Contact,tritter@aestone.com,Named,Verified - Published NJDOT Document,New Jersey DOT prequalified vendors list,https://njdotlocalhub.com/wp-content/uploads/2024/07/construction-services-procurement-prequalified-vendors.pdf,2026-09-11
Agate Construction,https://agateconstruction.net,General Contractor,Ocean View,New Jersey,,,Estimating,estimating@agateconstruction.net,Role-Based,Verified - Published NJDOT Document,New Jersey DOT prequalified vendors list,https://njdotlocalhub.com/wp-content/uploads/2024/07/construction-services-procurement-prequalified-vendors.pdf,2026-09-11
Allan Briteway Electrical Utility Contractors,https://allanbritewayutility.com,Electrical Contractor,Whippany,New Jersey,,,Contact,scarter@allanbritewayutility.com,Named,Verified - Published NJDOT Document,New Jersey DOT prequalified vendors list,https://njdotlocalhub.com/wp-content/uploads/2024/07/construction-services-procurement-prequalified-vendors.pdf,2026-09-11
Allied Painting,https://alliedpaintinginc.com,Painting Contractor,Cherry Hill,New Jersey,,,Contact,mmaso@alliedpaintinginc.com,Named,Verified - Published NJDOT Document,New Jersey DOT prequalified vendors list,https://njdotlocalhub.com/wp-content/uploads/2024/07/construction-services-procurement-prequalified-vendors.pdf,2026-09-11
American Pipe Cleaning,https://americanpipecleaningllc.com,Utility Contractor,Ocean,New Jersey,Ed,,Contact,ed@americanpipecleaningllc.com,Named,Verified - Published NJDOT Document,New Jersey DOT prequalified vendors list,https://njdotlocalhub.com/wp-content/uploads/2024/07/construction-services-procurement-prequalified-vendors.pdf,2026-09-11
Arthur R Henry,https://arhenry.com,General Contractor,Egg Harbor Township,New Jersey,Rebecca,,Contact,rebecca@arhenry.com,Named,Verified - Published NJDOT Document,New Jersey DOT prequalified vendors list,https://njdotlocalhub.com/wp-content/uploads/2024/07/construction-services-procurement-prequalified-vendors.pdf,2026-09-11
Atlantic Concrete Cutting,https://atlanticconcretecutting.com,Concrete Contractor,Mount Holly,New Jersey,,,Contact,khopkins@atlanticconcretecutting.com,Named,Verified - Published NJDOT Document,New Jersey DOT prequalified vendors list,https://njdotlocalhub.com/wp-content/uploads/2024/07/construction-services-procurement-prequalified-vendors.pdf,2026-09-11
Atlas Concrete,https://atlascon.net,Concrete Contractor,Edison,New Jersey,,,Contact,jamorim@atlascon.net,Named,Verified - Published NJDOT Document,New Jersey DOT prequalified vendors list,https://njdotlocalhub.com/wp-content/uploads/2024/07/construction-services-procurement-prequalified-vendors.pdf,2026-09-11
Atlas Flasher and Supply,https://atlasflasher.com,Traffic Contractor,Mickleton,New Jersey,,,Contact,csabol@atlasflasher.com,Named,Verified - Published NJDOT Document,New Jersey DOT prequalified vendors list,https://njdotlocalhub.com/wp-content/uploads/2024/07/construction-services-procurement-prequalified-vendors.pdf,2026-09-11
B Anthony Construction,https://asibacc.com,General Contractor,Old Bridge,New Jersey,Bill,,Construction,bill@asibacc.com,Named,Verified - Published NJDOT Document,New Jersey DOT prequalified vendors list,https://njdotlocalhub.com/wp-content/uploads/2024/07/construction-services-procurement-prequalified-vendors.pdf,2026-09-11
BR Welding,https://brwelding.com,Steel Contractor,Howell,New Jersey,Stephanie,,Contact,stephanie@brwelding.com,Named,Verified - Published NJDOT Document,New Jersey DOT prequalified vendors list,https://njdotlocalhub.com/wp-content/uploads/2024/07/construction-services-procurement-prequalified-vendors.pdf,2026-09-11
Barbella Construction Services,https://barbellaconstruction.com,General Contractor,Somerville,New Jersey,Monte,Ferrante,Construction,monteferrantea@barbellaconstruction.com,Named,Verified - Published NJDOT Document,New Jersey DOT prequalified vendors list,https://njdotlocalhub.com/wp-content/uploads/2024/07/construction-services-procurement-prequalified-vendors.pdf,2026-09-11
Barnard Construction,https://barnardconst.com,General Contractor,Pompton Plains,New Jersey,Irene,,Construction,ireneh@barnardconst.com,Named,Verified - Published NJDOT Document,New Jersey DOT prequalified vendors list,https://njdotlocalhub.com/wp-content/uploads/2024/07/construction-services-procurement-prequalified-vendors.pdf,2026-09-11
Beach Electric,https://beachelectricco.com,Electrical Contractor,Paterson,New Jersey,,,Contact,info@beachelectricco.com,Role-Based,Verified - Published NJDOT Document,New Jersey DOT prequalified vendors list,https://njdotlocalhub.com/wp-content/uploads/2024/07/construction-services-procurement-prequalified-vendors.pdf,2026-09-11
Berenato Contractors,https://berenatocontractors.com,General Contractor,Hammonton,New Jersey,,,Office,office@berenatocontractors.com,Role-Based,Verified - Published NJDOT Document,New Jersey DOT prequalified vendors list,https://njdotlocalhub.com/wp-content/uploads/2024/07/construction-services-procurement-prequalified-vendors.pdf,2026-09-11
Berto Construction,https://bertoconstruction.com,General Contractor,Rahway,New Jersey,,,Contact,berto@bertoconstruction.com,Role-Based,Verified - Published NJDOT Document,New Jersey DOT prequalified vendors list,https://njdotlocalhub.com/wp-content/uploads/2024/07/construction-services-procurement-prequalified-vendors.pdf,2026-09-11
Dub-L-EE Construction,https://www.dub-l-ee.com,Commercial General Contractor,Albuquerque,New Mexico,,,General Inquiries,info@dub-l-ee.com,Role-Based,Verified - Published Official Website,Official website commercial construction page,https://www.dub-l-ee.com/commercial-construction,2026-09-11
Smith and Aguirre Construction,https://www.smithandaguirre.com,Commercial General Contractor,Las Cruces,New Mexico,Aaron,Cardiel,Estimates and Project Pricing,aaron@smithandaguirre.com,Named,Verified - Published Official Website,Official website contact page,https://www.smithandaguirre.com/contact-us,2026-09-11
New Mexico Custom Builders,https://custombuildersnm.com,Custom Homebuilder / Design-Build,Albuquerque,New Mexico,Jorge,,Owner / General Contact,jorge@custombuildersnm.com,Named,Verified - Published Official Website,Official website services page,https://custombuildersnm.com/services,2026-09-11
Sun Valley Custom Homes,https://www.sunvalleycustomhomes.com,Luxury Custom Homebuilder,Albuquerque,New Mexico,Dave,,General Contact,dave@sunvalleycustomhomes.com,Named,Verified - Published Official Website,Official website homepage,https://www.sunvalleycustomhomes.com/,2026-09-11
Las Cruces Builder,https://lascrucesbuilder.com,Custom Homebuilder / Remodeling,Las Cruces,New Mexico,,,General Inquiries,info@lascrucesbuilder.com,Role-Based,Verified - Published Official Website,Official website homepage,https://lascrucesbuilder.com/,2026-09-11
A. Christopher Purvis Architect,https://acp-art.com,Architecture Firm,Santa Fe,New Mexico,,,General Inquiries,architect@acp-art.com,Role-Based,Verified - Published Official Website,Official website contact page,https://acp-art.com/contact,2026-09-11
DNCA Architects,https://dncarchitect.com,Architecture Firm,Santa Fe,New Mexico,,,General Inquiries,info@dncarchitect.com,Role-Based,Verified - Published Official Website,Official website contact page,https://dncarchitect.com/contact/,2026-09-11
QA Engineering,https://www.qaengineering.com,Engineering Firm,Albuquerque,New Mexico,Geri,,General Contact,geri@qaengineering.com,Named,Verified - Published Official Website,Official website contact page,https://www.qaengineering.com/contact-us,2026-09-11
Souder Miller & Associates,https://www.soudermiller.com,Engineering / Environmental Consulting,Farmington,New Mexico,,,Farmington Office,farmington@soudermiller.com,Role-Based,Verified - Public Professional Directory,New Mexico Environment Department consultant list,https://cloud.env.nm.gov/resources/_translator.php/YWY4NzY4NjgwMmE1MDhjMmZhNzNiZDAyYV8xNjQ4Nzk~.pdf,2026-09-11
Franken Construction,https://frankenconstruction.com,Commercial General Contractor,Albuquerque,New Mexico,Brent,Franken,General Contact,brentfranken@frankenconstruction.com,Named,Verified - Public Professional Directory,AGC of New Mexico contact directory,https://www.env.nm.gov/wp-content/uploads/sites/18/2019/01/AGC2018ContactInformation.pdf,2026-09-11
AUI Inc.,https://auiinc.net,Engineering / AEC Consulting,Albuquerque,New Mexico,Alan,,General Contact,alan@auiinc.net,Named,Verified - Public Professional Directory,ABC of New Mexico contact directory,https://www.env.nm.gov/wp-content/uploads/sites/18/2019/01/Copy-of-ABC2017ContactInformation.pdf,2026-09-11
Mechanical Concepts,https://mechcon.org,Engineering / Mechanical Contractor,Albuquerque,New Mexico,Alan,,General Contact,alan@mechcon.org,Named,Verified - Public Professional Directory,ABC of New Mexico contact directory,https://www.env.nm.gov/wp-content/uploads/sites/18/2019/01/Copy-of-ABC2017ContactInformation.pdf,2026-09-11
Empire Builders,https://empirebuildersllc.com,Commercial General Contractor,Albuquerque,New Mexico,Leasley,,General Contact,leasley@empirebuildersllc.com,Named,Verified - Public Professional Directory,ABC of New Mexico contact directory,https://www.env.nm.gov/wp-content/uploads/sites/18/2019/01/Copy-of-ABC2017ContactInformation.pdf,2026-09-11
Miller Bonded,https://millerbonded.com,Insulation / Commercial Contractor,Albuquerque,New Mexico,Mark,Karler,General Contact,mkarler@millerbonded.com,Named,Verified - Public Professional Directory,Mechanical Contractors Association of New Mexico directory,https://www.env.nm.gov/wp-content/uploads/sites/18/2019/01/MCA2017ContactInformation.pdf,2026-09-11
AOS Architects,https://aosarchitects.com,Architecture Firm,Santa Fe,New Mexico,Steven,Evans,General Contact,sevans@aosarchitects.com,Named,Verified - Public Professional Directory,City of Santa Fe public project sign-in sheet,https://santafenm.gov/document_center/document/11547,2026-09-11
Cherry/See/Reames Architects,https://cherryseereames.com,Architecture Firm,Santa Fe,New Mexico,Thomas,Reames,General Contact,tmreames@cherryseereames.com,Named,Verified - Public Professional Directory,City of Santa Fe public document,https://santafenm.gov/document_center/document/11547,2026-09-11
Conron & Woods Architects,https://conronandwoods.com,Architecture Firm,Santa Fe,New Mexico,,,General Contact,woods@conronandwoods.com,Named,Verified - Public Professional Directory,City of Santa Fe public document,https://santafenm.gov/document_center/document/11547,2026-09-11
GBa Santa Fe,https://gbasantafe.com,Architecture Firm,Santa Fe,New Mexico,Gayla,,General Contact,gayla@gbasantafe.com,Named,Verified - Public Professional Directory,City of Santa Fe public document,https://santafenm.gov/document_center/document/11547,2026-09-11
J.W. Barton Architecture,https://jwbarton.com,Architecture Firm,Santa Fe,New Mexico,J,,General Contact,j@jwbarton.com,Named,Verified - Public Professional Directory,City of Santa Fe public document,https://santafenm.gov/document_center/document/11547,2026-09-11
Modellus Novus,https://www.mndpc.com,Architecture,New York,New York,,,General Inquiries,info@mndpc.com,Role-Based,Verified - Published Public Directory or Official Website,Public web research; official company website or authoritative directory,https://www.aiany.org/resources/firm-directory/modellus-novus,2026-09-11
TenBerke,https://tenberke.com,Architecture,New York,New York,,,Inquiries,inquiries@tenberke.com,Role-Based,Verified - Published Public Directory or Official Website,Public web research; official company website or authoritative directory,https://www.aiany.org/resources/firm-directory/tenberke,2026-09-11
FXCollaborative,https://www.fxcollaborative.com,Architecture,Brooklyn,New York,,,General Inquiries,info@fxcollaborative.com,Role-Based,Verified - Published Public Directory or Official Website,Public web research; official company website or authoritative directory,https://www.fxcollaborative.com/profile/5/contact,2026-09-11
New York Design Architects LLP,https://www.newyorkdesign.com,Architecture,New York,New York,,,General Inquiries,info@newyorkdesign.com,Role-Based,Verified - Published Public Directory or Official Website,Public web research; official company website or authoritative directory,http://newyorkdesign.com/,2026-09-11
Bart Landscape Architecture,https://www.mbartla.com,Architecture,New York,New York,Marjorie,Bart,Founder,info@mbartla.com,Role-Based,Verified - Published Public Directory or Official Website,Public web research; official company website or authoritative directory,https://www.mbartla.com/,2026-09-11
New York Developers & Management,https://www.nydevelopers.net,Construction Management / Developer,Brooklyn,New York,,,General Inquiries,info@nydevelopers.net,Role-Based,Verified - Published Public Directory or Official Website,Public web research; official company website or authoritative directory,https://www.nydevelopers.net/contact,2026-09-11
LLNY Group,https://www.llnygroup.com,Commercial General Contractor,New York,New York,,,General Inquiries,info@llnygroup.com,Role-Based,Verified - Published Public Directory or Official Website,Public web research; official company website or authoritative directory,https://www.llnygroup.com/contact,2026-09-11
NYC Constructors,https://www.nycconstructors.com,Commercial General Contractor,New York,New York,,,General Inquiries,inquiries@nycconstructors.com,Role-Based,Verified - Published Public Directory or Official Website,Public web research; official company website or authoritative directory,https://www.nycconstructors.com/contact,2026-09-11
EP Engineering,https://www.epengineering.com,Engineering,New York,New York,,,General Inquiries,info@epengineering.com,Role-Based,Verified - Published Public Directory or Official Website,Public web research; official company website or authoritative directory,https://www.epengineering.com/,2026-09-11
L+M Development Partners,https://lmdevpartners.com,Multifamily Developer,New York,New York,,,General Inquiries,info@lmdevpartners.com,Role-Based,Verified - Published Public Directory or Official Website,Public web research; official company website or authoritative directory,https://staging.lmdevpartners.com/contact-us,2026-09-11
Brooklyn Developers,https://bkdevelopers.com,Developer / Construction,Brooklyn,New York,,,General Inquiries,info@bkdevelopers.com,Role-Based,Verified - Published Public Directory or Official Website,Public web research; official company website or authoritative directory,https://bkdevelopers.com/portfolio/east-86th-nyc,2026-09-11
CNY Group,https://www.cnygroup.com,Construction Management,New York,New York,,,General Inquiries,connect@cnygroup.com,Role-Based,Verified - Published Public Directory or Official Website,Public web research; official company website or authoritative directory,https://www.cnygroup.com/contacts,2026-09-11
Pavarini McGovern,https://pavmcgovern.com,Construction Management,New York,New York,Paul,,,paul@pavmcgovern.com,Named,Verified - Published Public Directory or Official Website,Public web research; official company website or authoritative directory,https://edc.nyc/sites/default/files/2020-04/ST-60%20-%20Pavarini%20McGovern%20LLC.pdf,2026-09-11
Metropolitan Construction Corp,https://metrocorp.nyc,Commercial General Contractor,Bronx,New York,,,General Inquiries,info@metrocorp.nyc,Role-Based,Verified - Published Public Directory or Official Website,Public web research; official company website or authoritative directory,https://edc.nyc/sites/default/files/2025-03/ConstructNYC-Prequalified-Contractors-03-24-25.pdf,2026-09-11
Melcon General Contractors,https://melcongc.com,Commercial General Contractor,Bronx,New York,Eric,Mendoza,Owner,em@melcongc.com,Named,Verified - Published Public Directory or Official Website,Public web research; official company website or authoritative directory,https://edc.nyc/sites/default/files/2025-03/ConstructNYC-Prequalified-Contractors-03-24-25.pdf,2026-09-11
TC Architects,https://tcarchitects.com,Architecture,Akron,Ohio,Randy,Chordar,Architect,rchordar@tcarchitects.com,Named,Verified - Published Official Website,Official website,https://tcarchitects.com/contact,2026-09-11
Hurst Design Build Remodel,https://hurstremodel.com,Design-Build,Westlake,Ohio,Dan,,Design-Build Remodeling,dan@hurstremodel.com,Named,Verified - Public Official Document,Official document,https://www.avonlake.org/platform/cms/Building/Contractors/July%202024/GeneralContractors.pdf,2026-09-11
Builders Group Construction,https://bgcnow.us,Design-Build,Dayton,Ohio,,,Remodeling Contractor,info@bgcnow.us,Role-Based,Verified - Published Official Website,Official website,https://bgcnow.us/,2026-09-11
Brumbaugh Construction,https://brumbaughconstruction.com,Commercial General Contractor,Arcanum,Ohio,,,Commercial Contractor,info@brumbaughconstruction.com,Role-Based,Verified - Published Official Website,Official website,https://brumbaughconstruction.com/Construction-Services/post/design-build-services,2026-09-11
Professional Remodelers Ohio,https://professionalremodelersohio.com,Design-Build,North Royalton,Ohio,,,Professional Remodelers,info@professionalremodelersohio.com,Role-Based,Verified - Published Official Website,Official website,https://professionalremodelersohio.com/business-directory,2026-09-11
Phillips Sekanick Architects,https://phillips-sekanick.com,Architecture,Youngstown,Ohio,Bruce,Sekanick,FAIA,bruce@phillips-sekanick.com,Named,Verified - Public AIA Directory,AIA directory,https://aiaohio.org/about-aia/local-chapters,2026-09-11
DS Architecture,https://dsarchitecture.com,Architecture,Cleveland,Ohio,J.,Meyers,Architect,jmeyers@dsarchitecture.com,Named,Verified - Public Official Document,Official document,https://api.obm.ohio.gov/files/download/44/1c10f56e-7d54-42b7-9e2d-2993ec2fe945/inline,2026-09-11
Duket Architects Planners,https://duketarchitects.com,Architecture,Toledo,Ohio,Jeff,Brummel,Architect,jbrummel@duketarchitects.com,Named,Verified - Public Official Document,Official document,https://api.obm.ohio.gov/files/download/44/1c10f56e-7d54-42b7-9e2d-2993ec2fe945/inline,2026-09-11
DVA Architecture LLC,https://dvaarchitecture.com,Architecture,Cleveland,Ohio,Christopher,Dewey,Architect,cdewey@dvaarchitecture.com,Named,Verified - Public Official Document,Official document,https://api.obm.ohio.gov/files/download/44/1c10f56e-7d54-42b7-9e2d-2993ec2fe945/inline,2026-09-11
Access Architecture,https://access-arch.com,Architecture,Portland,Oregon,,,Public directory contact,brendan@access-arch.com,Named,Verified - Published Official Document,Official City of Portland developer attendee directory,https://www.portland.gov/phb/documents/meet-developers-attendee-list/download,2026-09-11
All Forms Architecture,https://archaf.com,Architecture,Portland,Oregon,,,Public directory contact,chris@archaf.com,Named,Verified - Published Official Document,Official City of Portland developer attendee directory,https://www.portland.gov/phb/documents/meet-developers-attendee-list/download,2026-09-11
Architecture Building Culture,https://architecture-bc.com,Architecture,Portland,Oregon,,,Public directory contact,brian@architecture-bc.com,Named,Verified - Published Official Document,Official City of Portland developer attendee directory,https://www.portland.gov/phb/documents/meet-developers-attendee-list/download,2026-09-11
Brett Schulz Architect,https://brettschulz.com,Architecture,Portland,Oregon,,,Public directory contact,brett@brettschulz.com,Named,Verified - Published Official Document,Official City of Portland developer attendee directory,https://www.portland.gov/phb/documents/meet-developers-attendee-list/download,2026-09-11
Climate Architecture,https://climatearch.com,Architecture,Portland,Oregon,,,Public directory contact,bkimura@climatearch.com,Named,Verified - Published Official Document,Official City of Portland developer attendee directory,https://www.portland.gov/phb/documents/meet-developers-attendee-list/download,2026-09-11
Communitecture,https://communitecture.net,Architecture,Portland,Oregon,,,Public directory contact,jason@communitecture.net,Named,Verified - Published Official Document,Official City of Portland developer attendee directory,https://www.portland.gov/phb/documents/meet-developers-attendee-list/download,2026-09-11
Convergence Architecture,https://convergencearch.com,Architecture,Portland,Oregon,,,Public directory contact,banderson@convergencearch.com,Named,Verified - Published Official Document,Official City of Portland developer attendee directory,https://www.portland.gov/phb/documents/meet-developers-attendee-list/download,2026-09-11
DAO Architecture,https://daoarchitecture.com,Architecture,Portland,Oregon,,,Public directory contact,dfoeller@daoarchitecture.com,Named,Verified - Published Official Document,Official City of Portland developer attendee directory,https://www.portland.gov/phb/documents/meet-developers-attendee-list/download,2026-09-11
Hue Design Studios,https://huedesignstudios.com,Architecture,Portland,Oregon,,,Public directory contact,brad@huedesignstudios.com,Named,Verified - Published Official Document,Official City of Portland developer attendee directory,https://www.portland.gov/phb/documents/meet-developers-attendee-list/download,2026-09-11
INK Built Design,https://inkbuiltdesign.com,Architecture,Portland,Oregon,,,Public directory contact,andrea@inkbuiltdesign.com,Named,Verified - Published Official Document,Official City of Portland developer attendee directory,https://www.portland.gov/phb/documents/meet-developers-attendee-list/download,2026-09-11
KASA Architecture,https://kasapdx.com,Architecture,Portland,Oregon,,,Public directory contact,ksaxton@kasapdx.com,Named,Verified - Published Official Document,Official City of Portland developer attendee directory,https://www.portland.gov/phb/documents/meet-developers-attendee-list/download,2026-09-11
Lee Barcuch Architecture,https://leebarc.com,Architecture,Portland,Oregon,,,Public directory contact,robert@leebarc.com,Named,Verified - Published Official Document,Official City of Portland developer attendee directory,https://www.portland.gov/phb/documents/meet-developers-attendee-list/download,2026-09-11
Merryman Barnes Architects,https://merrymanbarnesarchitects.com,Architecture,Portland,Oregon,,,Public directory contact,nmerryman@merrymanbarnesarchitects.com,Named,Verified - Published Official Document,Official City of Portland developer attendee directory,https://www.portland.gov/phb/documents/meet-developers-attendee-list/download,2026-09-11
Office 52 Architecture,https://office-52.com,Architecture,Portland,Oregon,,,Public directory contact,icampbell@office-52.com,Named,Verified - Published Official Document,Official City of Portland developer attendee directory,https://www.portland.gov/phb/documents/meet-developers-attendee-list/download,2026-09-11
Otak,https://otak.com,Architecture / Engineering,Portland,Oregon,,,Public directory contact,ben.bortolazzo@otak.com,Named,Verified - Published Official Document,Official City of Portland developer attendee directory,https://www.portland.gov/phb/documents/meet-developers-attendee-list/download,2026-09-11
Propel Studio Architecture,https://propelstudio.com,Architecture,Portland,Oregon,,,Public directory contact,lucas@propelstudio.com,Named,Verified - Published Official Document,Official City of Portland developer attendee directory,https://www.portland.gov/phb/documents/meet-developers-attendee-list/download,2026-09-11
Salazar Architect,https://salazar.com,Architecture,Portland,Oregon,,,Public directory contact,mbokar@salazar.com,Named,Verified - Published Official Document,Official City of Portland developer attendee directory,https://www.portland.gov/phb/documents/meet-developers-attendee-list/download,2026-09-11
Sector 3 Architecture,https://sector3.co,Architecture,Portland,Oregon,,,Public directory contact,mark@sector3.co,Named,Verified - Published Official Document,Official City of Portland developer attendee directory,https://www.portland.gov/phb/documents/meet-developers-attendee-list/download,2026-09-11
SERA Architects,https://seradesign.com,Architecture,Portland,Oregon,,,Public directory contact,patricks@seradesign.com,Named,Verified - Published Official Document,Official City of Portland developer attendee directory,https://www.portland.gov/phb/documents/meet-developers-attendee-list/download,2026-09-11
Reynolds Engineering,https://reynoldsengineeringllc.com,Engineering,Portland,Oregon,,,Public directory contact,msr@reynoldsengineeringllc.com,Named,Verified - Published Official Document,Official City of Portland developer attendee directory,https://www.portland.gov/phb/documents/meet-developers-attendee-list/download,2026-09-11
Convergent Pacific,https://convergentpacific.com,Engineering / AEC,Portland,Oregon,,,Public directory contact,li@convergentpacific.com,Named,Verified - Published Official Document,Official City of Portland developer attendee directory,https://www.portland.gov/phb/documents/meet-developers-attendee-list/download,2026-09-11
Emerio Design,https://emeriodesign.com,Engineering / AEC,Portland,Oregon,,,Public directory contact,shawn@emeriodesign.com,Named,Verified - Published Official Document,Official City of Portland developer attendee directory,https://www.portland.gov/phb/documents/meet-developers-attendee-list/download,2026-09-11
PER Engineers,https://per-eng.com,Engineering,Portland,Oregon,,,Public directory contact,neil@per-eng.com,Named,Verified - Published Official Document,Official City of Portland developer attendee directory,https://www.portland.gov/phb/documents/meet-developers-attendee-list/download,2026-09-11
TCC Engineering,https://tccengr.com,Engineering,Portland,Oregon,,,Public directory contact,etawiah@tccengr.com,Named,Verified - Published Official Document,Official City of Portland developer attendee directory,https://www.portland.gov/phb/documents/meet-developers-attendee-list/download,2026-09-11
Klosh Group,https://kloshgroup.com,Engineering / AEC,Portland,Oregon,,,Public directory contact,eric@kloshgroup.com,Named,Verified - Published Official Document,Official City of Portland developer attendee directory,https://www.portland.gov/phb/documents/meet-developers-attendee-list/download,2026-09-11
Oniell Construction Group,https://oniiellconstructiongroup.com,Construction,Portland,Oregon,,,Public directory contact,ali@oniiellconstructiongroup.com,Named,Verified - Published Official Document,Official City of Portland developer attendee directory,https://www.portland.gov/phb/documents/meet-developers-attendee-list/download,2026-09-11
Black Mountain Construction,https://blkmountain.com,Construction,Portland,Oregon,,,Public directory contact,tammys@blkmountain.com,Named,Verified - Published Official Document,Official City of Portland developer attendee directory,https://www.portland.gov/phb/documents/meet-developers-attendee-list/download,2026-09-11
Coles & Betts,https://colesandbetts.com,Construction / AEC,Portland,Oregon,,,Public directory contact,jill@colesandbetts.com,Named,Verified - Published Official Document,Official City of Portland developer attendee directory,https://www.portland.gov/phb/documents/meet-developers-attendee-list/download,2026-09-11
MEP-PC,https://mep-pc.com,Engineering,Portland,Oregon,,,Public directory contact,sflood@mep-pc.com,Named,Verified - Published Official Document,Official City of Portland developer attendee directory,https://www.portland.gov/phb/documents/meet-developers-attendee-list/download,2026-09-11
Stratoscape,https://stratoscapecorp.com,Construction / AEC,Portland,Oregon,,,Public directory contact,casey@stratoscapecorp.com,Named,Verified - Published Official Document,Official City of Portland developer attendee directory,https://www.portland.gov/phb/documents/meet-developers-attendee-list/download,2026-09-11
Bennett Build,https://bennettbuild.us,Construction,Portland,Oregon,,,Public directory contact,chris@bennettbuild.us,Named,Verified - Published Official Document,Official City of Portland developer attendee directory,https://www.portland.gov/phb/documents/meet-developers-attendee-list/download,2026-09-11
Central Geotechnical Services,https://centralgeotech.com,Engineering,Portland,Oregon,,,Public directory contact,stephen@centralgeotech.com,Named,Verified - Published Official Document,Official City of Portland developer attendee directory,https://www.portland.gov/phb/documents/meet-developers-attendee-list/download,2026-09-11
Pali Consulting,https://pali-consulting.com,Engineering / AEC,Portland,Oregon,,,Public directory contact,tim@pali-consulting.com,Named,Verified - Published Official Document,Official City of Portland developer attendee directory,https://www.portland.gov/phb/documents/meet-developers-attendee-list/download,2026-09-11
JH Interior Design,https://jhinteriordesign.com,Interior Design,Portland,Oregon,,,Public directory contact,adam@jhinteriordesign.com,Named,Verified - Published Official Document,Official City of Portland developer attendee directory,https://www.portland.gov/phb/documents/meet-developers-attendee-list/download,2026-09-11
Allied Systems Northwest,https://alliedsystemsnw.com,Engineering / AEC,Portland,Oregon,,,Public directory contact,fvsmith@alliedsystemsnw.com,Named,Verified - Published Official Document,Official City of Portland developer attendee directory,https://www.portland.gov/phb/documents/meet-developers-attendee-list/download,2026-09-11
45th Parallel Geomatics,https://45thparallelgeomatics.com,Engineering,Portland,Oregon,,,Public directory contact,stanner@45thparallelgeomatics.com,Named,Verified - Published Official Document,Official City of Portland developer attendee directory,https://www.portland.gov/phb/documents/meet-developers-attendee-list/download,2026-09-11
WB Wells,https://wbwells.com,Construction,Portland,Oregon,,,Public directory contact,brett@wbwells.com,Named,Verified - Published Official Document,Official City of Portland developer attendee directory,https://www.portland.gov/phb/documents/meet-developers-attendee-list/download,2026-09-11
Strata Land Use,https://stratalanduse.com,Planning / AEC,Portland,Oregon,,,Public directory contact,sarah@stratalanduse.com,Named,Verified - Published Official Document,Official City of Portland developer attendee directory,https://www.portland.gov/phb/documents/meet-developers-attendee-list/download,2026-09-11
Urban Lens Planning,https://urbanlensplanning.net,Planning / AEC,Portland,Oregon,,,Public directory contact,robin@urbanlensplanning.net,Named,Verified - Published Official Document,Official City of Portland developer attendee directory,https://www.portland.gov/phb/documents/meet-developers-attendee-list/download,2026-09-11
Ground Workshop,https://groundworkshop.net,Landscape Architecture,Portland,Oregon,,,Public directory contact,ts@groundworkshop.net,Named,Verified - Published Official Document,Official City of Portland developer attendee directory,https://www.portland.gov/phb/documents/meet-developers-attendee-list/download,2026-09-11
The West Studio,https://theweststudio.com,Architecture,Portland,Oregon,,,Public directory contact,audrey@theweststudio.com,Named,Verified - Published Official Document,Official City of Portland developer attendee directory,https://www.portland.gov/phb/documents/meet-developers-attendee-list/download,2026-09-11
Relevant Buildings,https://relevantbuildings.com,Construction,Portland,Oregon,,,Public directory contact,matt@relevantbuildings.com,Named,Verified - Published Official Document,Official City of Portland developer attendee directory,https://www.portland.gov/phb/documents/meet-developers-attendee-list/download,2026-09-11
Williams 3T Contracting,https://williams3tcontracting.com,Construction,Portland,Oregon,,,Public directory contact,thomas@williams3tcontracting.com,Named,Verified - Published Official Document,Official City of Portland developer attendee directory,https://www.portland.gov/phb/documents/meet-developers-attendee-list/download,2026-09-11
New Dawn Residential,https://newdawnresidential.com,Homebuilder,Portland,Oregon,,,Public directory contact,erick@newdawnresidential.com,Named,Verified - Published Official Document,Official City of Portland developer attendee directory,https://www.portland.gov/phb/documents/meet-developers-attendee-list/download,2026-09-11
BridgeTowne Equity,https://bridgetownequity.com,Developer,Portland,Oregon,,,Public directory contact,scott@bridgetownequity.com,Named,Verified - Published Official Document,Official City of Portland developer attendee directory,https://www.portland.gov/phb/documents/meet-developers-attendee-list/download,2026-09-11
Valar Engineering,https://valarengineering.com,Engineering,Portland,Oregon,,,Public directory contact,norm.faris@valarengineering.com,Named,Verified - Published Official Document,Official City of Portland developer attendee directory,https://www.portland.gov/phb/documents/meet-developers-attendee-list/download,2026-09-11
Green Source Capital,https://greensourcecap.com,Developer,Portland,Oregon,,,Public directory contact,samuel@greensourcecap.com,Named,Verified - Published Official Document,Official City of Portland developer attendee directory,https://www.portland.gov/phb/documents/meet-developers-attendee-list/download,2026-09-11
PlanCenter Northwest,https://plancenter.net,Construction / Bids,Portland,Oregon,,,Public directory contact,projectinfo@plancenter.net,Role-Based,Verified - Published Official Document,Official City of Portland developer attendee directory,https://www.portland.gov/phb/documents/meet-developers-attendee-list/download,2026-09-11
Macleod Reckord,https://macleodreckord.com,Architecture,Portland,Oregon,,,Public directory contact,charleneb@macleodreckord.com,Named,Verified - Published Official Document,Official City of Portland developer attendee directory,https://procure.portlandoregon.gov/bso/external/bidAckList.sdo?bidId=00002529,2026-09-11
Salazar Architect,https://salazarch.com,Architecture,Portland,Oregon,,,Public directory contact,jnye@salazarch.com,Named,Verified - Published Official Document,Official City of Portland developer attendee directory,https://procure.portlandoregon.gov/bso/external/bidAckList.sdo?bidId=00002529,2026-09-11
NNA Landscape Architecture,https://nnala.com,Landscape Architecture,Portland,Oregon,,,Public directory contact,david@nnala.com,Named,Verified - Published Official Document,Official City of Portland developer attendee directory,https://procure.portlandoregon.gov/bso/external/bidAckList.sdo?bidId=00002529,2026-09-11
Peri Moncad Group,https://perimoncadgroup.com,Architecture / AEC,Portland,Oregon,,,Public directory contact,amy@perimoncadgroup.com,Named,Verified - Published Official Document,Official City of Portland developer attendee directory,https://procure.portlandoregon.gov/bso/external/bidAckList.sdo?bidId=00002529,2026-09-11
Sosyal Architecture,https://sosyalarchitecture.com,Architecture,Portland,Oregon,,,Public directory contact,syesilada@sosyalarchitecture.com,Named,Verified - Published Official Document,Official City of Portland developer attendee directory,https://procure.portlandoregon.gov/bso/external/bidAckList.sdo?bidId=00002529,2026-09-11
Process Architecture,https://process-pdx.com,Architecture,Portland,Oregon,,,Public directory contact,jason@process-pdx.com,Named,Verified - Published Official Document,Official City of Portland developer attendee directory,https://procure.portlandoregon.gov/bso/external/bidAckList.sdo?bidId=00002529,2026-09-11
Moore Arch Design,https://moorearchdesign.com,Architecture,Portland,Oregon,,,Public directory contact,linda@moorearchdesign.com,Named,Verified - Published Official Document,Official City of Portland developer attendee directory,https://procure.portlandoregon.gov/bso/external/bidAckList.sdo?bidId=00002529,2026-09-11
Integrus Architecture,https://integrusarch.com,Architecture,Portland,Oregon,,,Public directory contact,sweir@integrusarch.com,Named,Verified - Published Official Document,Official City of Portland developer attendee directory,https://procure.portlandoregon.gov/bso/external/bidAckList.sdo?bidId=00002529,2026-09-11
Acid Architecture,https://acid-architecture.com,Architecture,Portland,Oregon,,,Public directory contact,molly@acid-architecture.com,Named,Verified - Published Official Document,Official City of Portland developer attendee directory,https://procure.portlandoregon.gov/bso/external/bidAckList.sdo?bidId=00002529,2026-09-11
Telford + Brown Studio,https://telfordbrownstudio.com,Architecture,Portland,Oregon,,,Public directory contact,tashab@telfordbrownstudio.com,Named,Verified - Published Official Document,Official City of Portland developer attendee directory,https://procure.portlandoregon.gov/bso/external/bidAckList.sdo?bidId=00002529,2026-09-11
Walker Macy,https://walkermacy.com,Landscape Architecture,Portland,Oregon,,,Public directory contact,pdickow@walkermacy.com,Named,Verified - Published Official Document,Official City of Portland developer attendee directory,https://procure.portlandoregon.gov/bso/external/bidAckList.sdo?bidId=00002529,2026-09-11
Lango Hansen Landscape Architects,https://langohansen.com,Landscape Architecture,Portland,Oregon,,,Public directory contact,kurt@langohansen.com,Named,Verified - Published Official Document,Official City of Portland developer attendee directory,https://procure.portlandoregon.gov/bso/external/bidAckList.sdo?bidId=00002529,2026-09-11
FFA Architecture,https://ffadesign.com,Architecture,Portland,Oregon,,,Public directory contact,sjohnson@ffadesign.com,Named,Verified - Published Official Document,Official City of Portland developer attendee directory,https://procure.portlandoregon.gov/bso/external/bidAckList.sdo?bidId=00002529,2026-09-11
MWA Architects,https://mwaarchitects.com,Architecture,Portland,Oregon,,,Public directory contact,mktg@mwaarchitects.com,Role-Based,Verified - Published Official Document,Official City of Portland developer attendee directory,https://procure.portlandoregon.gov/bso/external/bidAckList.sdo?bidId=00002529,2026-09-11
Opsis Architecture,https://opsisarch.com,Architecture,Portland,Oregon,,,Public directory contact,marketing@opsisarch.com,Role-Based,Verified - Published Official Document,Official City of Portland developer attendee directory,https://procure.portlandoregon.gov/bso/external/bidAckList.sdo?bidId=00002529,2026-09-11
PMA Architecture,https://pmapdx.com,Architecture,Portland,Oregon,,,Public directory contact,kateh@pmapdx.com,Named,Verified - Published Official Document,Official City of Portland developer attendee directory,https://procure.portlandoregon.gov/bso/external/bidAckList.sdo?bidId=00002529,2026-09-11
Hacker Architects,https://hackerarchitects.com,Architecture,Portland,Oregon,,,Public directory contact,marketing@hackerarchitects.com,Role-Based,Verified - Published Official Document,Official City of Portland developer attendee directory,https://procure.portlandoregon.gov/bso/external/bidAckList.sdo?bidId=00002529,2026-09-11
Allied Works Architecture,https://alliedworks.com,Architecture,Portland,Oregon,,,Public directory contact,info@alliedworks.com,Role-Based,Verified - Published Official Document,Official City of Portland developer attendee directory,https://procure.portlandoregon.gov/bso/external/bidAckList.sdo?bidId=00002529,2026-09-11
Solarc Architecture,https://solarc-a.com,Architecture,Portland,Oregon,,,Public directory contact,nate@solarc-a.com,Named,Verified - Published Official Document,Official City of Portland developer attendee directory,https://procure.portlandoregon.gov/bso/external/bidAckList.sdo?bidId=00002529,2026-09-11
KPFF,https://kpff.com,Engineering,Portland,Oregon,,,Public directory contact,jinae.linsenmeyer@kpff.com,Named,Verified - Published Official Document,Official City of Portland developer attendee directory,https://procure.portlandoregon.gov/bso/external/bidAckList.sdo?bidId=00002529,2026-09-11
ARG Create,https://argcreate.com,Architecture,Portland,Oregon,,,Public directory contact,n.nguyen@argcreate.com,Named,Verified - Published Official Document,Official City of Portland developer attendee directory,https://procure.portlandoregon.gov/bso/external/bidAckList.sdo?bidId=00002529,2026-09-11
Apogee Landscapes,https://apogeelandscapes.com,Landscape / AEC,Portland,Oregon,,,Public directory contact,michael@apogeelandscapes.com,Named,Verified - Published Official Document,Official City of Portland developer attendee directory,https://procure.portlandoregon.gov/bso/external/bidAckList.sdo?bidId=00002529,2026-09-11
Ebe Consulting,https://ebe.org,Engineering / AEC,Portland,Oregon,,,Public directory contact,projects@ebe.org,Role-Based,Verified - Published Official Document,Official City of Portland developer attendee directory,https://procure.portlandoregon.gov/bso/external/bidAckList.sdo?bidId=00002529,2026-09-11
AEM Architects,https://aem-arch.com,Architecture,Reading,PA,Kenneth,Benjamin,Principal,kcbenjamin@aem-arch.com,Named,Verified - Published Official Website,Official website contact page,https://aem-arch.com/contact,2026-09-11
Chris Dawson Architect,https://chrisdawsonarchitect.com,Architecture,Harrisburg,PA,Chris,Dawson,Principal Architect,chris@chrisdawsonarchitect.com,Named,Verified - Published Official Document,Commonwealth of Pennsylvania project appointment PDF,https://www.pa.gov/content/dam/copapwp-pagov/en/dgs/documents/design-and-construction/design/professional-selections/appointment-letters/sbdesignappt7_28_15.pdf,2026-09-11
Richard Pedranti Architect,https://richardpedranti.com,Architecture,Milford,PA,Richard,Pedranti,Architect,richard@richardpedranti.com,Named,Verified - Published Official Website,Official website contact page,https://richardpedranti.com/contact,2026-09-11
SMP Architects,https://smparchitects.com,Architecture,Philadelphia,PA,Scott,Ritchie,Associate,sr@smparchitects.com,Named,Verified - Public Directory,Public agency proposer directory,https://www.abingtonpa.gov/DocumentCenter/View/4236/LibraryDesignProspectiveProposerList-PDF?bidId=,2026-09-11
KCBA Architects,https://kcba-architects.com,Architecture,Philadelphia,PA,,,General inquiries,hr@kcba-architects.com,Role-Based,Verified - Published Official Website,Official website indexed contact listing,https://kcba-architects.com,2026-09-11
Moss Architecture & Design,https://mossarc.com,Architecture,Philadelphia,PA,,,Studio office,mail@mossarc.com,Role-Based,Verified - Published Official Website,Official website indexed contact listing,https://mossarc.com,2026-09-11
PZS Architects,https://pzsarchitects.com,Architecture,Pittsburgh,PA,Greg,Giddings,Architect,ggiddings@pzsarchitects.com,Named,Verified - Public Directory,Public project directory listing,https://www.abingtonpa.gov/DocumentCenter/View/4236/LibraryDesignProspectiveProposerList-PDF?bidId=,2026-09-11
"Alvin H. Butz, Inc.",https://butz.com,Construction Manager,Allentown,PA,Margaret,McConnell,Enterprise Marketing Manager,margaret.mcconnell@butz.com,Named,Verified - Public Directory,Public higher-education construction-management directory,https://passhe.edu/offices/anf/construction-support/documents/Table%202%20-%202019%20CM%20Firms%20and%20Points%20of%20Contact%202020%20January.pdf,2026-09-11
Morgan Construction Management,https://morgancml.com,Construction Manager,Philadelphia,PA,Angel,Hackney,President and Principal,ahackney@morgancml.com,Named,Verified - Public Directory,Public higher-education construction-management directory,https://passhe.edu/offices/anf/construction-support/documents/Table%202%20-%202019%20CM%20Firms%20and%20Points%20of%20Contact%202020%20January.pdf,2026-09-11
Facility Strategies,https://facilitystrategies.com,Construction Manager,Philadelphia,PA,,,Project services,sferullo@facilitystrategies.com,Named,Verified - Public Directory,Public construction-management directory,https://passhe.edu/offices/anf/construction-support/documents/Table%202%20-%202019%20CM%20Firms%20and%20Points%20of%20Contact%202020%20January.pdf,2026-09-11
Hyland Engineering,https://hylandeng.com,Engineering,Wormleysburg,PA,,,General inquiries,info@hylandeng.com,Role-Based,Verified - Published Official Website,Official website contact information,https://hylandeng.com,2026-09-11
Mohawk Land Development Consultants,https://mohawkldc.com,Engineering,Exton,PA,,,General inquiries,info@mohawkldc.com,Role-Based,Verified - Published Official Website,Official website contact information,https://www.mohawkldc.com/civil_engineer_contact.html,2026-09-11
Advanced Manufacturing Technologies,https://amtsupport.com,Engineering,Export,PA,,,General inquiries,info@amtsupport.com,Role-Based,Verified - Published Official Website,Official website contact page,http://amtsupport.com/contact,2026-09-11
Carroll Engineering Corporation,https://carrollengineering.com,Engineering,Fort Washington,PA,,,General inquiries,info@carrollengineering.com,Role-Based,Verified - Public Directory,Public contractor directory listing,https://www.paconstructors.org/wp-content/uploads/2014/04/2013newsDIRECTORYLISTINGS.pdf,2026-09-11
"HRI, Inc.",https://hriinc.com,General Contractor,State College,PA,,,General inquiries,hri@hriinc.com,Role-Based,Verified - Public Directory,Associated Pennsylvania Constructors directory,https://www.paconstructors.org/wp-content/uploads/2014/04/2013newsDIRECTORYLISTINGS.pdf,2026-09-11
"HRI, Inc.",https://hrico.com,General Contractor,State College,PA,Greg,Shawl,Executive,gshawl@hrico.com,Named,Verified - Public Directory,Public contractor directory listing,https://www.paconstructors.org/wp-content/uploads/2014/04/2013newsDIRECTORYLISTINGS.pdf,2026-09-11
Boyle Construction,https://boyleconstruction.com,General Contractor,Philadelphia,PA,Kate,Duerholz,Project contact,kcduerholz@boyleconstruction.com,Named,Verified - Public Directory,Public contractor directory listing,https://www.paconstructors.org/wp-content/uploads/2014/04/2013newsDIRECTORYLISTINGS.pdf,2026-09-11
M&M Contractors,https://mmbcontractors.com,General Contractor,Pittsburgh,PA,,,General inquiries,info@mmbcontractors.com,Role-Based,Verified - Published Official Website,Official website indexed contact listing,https://mmbcontractors.com,2026-09-11
PENN General Contracting,https://penngc.com,General Contractor,Pittsburgh,PA,,,General inquiries,info@penngc.com,Role-Based,Verified - Published Official Website,Official website indexed contact listing,https://penngc.com,2026-09-11
Penntex Construction,https://penntexconst.com,General Contractor,Philadelphia,PA,,,General inquiries,info@penntexconst.com,Role-Based,Verified - Published Official Website,Official website indexed contact listing,https://penntexconst.com,2026-09-11
Philly Construction Management,https://phillyconstructionmgmt.com,Construction Manager,Philadelphia,PA,,,General inquiries,info@phillyconstructionmgmt.com,Role-Based,Verified - Published Official Website,Official website indexed contact listing,https://phillyconstructionmgmt.com,2026-09-11
JMac Custom Builders,https://jmacustombuilders.com,Custom Homebuilder,Newtown,PA,,,Builder inquiries,joe@jmacustombuilders.com,Named,Verified - Published Official Website,Official website indexed contact listing,https://jmacustombuilders.com,2026-09-11
Superior Homes,https://superiorhomes.com,Custom Homebuilder,Erie,PA,,,Service inquiries,service@superiorhomes.com,Role-Based,Verified - Published Official Website,Official website indexed contact listing,https://superiorhomes.com,2026-09-11
Janiczek Homes,https://janiczekhomes.com,Custom Homebuilder,Pittsburgh,PA,,,General inquiries,info@janiczekhomes.com,Role-Based,Verified - Published Official Website,Official website indexed contact listing,https://janiczekhomes.com,2026-09-11
Royal Penn Homes,https://royalpennhomes.com,Custom Homebuilder,Mechanicsburg,PA,,,General inquiries,info@royalpennhomes.com,Role-Based,Verified - Published Official Website,Official website indexed contact listing,https://royalpennhomes.com,2026-09-11
Design Home Studios,https://designhomestudios.com,Design-Build,Newtown,PA,,,General inquiries,info@designhomestudios.com,Role-Based,Verified - Published Official Website,Official website indexed contact listing,https://designhomestudios.com,2026-09-11
Greater Pittsburgh Contractors,https://greaterpittsburghcontractors.com,General Contractor,Pittsburgh,PA,,,General inquiries,info@greaterpittsburghcontractors.com,Role-Based,Verified - Published Official Website,Official website indexed contact listing,https://greaterpittsburghcontractors.com,2026-09-11
National Land Developers,https://nationallanddevelopers.com,Developer,Pittsburgh,PA,,,Development inquiries,sales@nationallanddevelopers.com,Role-Based,Verified - Published Official Website,Official website indexed contact listing,https://nationallanddevelopers.com,2026-09-11
Berger Communities,https://bergercos.com,Developer,Reading,PA,,,Development inquiries,mberger@bergercos.com,Named,Verified - Public Directory,Public construction-management directory,https://passhe.edu/offices/anf/construction-support/documents/Table%202%20-%202019%20CM%20Firms%20and%20Points%20of%20Contact%202020%20January.pdf,2026-09-11
The Michaels Organization,https://themichaelsorg.com,Developer,Philadelphia,PA,,,Development inquiries,mlevitt@themichaelsorg.com,Named,Verified - Public Directory,Public construction-management directory,https://passhe.edu/offices/anf/construction-support/documents/Table%202%20-%202019%20CM%20Firms%20and%20Points%20of%20Contact%202020%20January.pdf,2026-09-11
Comhar,https://comhar.org,Developer,Philadelphia,PA,,,Development inquiries,mathew@comhar.org,Named,Verified - Public Directory,Public construction-management directory,https://passhe.edu/offices/anf/construction-support/documents/Table%202%20-%202019%20CM%20Firms%20and%20Points%20of%20Contact%202020%20January.pdf,2026-09-11
"Construction Dynamics, Inc.",https://cdi-sc.com,Commercial General Contractor,Columbia,SC,,,General Contractor and Construction Manager,cdi@cdi-sc.com,Role-Based,Verified - Published Official Website,Official website,https://cdi-sc.com/,2026-09-11
Arch Construction,https://archconstructionsc.com,Custom Homebuilder,Greenville,SC,,,,jacevedo@archconstructionsc.com,Named,Verified - Published Official Website,Official website,https://archconstructionsc.com/,2026-09-11
Built Up Homes,https://builtuphomes.com,Custom Homebuilder,Greer,SC,,,,greg@builtuphomes.com,Named,Verified - Published Official Website,Official website,https://builtuphomes.com/,2026-09-11
Birch Home Builders,https://www.birchhomebuilders.com,Custom Homebuilder,Irmo,SC,,,General Inquiries,info@birchhomebuilders.com,Role-Based,Verified - Published Official Website,Official website,https://www.birchhomebuilders.com/,2026-09-11
Peartree Homes,https://peartreehomes.net,Luxury Custom Homebuilder,Charleston,SC,,,General Inquiries,info@peartreehomes.net,Role-Based,Verified - Published Official Website,Official website,https://peartreehomes.net/,2026-09-11
K-Con Construction,https://kconinc.com,Design-Build and Commercial General Contractor,North Charleston,SC,,,General Inquiries,info@kconinc.com,Role-Based,Verified - Published Official Website,Official website,https://kconinc.com/contact,2026-09-11
Utah Commercial Contractors,https://www.utahcommercialcontractors.com,Commercial General Contractor,Salt Lake City,Utah,Michael,McHugh,President / CEO,mike@utahcommercialcontractors.com,Named,Verified - Published Official Website,Official company website,http://www.utahcommercialcontractors.com/Contact%202-29.htm,2026-09-11
Studio LP,https://www.studiolparch.com,Architecture,Salt Lake City,Utah,,,Studio contact,admin@studiolparch.com,Role-Based,Verified - Published Official Website,Official company website,https://www.studiolparch.com/contact,2026-09-11
Jacoby Architects,https://jacobyarchitects.com,Architecture,Salt Lake City,Utah,,,Office contact,info@jacobyarchitects.com,Role-Based,Verified - Published Official Website,Official company website,https://jacobyarchitects.com/contact,2026-09-11
Beacon Homes Utah,https://beaconhomesutah.com,Luxury Custom Homebuilder,American Fork,Utah,Paul,,,paul@beaconhomesutah.com,Named,Verified - Published Official Website,Official company website,https://beaconhomesutah.com/,2026-09-11
Highland Homes Utah,https://highlandhomesutah.com,Custom Homebuilder,Utah,Utah,,,Office contact,info@highlandhomesutah.com,Role-Based,Verified - Published Official Website,Official company website,https://highlandhomesutah.com/,2026-09-11
B Custom Homes,https://bcustomhomesutah.com,Luxury Custom Homebuilder,Utah,Utah,JulieAnne,,,julieanne@bcustomhomesutah.com,Named,Verified - Published Official Website,Official company website,https://bcustomhomesutah.com/,2026-09-11
Cameo Homes,https://cameohomesinc.com,Luxury Custom Homebuilder,Kamas,Utah,,,Office contact,info@cameohomesinc.com,Role-Based,Verified - Published Official Website,Official company website,https://cameohomesinc.com/,2026-09-11
Aluxa Homes,https://aluxahomes.com,Custom Homebuilder,Park City,Utah,,,Utah office,utah@aluxahomes.com,Role-Based,Verified - Published Official Website,Official company website,https://aluxahomes.com/,2026-09-11
Brightline Homes,https://brightlinehomes.com,Luxury Custom Homebuilder,St. George,Utah,,,Office contact,info@brightlinehomes.com,Role-Based,Verified - Published Official Website,Official company website,https://brightlinehomes.com/,2026-09-11
Royal Talmage Builders,https://roytalmagebuilders.com,Custom Homebuilder,Utah,Utah,,,Office contact,info@roytalmagebuilders.com,Role-Based,Verified - Published Official Website,Official company website,https://roytalmagebuilders.com/,2026-09-11
Haven Hill Homes,https://havenhillhomes.com,Custom Homebuilder,Utah,Utah,,,Office contact,info@havenhillhomes.com,Role-Based,Verified - Published Official Website,Official company website,https://havenhillhomes.com/,2026-09-11
Trinity Construction Services,https://trinitycsi.com,Construction Manager,Utah,Utah,Robert,,,robert@trinitycsi.com,Named,Verified - Published Official Website,Official company website,https://trinitycsi.com/,2026-09-11
CMC Construction,https://cmcut.com,Construction Manager,South Jordan,Utah,Jason,Davis,Principal,jdavis@cmcut.com,Named,Verified - Published Official Website,Official company website,https://cmcut.com/,2026-09-11
Civil Solutions Group,https://civilsolutionsgroup.net,Engineering,Salt Lake City,Utah,,,Office contact,requests@civilsolutionsgroup.net,Role-Based,Verified - Published Official Website,Official company website,https://civilsolutionsgroup.net/,2026-09-11
GEM Engineering,https://gemenginc.com,Engineering,Utah,Utah,,,Office contact,info@gemenginc.com,Role-Based,Verified - Published Official Website,Official company website,https://gemenginc.com/,2026-09-11
Kimball Development,https://kimballdevelopment.com,Commercial Developer,Salt Lake City,Utah,,,Office contact,office@kimballdevelopment.com,Role-Based,Verified - Published Official Website,Official company website,https://kimballdevelopment.com/,2026-09-11
Eckman Construction,https://eckmanconst.com,Commercial General Contractor,Utah,Utah,,,Office contact,contactus@eckmanconst.com,Role-Based,Verified - Published Official Website,Official company website,https://eckmanconst.com/,2026-09-11
Campbell Construction,https://campbell-co.com,Commercial General Contractor,Utah,Utah,,,Estimating,estimating@campbell-co.com,Role-Based,Verified - Published Official Website,Official company website,https://campbell-co.com/,2026-09-11
Valley Design Build,https://valleydesignbuild.com,Design-Build Contractor,Utah,Utah,,,Office contact,info@valleydesignbuild.com,Role-Based,Verified - Published Official Website,Official company website,https://valleydesignbuild.com/,2026-09-11
RKA Construction,https://rkaconstructionutah.com,Commercial General Contractor,Utah,Utah,,,Office contact,mike@rkaconstructionutah.com,Named,Verified - Published Official Website,Official company website,https://rkaconstructionutah.com/,2026-09-11
MSC Design Build,https://mscdesignbuild.com,Design-Build Contractor,Utah,Utah,Jerry,,,jerry@mscdesignbuild.com,Named,Verified - Published Official Website,Official company website,https://mscdesignbuild.com/,2026-09-11
MSC Constructors,https://mscconstructors.com,Commercial General Contractor,Utah,Utah,Jerri,H,Partner,jerrih@mscconstructors.com,Named,Verified - Published Official Website,Official company website,https://mscconstructors.com/,2026-09-11
Apex Development Partners,https://apex-dp.com,Commercial Developer,Salt Lake City,Utah,G,Wagner,Partner,gwagner@apex-dp.com,Named,Verified - Published Official Document,Utah public meeting document,https://www.utah.gov/pmn/files/1242425.pdf,2026-09-11
Woodbury Corporation,https://woodburycorp.com,Commercial Developer,Salt Lake City,Utah,,,Office contact,info@woodburycorp.com,Role-Based,Verified - Published Official Website,Official company website,http://woodburycorp.com/contact-2,2026-09-11
Cliffrose Group,https://cliffrosegroup.com,Hospitality Developer,St. George,Utah,Dave,,,dave@cliffrosegroup.com,Named,Verified - Published Official Website,Official company website,https://cliffrosegroup.com/contact,2026-09-11
Wittwer Hospitality,https://wittwerhospitality.com,Hospitality Developer,St. George,Utah,,,Office contact,info@wittwerhospitality.com,Role-Based,Verified - Published Official Website,Official company website,http://wittwerhospitality.com/contact,2026-09-11
MRJ Constructors,https://www.mrjconstructors.com,Commercial General Contractor,Seattle,Washington,,,General Inquiry,info@mrjconstructors.com,Role-Based,Verified - Published Official Website,Official website contact page,https://www.mrjconstructors.com/contact-us,2026-09-11
PDK Corporation,https://www.pdkcorp.com,Commercial General Contractor,Federal Way,Washington,Kim,,Contact,kim@pdkcorp.com,Named,Verified - Published Official Website,Official website contact page,https://www.pdkcorp.com/contact,2026-09-11
Rainier Custom Homes,https://www.rainiercustomhomes.com,Luxury Custom Homebuilder,Seattle,Washington,,,Administration,admin@rainiercustomhomes.com,Role-Based,Verified - Published Official Website,Official website contact page,https://www.rainiercustomhomes.com/contact,2026-09-11
SHKS Architects,https://www.shksarchitects.com,Architecture Firm,Seattle,Washington,,,General Information,info@shksarchitects.com,Role-Based,Verified - Published Official Website,Official website contact page,https://www.shksarchitects.com/contact,2026-09-11
Shed Built,https://www.shedbuilt.com,Design-Build Firm,Seattle,Washington,,,Projects,projects@shedbuilt.com,Role-Based,Verified - Published Official Website,Official website contact page,https://www.shedbuilt.com/contact,2026-09-11
True Built Home,https://www.truebuildgc.com,Custom Homebuilder,Spokane,Washington,,,General Information,info@truebuildgc.com,Role-Based,Verified - Published Official Website,Official website contact page,https://www.truebuildgc.com/contact,2026-09-11
Armada Design & Build,https://www.armadabuild.com,Design-Build Firm,Seattle,Washington,,,General Information,info@armadabuild.com,Role-Based,Verified - Published Official Website,Official website contact page,https://www.armadabuild.com/contact,2026-09-11
Vandervort Group,https://www.vandervort.com,Architecture and Design Firm,Seattle,Washington,David,Vandervort,Principal,david@vandervort.com,Named,Verified - Published Official Website,Official website contact page,https://www.vandervort.com/contact,2026-09-11
Seattle Seismic,https://www.seattleretrofit.com,Engineering Contractor,Tukwila,Washington,Ryan,,Principal,ryan@seattleretrofit.com,Named,Verified - Published Official Website,Official website contact page,http://www.seattleretrofit.com/contact,2026-09-11
Hawley Architects,https://hawleyarchitects.com,Architecture Firm,Seattle,Washington,,,General Information,info@hawleyarchitects.com,Role-Based,Verified - Published Official Website,Official website contact page,https://hawleyarchitects.com/contact,2026-09-11
ARC Architects,https://www.arcarchitects.com,Architecture Firm,Seattle,Washington,,,Recruiting and Inquiries,jobs@arcarchitects.com,Role-Based,Verified - Published Official Website,Official website contact page,https://www.arcarchitects.com/contact,2026-09-11
Aedas Seattle,https://www.aedas.com,Architecture Firm,Seattle,Washington,,,Seattle Office,seattle@aedas.com,Role-Based,Verified - Published Official Website,Official website office page,https://www.aedas.com/en/contact-location/seattle,2026-09-11
Construction Expeditors,https://www.constructionexpeditors.com,Construction Management,Seattle,Washington,Jeff,,Principal,jeff@constructionexpeditors.com,Named,Verified - Published Official Website,Official website contact page,https://www.constructionexpeditors.com/contact,2026-09-11
Spokane Concrete,https://spokane-concrete.com,Concrete Contractor,Spokane,Washington,,,General Information,info@spokane-concrete.com,Role-Based,Verified - Published Official Website,Official website contact page,https://spokane-concrete.com/contact,2026-09-11
Spilker Contracting,https://www.spilkercontracting.com,Commercial Contractor,Spokane,Washington,,,General Information,info@spilkercontracting.com,Role-Based,Verified - Published Official Website,Official website home page,https://www.spilkercontracting.com/,2026-09-11
Construction Services Spokane,https://csspokane.com,Commercial Contractor,Spokane,Washington,,,General Information,info@csspokane.com,Role-Based,Verified - Published Official Website,official website contact page,http://csspokane.com/contact-us,2026-09-11
ArchitectureWorks,https://architectureworks.com,Architecture,Birmingham,Alabama,,,General inquiries,info@architectureworks.com,Role-Based,Verified - Published Official Website,Official website contact page,https://architectureworks.com/contact,2026-09-11
TPD Architecture + Design,https://tpdarchitect.com,Architecture,Birmingham,Alabama,,,General inquiries,info@tpdarchitect.com,Role-Based,Verified - Published Official Website,Official website contact page,https://tpdarchitect.com/contact,2026-09-11
MBA Engineers Inc.,https://mbasei.com,Engineering,Birmingham,Alabama,Keith,Owens,Principal,kowens@mbasei.com,Named,Verified - Public Directory,AIA Birmingham partner directory,https://aiabham.org/sponsorships/sponsor-contact-information,2026-09-11
Murray Construction,https://www.murray.construction,Commercial General Contractor,Birmingham,Alabama,Daniel,Murray,Principal,dmurray@murray.construction,Named,Verified - Public Directory,AIA Birmingham partner directory,https://aiabham.org/sponsorships/sponsor-contact-information,2026-09-11
The Prewitt Group,https://prewitt.group,Design-Build Firm,Birmingham,Alabama,Andy,Prewitt,Principal,aprewitt@prewitt.group,Named,Verified - Public Directory,AIA Birmingham partner directory,https://aiabham.org/sponsorships/sponsor-contact-information,2026-09-11
Bhate,https://bhate.com,Engineering,Birmingham,Alabama,Terry,Watson,Contact,twatson@bhate.com,Named,Verified - Public Directory,AGC Alabama associate membership directory,https://assets.businessalabama.com/uploads/2019/06/BAJune2019_AGC_AssociateDirectoryForWeb.pdf,2026-09-11
Bhate Geosciences Corp.,https://bhate-geo.com,Engineering,Birmingham,Alabama,Hannah,Davis,Contact,hdavis@bhate-geo.com,Named,Verified - Public Directory,AGC Alabama associate membership directory,https://assets.businessalabama.com/uploads/2019/06/BAJune2019_AGC_AssociateDirectoryForWeb.pdf,2026-09-11
Birmingham Engineering and Testing (BESI),https://besi.biz,Engineering,Birmingham,Alabama,Deepa,Bhate,Contact,deepasb@besi.biz,Named,Verified - Public Directory,AGC Alabama associate membership directory,https://assets.businessalabama.com/uploads/2019/06/BAJune2019_AGC_AssociateDirectoryForWeb.pdf,2026-09-11
Christy Cobb Inc.,https://christycobb.com,Engineering,Birmingham,Alabama,Gray,Wells,Structural Engineer,gray@christycobb.com,Named,Verified - Public Directory,AGC Alabama associate membership directory,https://assets.businessalabama.com/uploads/2019/06/BAJune2019_AGC_AssociateDirectoryForWeb.pdf,2026-09-11
Schoel Engineering,https://schoel.com,Engineering,Birmingham,Alabama,Mark,Clark,Engineer,mclark@schoel.com,Named,Verified - Public Directory,AGC Alabama associate membership directory,https://assets.businessalabama.com/uploads/2019/06/BAJune2019_AGC_AssociateDirectoryForWeb.pdf,2026-09-11
CDG Engineers & Associates,https://cdge.com,Engineering,Dothan,Alabama,Danner,Drake,Engineer,ddrake@cdge.com,Named,Verified - Public Directory,AGC Alabama associate membership directory,https://assets.businessalabama.com/uploads/2019/06/BAJune2019_AGC_AssociateDirectoryForWeb.pdf,2026-09-11
Advanced Electrical Company,https://advancedelectricalcompany.com,Commercial Contractor,Pelham,Alabama,Mark,Anderson,Contact,mark@advancedelectricalcompany.com,Named,Verified - Public Directory,AGC Alabama associate membership directory,https://assets.businessalabama.com/uploads/2019/06/BAJune2019_AGC_AssociateDirectoryForWeb.pdf,2026-09-11
MSE Building Company,https://msebuildingco.com,Commercial Contractor,Alton,Alabama,Cindy,Jones,Contact,cjones@msebuildingco.com,Named,Verified - Public Directory,AGC Alabama associate membership directory,https://assets.businessalabama.com/uploads/2019/06/BAJune2019_AGC_AssociateDirectoryForWeb.pdf,2026-09-11
Bama Concrete Co.,https://bamaconcrete.com,Commercial Contractor,Alabaster,Alabama,Mark,Neely,Contact,mneely@bamaconcrete.com,Named,Verified - Public Directory,AGC Alabama associate membership directory,https://assets.businessalabama.com/uploads/2019/06/BAJune2019_AGC_AssociateDirectoryForWeb.pdf,2026-09-11
Industrial Construction Consultants Inc.,https://iccibusinesssolutions.com,Construction Consultant,Trussville,Alabama,Ken,Weyhrich,Principal,kensultant@iccibusinesssolutions.com,Named,Verified - Public Directory,AGC Alabama associate membership directory,https://assets.businessalabama.com/uploads/2019/06/BAJune2019_AGC_AssociateDirectoryForWeb.pdf,2026-09-11
Philen Construction Inc.,https://philen.org,Commercial Contractor,Montgomery,Alabama,Tony,Craft,Contact,mail@philen.org,Role-Based,Verified - Public Directory,AGC Alabama associate membership directory,https://assets.businessalabama.com/uploads/2019/06/BAJune2019_AGC_AssociateDirectoryForWeb.pdf,2026-09-11
Allen Architectural Metals Inc.,https://allenmetals.com,Architectural Contractor,Talladega,Alabama,John,Allen,Principal,johna@allenmetals.com,Named,Verified - Public Directory,AGC Alabama associate membership directory,https://assets.businessalabama.com/uploads/2019/06/BAJune2019_AGC_AssociateDirectoryForWeb.pdf,2026-09-11
Williams Blackstock Architects,https://wba-architects.com,Architecture,Birmingham,Alabama,Brittany,Foley,AIA,brittany@wba-architects.com,Named,Verified - Public Directory,AIA Birmingham executive committee,https://aiabham.org/organization/executive-committee,2026-09-11
Goodwyn Mills Cawood,https://gmcnetwork.com,Architecture,Birmingham,Alabama,Kyonta,Smith,AIA,kyonta.smith@gmcnetwork.com,Named,Verified - Public Directory,AIA Birmingham executive committee,https://aiabham.org/organization/executive-committee,2026-09-11
Rob Walker Architects,https://rw4arch.com,Architecture,Birmingham,Alabama,Rob,Walker,Architect,rob@rw4arch.com,Named,Verified - Public Directory,AIA Birmingham executive committee,https://aiabham.org/organization/executive-committee,2026-09-11
CMH Architects,https://cmharch.com,Architecture,Birmingham,Alabama,,,General inquiries,info@cmharch.com,Role-Based,Verified - Published Official Website,Official website contact page,https://cmharch.com/contact,2026-09-11
Stout Architecture,https://stoutarchitecture.com,Architecture,Birmingham,Alabama,Paul,Stout,Principal,pstout@stoutarchitecture.com,Named,Verified - Published Official Website,Official website homepage,https://www.stoutarch.com,2026-09-11
Partner Architecture,https://www.partnerarch.com,Architecture,Mobile,Alabama,,,Corporate inquiries,corporate@partnerarch.com,Role-Based,Verified - Published Official Website,Official website contact page,https://www.partnerarch.com/contact,2026-09-11
Watermark Design Group,https://watermarkarch.com,Architecture,Mobile,Alabama,,,General inquiries,mail@watermarkarch.com,Role-Based,Verified - Published Official Website,Official service page,https://www.watermarkarchitects.com/services/architecture,2026-09-11
The Capstone Engineering Group,https://www.thecapstoneeg.com,Engineering,Tuscaloosa,Alabama,,,General inquiries,info@thecapstoneeg.com,Role-Based,Verified - Published Official Website,Official website project-area page,https://www.thecapstoneeg.com/where-we-are-working,2026-09-11
Lee Builders,https://www.leebuilders.com,Commercial General Contractor,Huntsville,Alabama,,,General inquiries,info@leebuilders.com,Role-Based,Verified - Published Official Website,Official website contact page,https://www.leebuilders.com/contact,2026-09-11
Wilcock Builders,https://www.wilcockbuilders.com,Commercial General Contractor,Huntsville,Alabama,,,General inquiries,contactus@wilcockbuilders.com,Role-Based,Verified - Published Official Website,Official website about page,https://www.wilcockbuilders.com/about,2026-09-11
Building Concepts LLC,https://www.buildingconceptsllc.com,Custom Home Builder,Birmingham,Alabama,Gerald,,Owner,gerald@buildingconceptsllc.com,Named,Verified - Published Official Website,Official luxury-home page,https://www.buildingconceptsllc.com/luxury-home-builders,2026-09-11
Apel Steel Corp.,https://apelsteel.net,Structural Steel Contractor,Vinemont,Alabama,Ronny,Apel,Contact,ronny@apelsteel.net,Named,Verified - Public Directory,AGC Alabama associate membership directory,https://assets.businessalabama.com/uploads/2019/06/BAJune2019_AGC_AssociateDirectoryForWeb.pdf,2026-09-11
Art Iron Works Inc.,https://artironworks.com,Structural Metal Contractor,Oneonta,Alabama,Amiee,Smith,Contact,asmith@artironworks.com,Named,Verified - Public Directory,AGC Alabama associate membership directory,https://assets.businessalabama.com/uploads/2019/06/BAJune2019_AGC_AssociateDirectoryForWeb.pdf,2026-09-11
Cemex Inc.,https://www.cemex.com,Construction Materials,Birmingham,Alabama,Lynn,Rasco,Contact,lynn.rasco@cemex.com,Named,Verified - Public Directory,AGC Alabama associate membership directory,https://assets.businessalabama.com/uploads/2019/06/BAJune2019_AGC_AssociateDirectoryForWeb.pdf,2026-09-11
Corblu Ecology Group LLC,https://corblu.com,Environmental Engineering,Alabaster,Alabama,Andy,Whorton,Contact,awhorton@corblu.com,Named,Verified - Public Directory,AGC Alabama associate membership directory,https://assets.businessalabama.com/uploads/2019/06/BAJune2019_AGC_AssociateDirectoryForWeb.pdf,2026-09-11
CraneWorks Inc.,https://craneworks.com,Construction Equipment Contractor,Birmingham,Alabama,Chris,Scott,Contact,cscott@craneworks.com,Named,Verified - Public Directory,AGC Alabama associate membership directory,https://assets.businessalabama.com/uploads/2019/06/BAJune2019_AGC_AssociateDirectoryForWeb.pdf,2026-09-11
Earl Dudley Associates Inc.,https://earldudley.com,Surveying and Mapping,Birmingham,Alabama,Deborah,Cash,Contact,dcash@earldudley.com,Named,Verified - Public Directory,AGC Alabama associate membership directory,https://assets.businessalabama.com/uploads/2019/06/BAJune2019_AGC_AssociateDirectoryForWeb.pdf,2026-09-11
Foley Products,https://foleyproducts.com,Construction Materials,Clanton,Alabama,Terry,Brasher,Contact,tbrasher@foleyproducts.com,Named,Verified - Public Directory,AGC Alabama associate membership directory,https://assets.businessalabama.com/uploads/2019/06/BAJune2019_AGC_AssociateDirectoryForWeb.pdf,2026-09-11
Hixson Consultants Inc.,https://bedocs.com,Engineering,Alabaster,Alabama,Ben,Hixson,Contact,bhixson@bedocs.com,Named,Verified - Public Directory,AGC Alabama associate membership directory,https://assets.businessalabama.com/uploads/2019/06/BAJune2019_AGC_AssociateDirectoryForWeb.pdf,2026-09-11
Holden Contracting Crane Services LLC,https://holdenccs.com,Construction Contractor,Woodstock,Alabama,Chad,Holden,Contact,chadrickholden@holdenccs.com,Named,Verified - Public Directory,AGC Alabama associate membership directory,https://assets.businessalabama.com/uploads/2019/06/BAJune2019_AGC_AssociateDirectoryForWeb.pdf,2026-09-11
P & R Metals Inc.,https://prmetals.com,Structural Steel Contractor,Birmingham,Alabama,James,Robinson,Contact,jamesrobinson@prmetals.com,Named,Verified - Public Directory,AGC Alabama associate membership directory,https://assets.businessalabama.com/uploads/2019/06/BAJune2019_AGC_AssociateDirectoryForWeb.pdf,2026-09-11
Steel City Erecting,https://sce-us.com,Structural Steel Contractor,Birmingham,Alabama,Tony,Danley,Contact,tony@sce-us.com,Named,Verified - Public Directory,AGC Alabama associate membership directory,https://assets.businessalabama.com/uploads/2019/06/BAJune2019_AGC_AssociateDirectoryForWeb.pdf,2026-09-11
Steel City Erecting,https://nsc-us.com,Structural Steel Contractor,Birmingham,Alabama,Andrea,Cole,Contact,andrea@nsc-us.com,Named,Verified - Public Directory,AGC Alabama associate membership directory,https://assets.businessalabama.com/uploads/2019/06/BAJune2019_AGC_AssociateDirectoryForWeb.pdf,2026-09-11
Southern Electrical Contractors Inc.,https://southern-ind.com,Commercial Contractor,Birmingham,Alabama,Wayne,Wood,Contact,wwood@southern-ind.com,Named,Verified - Public Directory,AGC Alabama associate membership directory,https://assets.businessalabama.com/uploads/2019/06/BAJune2019_AGC_AssociateDirectoryForWeb.pdf,2026-09-11
Vandiver Steel Fabricators Inc.,https://vandiversteelfab.com,Structural Steel Contractor,Vandiver,Alabama,Pete,Cline,Contact,officemanager@vandiversteelfab.com,Role-Based,Verified - Public Directory,AGC Alabama associate membership directory,https://assets.businessalabama.com/uploads/2019/06/BAJune2019_AGC_AssociateDirectoryForWeb.pdf,2026-09-11
Advanced Sign & Lighting LLC,https://advancedsignandlighting.com,Commercial Specialty Contractor,Gardendale,Alabama,Judy,Brady,Contact,judyb@advancedsignandlighting.com,Named,Verified - Public Directory,AGC Alabama associate membership directory,https://assets.businessalabama.com/uploads/2019/06/BAJune2019_AGC_AssociateDirectoryForWeb.pdf,2026-09-11
Advantage Waste,https://advantagewaste.net,Construction Waste Services,Birmingham,Alabama,Debora,Campbell,Contact,debora@advantagewaste.net,Named,Verified - Public Directory,AGC Alabama associate membership directory,https://assets.businessalabama.com/uploads/2019/06/BAJune2019_AGC_AssociateDirectoryForWeb.pdf,2026-09-11
Alabama Brick Delivery,https://alabamabrick.com,Construction Materials,Birmingham,Alabama,Mark,Frederick,Contact,mark@alabamabrick.com,Named,Verified - Public Directory,AGC Alabama associate membership directory,https://assets.businessalabama.com/uploads/2019/06/BAJune2019_AGC_AssociateDirectoryForWeb.pdf,2026-09-11
Batey & Sanders,https://bateyandsanders.com,Construction Materials,Gadsden,Alabama,John,Boyd,Contact,johnb@bateyandsanders.com,Named,Verified - Public Directory,AGC Alabama associate membership directory,https://assets.businessalabama.com/uploads/2019/06/BAJune2019_AGC_AssociateDirectoryForWeb.pdf,2026-09-11
Central Station Inc.,https://csiemail.com,Commercial Specialty Contractor,Birmingham,Alabama,Don,Minyard,Contact,dminyard@csiemail.com,Named,Verified - Public Directory,AGC Alabama associate membership directory,https://assets.businessalabama.com/uploads/2019/06/BAJune2019_AGC_AssociateDirectoryForWeb.pdf,2026-09-11
Cowin Equipment Co. Inc.,https://cowin.com,Construction Equipment Contractor,Birmingham,Alabama,James,Cowin,Contact,swood@cowin.com,Named,Verified - Public Directory,AGC Alabama associate membership directory,https://assets.businessalabama.com/uploads/2019/06/BAJune2019_AGC_AssociateDirectoryForWeb.pdf,2026-09-11
Crane U,https://craneu.com,Construction Equipment Contractor,Birmingham,Alabama,Nikol,Gaut,Contact,nikol@craneu.com,Named,Verified - Public Directory,AGC Alabama associate membership directory,https://assets.businessalabama.com/uploads/2019/06/BAJune2019_AGC_AssociateDirectoryForWeb.pdf,2026-09-11
Equipment Rental & Supply,https://ersstore.com,Construction Equipment Rental,Trussville,Alabama,Todd,Lankford,Contact,tlankford@ersstore.com,Named,Verified - Public Directory,AGC Alabama associate membership directory,https://assets.businessalabama.com/uploads/2019/06/BAJune2019_AGC_AssociateDirectoryForWeb.pdf,2026-09-11
GMS Old Castle,https://oldcastle.com,Construction Materials,Pelham,Alabama,Chris,Wade,Contact,christopher.wade@oldcastle.com,Named,Verified - Public Directory,AGC Alabama associate membership directory,https://assets.businessalabama.com/uploads/2019/06/BAJune2019_AGC_AssociateDirectoryForWeb.pdf,2026-09-11
Elk River Inc.,https://elkriver.com,Construction Materials,Cullman,Alabama,Mike,Lowery,Contact,mike@elkriver.com,Named,Verified - Public Directory,AGC Alabama associate membership directory,https://assets.businessalabama.com/uploads/2019/06/BAJune2019_AGC_AssociateDirectoryForWeb.pdf,2026-09-11
Hilti,https://www.hilti.com,Construction Equipment,Gardendale,Alabama,Kristine,Phillips,Contact,kristine.phillips@hilti.com,Named,Verified - Public Directory,AGC Alabama associate membership directory,https://assets.businessalabama.com/uploads/2019/06/BAJune2019_AGC_AssociateDirectoryForWeb.pdf,2026-09-11
Martin Marietta Aggregates Co.,https://www.martinmarietta.com,Construction Materials,Hoover,Alabama,John,McCullough,Contact,john.mccullough@martinmarietta.com,Named,Verified - Public Directory,AGC Alabama associate membership directory,https://assets.businessalabama.com/uploads/2019/06/BAJune2019_AGC_AssociateDirectoryForWeb.pdf,2026-09-11
Ram Tool & Supply Co.,https://ram-tool.com,Construction Equipment,Birmingham,Alabama,Parke,Smith,Contact,psmith@ram-tool.com,Named,Verified - Public Directory,AGC Alabama associate membership directory,https://assets.businessalabama.com/uploads/2019/06/BAJune2019_AGC_AssociateDirectoryForWeb.pdf,2026-09-11
Reliable Sign Services Inc.,https://reliablesigns.com,Commercial Specialty Contractor,Pelham,Alabama,Steve,Landrum,Contact,steve@reliablesigns.com,Named,Verified - Public Directory,AGC Alabama associate membership directory,https://assets.businessalabama.com/uploads/2019/06/BAJune2019_AGC_AssociateDirectoryForWeb.pdf,2026-09-11
Santek Waste Services,https://santekenviro.com,Construction Waste Services,Gardendale,Alabama,Sam,Dillender,Contact,sdillender@santekenviro.com,Named,Verified - Public Directory,AGC Alabama associate membership directory,https://assets.businessalabama.com/uploads/2019/06/BAJune2019_AGC_AssociateDirectoryForWeb.pdf,2026-09-11
Thompson Tractor Co. Inc.,https://thompsontractor.com,Construction Equipment,Birmingham,Alabama,Brian,Doud,Contact,briandoud@thompsontractor.com,Named,Verified - Public Directory,AGC Alabama associate membership directory,https://assets.businessalabama.com/uploads/2019/06/BAJune2019_AGC_AssociateDirectoryForWeb.pdf,2026-09-11
Tractor & Equipment Co. Inc.,https://tec1943.com,Construction Equipment,Birmingham,Alabama,Brett,Bussman,Contact,bbussman@tec1943.com,Named,Verified - Public Directory,AGC Alabama associate membership directory,https://assets.businessalabama.com/uploads/2019/06/BAJune2019_AGC_AssociateDirectoryForWeb.pdf,2026-09-11
Tractor & Equipment Co. Inc.,https://tractor-equipment.com,Construction Equipment,Birmingham,Alabama,Shay,Holliday,Contact,sholliday@tractor-equipment.com,Named,Verified - Public Directory,AGC Alabama associate membership directory,https://assets.businessalabama.com/uploads/2019/06/BAJune2019_AGC_AssociateDirectoryForWeb.pdf,2026-09-11
Waste Management,https://www.wm.com,Construction Waste Services,Tarrant,Alabama,Charlotte,Vodosia,Contact,cvodosia@wm.com,Named,Verified - Public Directory,AGC Alabama associate membership directory,https://assets.businessalabama.com/uploads/2019/06/BAJune2019_AGC_AssociateDirectoryForWeb.pdf,2026-09-11
WER Architects,https://werarch.com,Architecture,Little Rock,Arkansas,,,Office,info@werarch.com,Role-Based,Verified - Published Official Website,Official website contact information,https://werarch.com/contact,2026-09-11
RedStone Construction Group,https://redstone-cg.com,Commercial General Contractor,Little Rock,Arkansas,,,Office,info@redstone-cg.com,Role-Based,Verified - Published Official Website,Official website,https://redstone-cg.com/,2026-09-11
Born to Build,https://www.borntobuildar.com,Commercial General Contractor,Little Rock,Arkansas,Mike,,Owner,mike@borntobuildar.com,Named,Verified - Published Official Website,Official website contact page,https://www.borntobuildar.com/contact,2026-09-11
ARK Architects,https://arkarch.com,Architecture,Little Rock,Arkansas,,,Office,info@arkarch.com,Role-Based,Verified - Published Official Website,Official website contact page,https://arkarch.com/contact,2026-09-11
Tomlinson Asphalt,https://tomlinsonasphalt.com,Commercial Contractor,Rogers,Arkansas,,,Office,info@tomlinsonasphalt.com,Role-Based,Verified - Published Official Website,Official website contact page,https://tomlinsonasphalt.com/contact,2026-09-11
Fayetteville Contractors,https://fayettevillecontractors.com,Commercial General Contractor,Fayetteville,Arkansas,,,Office,fci@fayettevillecontractors.com,Role-Based,Verified - Published Official Website,Official website contact page,https://fayettevillecontractors.com/contact,2026-09-11
Forward Engineers,https://www.fwdengineers.com,Engineering,Fayetteville,Arkansas,,,Marketing,marketing@fwdengineers.com,Role-Based,Verified - Published Official Website,Official website contact page,https://www.fwdengineers.com/contact,2026-09-11
A.L. Franks Engineering,https://alfranksengineering.com,Engineering,Texarkana,Arkansas,,,Office,info@alfranksengineering.com,Role-Based,Verified - Published Official Website,Official website contact page,https://alfranksengineering.com/contact,2026-09-11
Larry Cox Construction,https://coxearthworks.com,Commercial Contractor,Heber Springs,Arkansas,,,Office,info@coxearthworks.com,Role-Based,Verified - Published Official Website,Official website contact page,https://coxearthworks.com/contact,2026-09-11
ArkBest Realty,https://www.arkbestrealty.com,Commercial Real Estate,Little Rock,Arkansas,,,Office,info@arkbestrealty.com,Role-Based,Verified - Published Official Website,Official website contact page,http://www.arkbestrealty.com/contact,2026-09-11
J-ARK Building Professionals,https://www.j-arkbuilding.com,General Contractor,Fayetteville,Arkansas,,,Office,office@j-arkbuilding.com,Role-Based,Verified - Published Official Website,Official website contact page,https://www.j-arkbuilding.com/contact,2026-09-11
Commercial Realty LLC,https://commercialrealtyllc.com,Commercial Real Estate,Fayetteville,Arkansas,,,Fayetteville Office,jkemp@commercialrealtyllc.com,Role-Based,Verified - Published Official Website,Official website contact page,https://commercialrealtyllc.com/contact,2026-09-11
Arkansas Construction and Remodeling,https://arkansasconstructionllc.com,Commercial General Contractor,Bentonville,Arkansas,,,Office,info@arkansasconstructionllc.com,Role-Based,Verified - Published Official Website,Official website,https://arkansasconstructionllc.com/about-us,2026-09-11
Fairchild Construction,https://fcnwa.com,Commercial General Contractor,Bentonville,Arkansas,Nathan,,Office,nathan@fcnwa.com,Named,Verified - Published Official Website,Official website contact page,https://fcnwa.com/contact,2026-09-11
Engineering Consultants Inc.,https://www.ecilr.com,Engineering,Little Rock,Arkansas,,,Office,info@ecilr.com,Role-Based,Verified - Published Official Website,Official website contact page,http://www.ecilr.com/contact.html,2026-09-11
ETC Engineers & Architects,https://etcengineersinc.com,Engineering and Architecture,Little Rock,Arkansas,,,Office,etc@etcengineersinc.com,Role-Based,Verified - Published Official Website,Official website contact page,https://etcengineersinc.com/contact,2026-09-11
EMTEC,https://emtecconsulting.com,Engineering,Little Rock,Arkansas,,,Office,emtec@emtecconsulting.com,Role-Based,Verified - Published Official Website,Official website contact page,https://emtecconsulting.com/contact,2026-09-11
AMR Architects,https://www.amr-architects.com,Architecture,Little Rock,Arkansas,,,Office,amr@amr-architects.com,Role-Based,Verified - Published Official Website,Official website contact information,https://www.amr-architects.com/about-us,2026-09-11
Andrew Hicks Architect,https://andrewhicksarchitect.com,Architecture,Fayetteville,Arkansas,Andrew,Hicks,Architect,andrew@andrewhicksarchitect.com,Named,Verified - Published Official Website,Official website contact page,https://andrewhicksarchitect.com/contact,2026-09-11
Jackson Brown Palculict Architects,https://www.jbparchitects.com,Architecture,Little Rock,Arkansas,,,Office,info@jbparchitects.com,Role-Based,Verified - Published Official Website,Official website contact page,https://www.jbparchitects.com/contact,2026-09-11
Lexicon Inc.,https://lexicon-inc.com,Commercial Contractor,Little Rock,Arkansas,,,Office,lexiconinfo@lexicon-inc.com,Role-Based,Verified - Published Official Website,Official website contact page,https://lexicon-inc.com/contact,2026-09-11
Herron Horton Architects,https://hh-architects.com,Architecture,Little Rock,Arkansas,Jennifer,Herron,Principal,jenn@hh-architects.com,Named,Verified - Published Official Website,Official website,https://hh-architects.com/,2026-09-11
Origins Construction,https://www.originsbuilds.com,Design-Build Contractor,Fayetteville,Arkansas,,,Office,info@originsbuilds.com,Role-Based,Verified - Published Official Website,Official website contact page,https://www.originsbuilds.com/contact,2026-09-11
Don Peters Construction,https://www.donpetersconstruction.com,Commercial Design-Build Contractor,Bentonville,Arkansas,,,Accounting,accounting@donpetersconstruction.com,Role-Based,Verified - Published Official Website,Official website contact page,https://www.donpetersconstruction.com/contact,2026-09-11
Reynolds Construction and Commercial Roofing,https://reynoldsconstructioncompany.com,Commercial Contractor,White Hall,Arkansas,Brian,Mathews,Contact,brian@reynoldsconstructioncompany.com,Named,Verified - Public Government Vendor Directory,Arkansas procurement vendor profile,https://arbuy.arkansas.gov/bso/external/vendor/vendorProfileAddressInfo.sdo?external=true&vendorId=V000001981,2026-09-11
Ace Engineering,https://ace-engrs.com,Engineering,Little Rock,Arkansas,,,Office,info@ace-engrs.com,Role-Based,Verified - Published Official Website,Official website contact information,https://ace-engrs.com/,2026-09-11
KSA Architecture,https://www.ksa-architecture.com,Architecture,Fayetteville,Arkansas,,,Office,info@ksa-architecture.com,Role-Based,Verified - Published Official Website,Official website contact information,https://www.ksa-architecture.com/,2026-09-11
Lewis Architects Engineers,https://lemvrw.com,Architecture and Engineering,Little Rock,Arkansas,,,Office,info@lemvrw.com,Role-Based,Verified - Published Official Website,Official website contact page,https://lemvrw.com/contact,2026-09-11
Cline Construction Group,https://www.clineconstructiongroup.com,Construction Management,Little Rock,Arkansas,,,Office,info@clineconstructiongroup.com,Role-Based,Verified - Published Official Website,Official website contact page,https://www.clineconstructiongroup.com/contact-us,2026-09-11
Baldwin & Shell Construction Company,https://www.baldwinshell.com,Construction Management,Little Rock,Arkansas,Drew,Williams,Primary Contact,drew.williams@baldwinshell.com,Named,Verified - Public Professional Directory,AIA Arkansas allied member directory,http://aiaar.org/members/directory/allied-member/baldwin-shell-construction-company,2026-09-11
4 A.M. Construction,https://4amconstruction.com,Commercial Contractor,,Connecticut,,,Office,admin@4amconstruction.com,Role-Based,Verified - Published Official Website,Official website,https://4amconstruction.com/,2026-09-11
AGC Acquisition LLC,https://www.agcincorporated.com,Commercial Contractor,Meriden,Connecticut,,,Office,info@agcincorporated.com,Role-Based,Verified - Published Official Website,Official website,https://www.agcincorporated.com/fr/contacts/,2026-09-11
Amanda Martocchio Architecture,https://amandamartocchio.com,Architecture,New Canaan,Connecticut,Amanda,Martocchio,Architect,hello@amandamartocchio.com,Role-Based,Verified - Published Directory,Brick & Wonder directory,https://brickandwonder.com/collective/amanda-martocchio,2026-09-11
Aprete,https://aprete.com,Engineering,,Connecticut,Nicole,Corriveau,,ncorriveau@aprete.com,Named,Verified - Published Directory,AGC of Connecticut newsletter,https://www.ctconstruction.org/files/public/on-site_newsletter_summer_08.pdf,2026-09-11
Banton Construction Company,https://bantonconstruction.com,Commercial Contractor,North Haven,Connecticut,Sumi,Oldman,,soldman@bantonconstruction.com,Named,Verified - Published Directory,Connecticut state bid document,https://biznet.ct.gov/SCP_Documents/Bids/55601/Planholders.pdf,2026-09-11
Beinfield Architecture,https://beinfield.com,Architecture,,Connecticut,,,Architecture,architecture@beinfield.com,Role-Based,Verified - Published Official Website,Official website,https://beinfield.com/Contact/1,2026-09-11
Blake Real Estate,https://blakereal.com,Commercial Developer,,Connecticut,David,Silverstein,,dsilverstein@blakereal.com,Named,Verified - Published Directory,AGC of Connecticut newsletter,https://www.ctconstruction.org/files/public/on-site_newsletter_summer_08.pdf,2026-09-11
Bloomfield Electric,https://bloomfield-electric.com,Engineering/Contractor,Bloomfield,Connecticut,Rafael,Baral,,rbaral@bloomfield-electric.com,Named,Verified - Published Directory,AGC of Connecticut newsletter,https://www.ctconstruction.org/files/public/on-site_newsletter_summer_08.pdf,2026-09-11
Cardello Architects,https://cardelloarchitects.com,Architecture,,Connecticut,,,Projects,projects@cardelloarchitects.com,Role-Based,Verified - Published Official Website,Official website,https://cardelloarchitects.com,2026-09-11
CHK Architects,https://www.chkarch.com,Architecture,Simsbury,Connecticut,,,Office,info@chkarch.com,Role-Based,Verified - Published Official Website,Official website,https://www.chkarch.com/ct-architects,2026-09-11
Connecticut Carpentry,https://ctcarpentry.com,Commercial Contractor,,Connecticut,Frank,DiBacco,,fdibacco@ctcarpentry.com,Named,Verified - Published Directory,AGC of Connecticut newsletter,https://www.ctconstruction.org/files/public/on-site_newsletter_summer_08.pdf,2026-09-11
Eversource Energy,https://www.eversource.com,Engineering,,Connecticut,Paul,DiIorio,Distribution Engineering Designer,paul.diiorio@eversource.com,Named,Verified - Official Document,Official company PDF,https://www.eversource.com/content/docs/default-source/builders-contractors/connecticut-designers-by-name.pdf,2026-09-11
General Contractor Connecticut,https://generalcontractorconnecticut.net,Commercial Contractor,Greenwich,Connecticut,,,Office,info@generalcontractorconnecticut.net,Role-Based,Verified - Published Official Website,Official website,http://generalcontractorconnecticut.net/contact-us,2026-09-11
Golarosa,https://golarosa.com,Commercial Contractor,,Connecticut,Paul,Parete,,pparete@golarosa.com,Named,Verified - Published Directory,AGC of Connecticut newsletter,https://www.ctconstruction.org/files/public/on-site_newsletter_summer_08.pdf,2026-09-11
Hartford Building Company,https://hartfordbuildingcompany.com,Commercial Contractor,Hartford,Connecticut,,,Office,info@hartfordbuildingcompany.com,Role-Based,Verified - Published Official Website,Official website,https://hartfordbuildingcompany.com,2026-09-11
Konover Construction,https://konoverconstruction.com,Construction Manager,,Connecticut,Eric,Brown,,ebrown@konoverconstruction.com,Named,Verified - Published Directory,AGC of Connecticut newsletter,https://www.ctconstruction.org/files/public/on-site_newsletter_summer_08.pdf,2026-09-11
KW Construction,https://kwconstruction.com,Commercial Contractor,,Connecticut,Chris,,,chris@kwconstruction.com,Named,Verified - Published Directory,AGC of Connecticut newsletter,https://www.ctconstruction.org/files/public/on-site_newsletter_summer_08.pdf,2026-09-11
Mohawk Northeast,https://mohawknortheast.com,Commercial Contractor,,Connecticut,Brian,Cunningham,,bcunningham@mohawknortheast.com,Named,Verified - Published Directory,AGC of Connecticut newsletter,https://www.ctconstruction.org/files/public/on-site_newsletter_summer_08.pdf,2026-09-11
PCM,https://pcm-ct.com,Commercial Contractor,,Connecticut,,,Office,info@pcm-ct.com,Role-Based,Verified - Published Official Website,Official website,https://pcm-ct.com,2026-09-11
Pioneer Builders,https://pioneerbuildersct.com,Custom Homebuilder,,Connecticut,Marco,Calise,,marcoc@pioneerbuildersct.com,Named,Verified - Published Directory,AGC of Connecticut newsletter,https://www.ctconstruction.org/files/public/on-site_newsletter_summer_08.pdf,2026-09-11
Premier Building,https://premierbuilding.org,Commercial Contractor,,Connecticut,Pat,,,pat@premierbuilding.org,Named,Verified - Published Directory,AGC of Connecticut newsletter,https://www.ctconstruction.org/files/public/on-site_newsletter_summer_08.pdf,2026-09-11
Russell and Dawson,https://www.rdaep.com,Architecture & Engineering,East Hartford,Connecticut,,,Office,info@rdaep.com,Role-Based,Verified - Published Official Website,Official website,https://www.rdaep.com/projects/government/connecticut-state-capitol,2026-09-11
Sarazin General Contractors,https://sarazin.com,Commercial Contractor,North Windham,Connecticut,Paul,Sarazin,,dsarazin@sarazin.com,Named,Verified - Published Directory,ConstructConnect directory,https://projects.constructconnect.com/companies/67909-sarazin-general-contractors-inc&find_loc=CT-06256,2026-09-11
Sustainable Engineering Solutions,https://sustainable-eng.com,Engineering,Rocky Hill,Connecticut,,,Office,contact@sustainable-eng.com,Role-Based,Verified - Published Official Website,Official website,http://sustainable-eng.com/,2026-09-11
The Wyman Company,https://thewymancompany.com,Construction Manager,,Connecticut,Justin,Boulka,,jboulka@thewymancompany.com,Named,Verified - Published Directory,CCIA publications directory,https://www.ctconstruction.org/i4a/pages/index.cfm?pageid=3308,2026-09-11
Wohlsen Construction,https://wohlsen.com,Construction Manager,,Connecticut,Matthew,Rubbo,,mrubbo@wohlsen.com,Named,Verified - Published Directory,AGC of Connecticut newsletter,https://www.ctconstruction.org/files/public/on-site_newsletter_summer_08.pdf,2026-09-11
Odle McGuire Shook Architects,https://www.omscorp.net,Architecture Firm,Indianapolis,Indiana,,,Office,oms@omscorp.net,Role-Based,Verified - Published Official Website,Official website,https://www.omscorp.net/contact,2026-09-11
AIS Construction Services,https://www.aisconstructionservices.com,Commercial General Contractor,Indianapolis,Indiana,Daniel,Branham,President,dbranham@aisconstructionservices.com,Named,Verified - Published Official Website,Official website,https://www.aisconstructionservices.com/contact-ais-construction-services,2026-09-11
Applied Engineering Services,https://www.applied-e-s.com,Engineering Firm,Indianapolis,Indiana,,,Office,info@applied-e-s.com,Role-Based,Verified - Published Official Website,Official website,https://www.applied-e-s.com/,2026-09-11
Design & Build Corporation,https://designandbuildcorp.com,Design-Build and Construction Management,Fishers,Indiana,,,Office,info@designandbuildcorp.com,Role-Based,Verified - Published Official Website,Official website,https://designandbuildcorp.com/construction-management,2026-09-11
Benjamin Design Build,https://www.benjamindesignbuild.com,Design-Build Firm,Indianapolis,Indiana,Benjamin,,,ben@benjamindesignbuild.com,Named,Verified - Published Official Website,Official website,https://www.benjamindesignbuild.com/contact,2026-09-11
PBS Design Build,https://www.pbsdesignbuild.com,Design-Build Firm,Crown Point,Indiana,,,Office,info@pbsdesignbuild.com,Role-Based,Verified - Published Official Website,official website,https://www.pbsdesignbuild.com/,2026-09-11
T&W Corporation,https://twcorp.net,Design-Build Firm,Indianapolis,Indiana,,,Office,info@twcorp.net,Role-Based,Verified - Published Official Website,Official website,https://twdesignbuild.com/design-build,2026-09-11
Indiana GCC,https://www.indianagcc.com,General Contractor,Carmel,Indiana,,,Office,info@indianagcc.com,Role-Based,Verified - Published Official Website,Official website,https://www.indianagcc.com/contact,2026-09-11
Grimmer Construction,https://grimmerconstruction.com,Commercial General Contractor,Highland,Indiana,,,Office,info@grimmerconstruction.com,Role-Based,Verified - Published Official Website,Official website,http://grimmerconstruction.com/contact,2026-09-11
American Structurepoint,https://www.structurepoint.com,Engineering and Architecture Firm,Indianapolis,Indiana,Karen,Bright,Contact,kbright@structurepoint.com,Named,Verified - Public Government Directory,Public government document,https://www.in.gov/indot/engineering/files/INDOT-NEPA-Certification-List-December-2021.xlsx,2026-09-11
DLZ Indiana,https://www.dlz.com,Engineering and Architecture Firm,Indianapolis,Indiana,Stephen,Kromkowski,Principal Architect,skromkowski@dlz.com,Named,Verified - Public Professional Directory,Public professional directory,https://www.isba-ind.org/about/service---associate-memberships/service-member-listing,2026-09-11
Abonmarche Consulting,https://www.abonmarche.com,Engineering Firm,Fort Wayne,Indiana,Tim,Ehlerding,Contact,tehlerding@abonmarche.com,Named,Verified - Public Professional Directory,Public professional directory,https://www.isba-ind.org/about/service---associate-memberships/service-member-listing,2026-09-11
Martin Riley Architects/Engineers,https://martin-riley.com,Architecture and Engineering Firm,Fort Wayne,Indiana,Jack,Daniel,Architect,jdaniel@martin-riley.com,Named,Verified - Public AIA Directory,Public professional directory,https://www.usmodernist.org/AIAIN/AIAIN-2016-D.pdf,2026-09-11
Demerly Architects,https://demerlyarchitects.com,Architecture Firm,Indianapolis,Indiana,Mark,Demerly,Architect,mark@demerlyarchitects.com,Named,Verified - Public AIA Directory,Public professional directory,https://www.usmodernist.org/AIAIN/AIAIN-2016-D.pdf,2026-09-11
Axis Architecture & Interiors,https://axisarch.com,Architecture and Interiors Firm,Indianapolis,Indiana,Geoffrey,DeSmit,Architect,gdesmit@axisarch.com,Named,Verified - Public AIA Directory,Public professional directory,https://www.usmodernist.org/AIAIN/AIAIN-2016-D.pdf,2026-09-11
GMG Architects,https://gmgarchitects.com,Architecture Firm,Carmel,Indiana,Glenn,Gareis,Architect,glenn@gmgarchitects.com,Named,Verified - Public AIA Directory,Public professional directory,https://www.usmodernist.org/AIAIN/AIAIN-2015-D.pdf,2026-09-11
Viridian Architectural Design,https://viridian-design.net,Architecture Firm,Indianapolis,Indiana,Terry,Thornsbury,Architect,terry@viridian-design.net,Named,Verified - Public AIA Directory,Public professional directory,https://www.usmodernist.org/AIAIN/AIAIN-2015-D.pdf,2026-09-11
VPS Architecture,https://vpsarch.com,Architecture Firm,Evansville,Indiana,John,Phillips,Architect,jphillips@vpsarch.com,Named,Verified - Public AIA Directory,Public professional directory,https://www.usmodernist.org/AIAIN/AIAIN-2013-D.pdf,2026-09-11
Kirkwood Design Studio,https://kdsarchitects.com,Architecture Firm,Bloomington,Indiana,Mary,Krupinski,Architect,mk@kdsarchitects.com,Named,Verified - Public AIA Directory,Public professional directory,https://www.usmodernist.org/AIAIN/AIAIN-2013-D.pdf,2026-09-11
SITECH Indiana,https://www.sitechindiana.com,Construction Technology and Management,Indianapolis,Indiana,,,Office,info@sitechindiana.com,Role-Based,Verified - Published Official Website,Official website,https://www.sitechindiana.com/contact-us,2026-09-11
Fanning Howey Associates,https://fhai.com,Architecture and Engineering Firm,Indianapolis,Indiana,Dan,Mader,Architect,dmader@fhai.com,Named,Verified - Public Construction Directory,Public construction directory,https://projects.constructconnect.com/companies/1925651-fanning-howey-associates-inc&find_loc=IN-46204,2026-09-11
Lancer Associates Architecture,https://lancerarchitects.com,Architecture Firm,Indianapolis,Indiana,Ralph,Pitman,Architect,rpitman@lancerarchitects.com,Named,Verified - Public Construction Directory,Public construction directory,https://projects.constructconnect.com/companies/2289597-lancer-associates-architecture&find_loc=IN-46203,2026-09-11
DKGR Architects,http://www.dkgrar.com,Architecture Firm,Indianapolis,Indiana,,,Architectural firm,dkgr@dkgrar.com,Role-Based,Verified - Published Reliable Directory,Reliable public directory,https://archinect.com/dkgr/contact,2026-09-11
C E & M Inc,https://cemincorp.com,Architecture Firm,Fort Wayne,Indiana,John,Fyfe,Architect,jfyfe@cemincorp.com,Named,Verified - Published Official Website,Official website,https://cemincorp.com/about-us/,2026-09-11
Mohler Architects PC,https://hlmohler.com,Architecture Firm,Lafayette,Indiana,Harold,Mohler,Principal,hlm@hlmohler.com,Named,Verified - Published Official Website,Official website,https://hlmohler.com/about-us,2026-09-11
Keystone Architecture,http://keystonearch.com,Architecture Firm,Lafayette,Indiana,Kathy,,,kathy@keystonearch.com,Named,Verified - Public Professional Directory,Public professional directory,https://archinect.com/keystonearchitecture,2026-09-11
Egis,https://www.egis-group.com,Engineering Firm,Indianapolis,Indiana,Marianne,Blades,Head of Marketing and Events - United States,marianne.blades@egis-group.com,Named,Verified - Public Professional Directory,Public professional directory,https://www.indianachamber.com/member-spotlight/egis,2026-09-11
Civil & Environmental Consultants,https://www.cecinc.com,Engineering Firm,Indianapolis,Indiana,John,Eckersley,Engineer,jeckersley@cecinc.com,Named,Verified - Public Government Directory,Public government document,https://www.in.gov/indot/engineering/files/INDOT-NEPA-Certification-List-December-2021.xlsx,2026-09-11
FPBH Inc.,https://www.fpbhonline.com,Engineering Firm,North Vernon,Indiana,Ron,Donahue,Engineer,rdonahue@fpbhonline.com,Named,Verified - Public Government Directory,Public government document,https://www.in.gov/indot/engineering/files/INDOT-NEPA-Certification-List-December-2021.xlsx,2026-09-11
Infrastructure Engineering Inc.,https://www.infrastructure-eng.com,Engineering Firm,Indianapolis,Indiana,Dave,Quincy,Indianapolis Office Contact,dquincy@infrastructure-eng.com,Named,Verified - Published Official Website,Official website,https://www.infrastructure-eng.com/connect/indianapolis,2026-09-11
Structural Engineering Services LLC,https://www.structuralengr.com,Engineering Firm,Huntertown,Indiana,John,Short,Project Engineer,jshort@structuralengr.com,Named,Verified - Published Official Website,Official website,https://www.structuralengr.com/staff/,2026-09-11
K & S Engineers Inc.,https://www.kandsengineers.com,Engineering Firm,Highland,Indiana,Tahir,Munawar,Engineer,tmunawar@kandsengineers.com,Named,Verified - Public Government Directory,Public government document,https://www.in.gov/indot/engineering/files/QualifiedGeotechnicalConsultants..pdf,2026-09-11
HWC Engineering,https://hwcengineering.com,Engineering Firm,Indianapolis,Indiana,Eric,Smith,Vice President and Director of Water Resources,esmith@hwcengineering.com,Named,Verified - Public Government Document,Public government document,https://ecm.idem.in.gov/cs/idcplg?IdcService=GET_ANNOTATED_PDF&dID=83909772,2026-09-11
Ken Herceg & Associates,https://www.kenherceg.com,Engineering Firm,South Bend,Indiana,Tom,Wall,Engineer,twall@kenherceg.com,Named,Verified - Public Government Directory,Public government document,https://www.in.gov/indot/engineering/files/INDOT-NEPA-Certification-List-July-2022.xlsx,2026-09-11
Lawson-Fisher Associates,https://www.lawson-fisher.com,Engineering Firm,South Bend,Indiana,Christopher,Jeter,Engineer,cjeter@lawson-fisher.com,Named,Verified - Public Government Directory,Public government document,https://www.in.gov/indot/engineering/files/INDOT-NEPA-Certification-List-July-2022.xlsx,2026-09-11
Keramida,https://www.keramida.com,Engineering Firm,Indianapolis,Indiana,Tom,Giddens,Engineer,tgiddens@keramida.com,Named,Verified - Public Government Directory,Public government document,https://www.in.gov/indot/engineering/files/INDOT-NEPA-Certification-List-December-2021.xlsx,2026-09-11
Burgess & Niple,https://www.burgessniple.com,Engineering Firm,Indianapolis,Indiana,Jason,Mathias,Engineer,jason.mathias@burgessniple.com,Named,Verified - Public Government Directory,Public government document,https://www.in.gov/indot/engineering/files/INDOT-NEPA-Certification-List-December-2021.xlsx,2026-09-11
CrossRoad Engineers,https://www.crossroadengineers.com,Engineering Firm,Indianapolis,Indiana,Michael,Beck,Engineer,mbeck@crossroadengineers.com,Named,Verified - Public Government Directory,Public government document,https://www.in.gov/indot/engineering/files/INDOT-NEPA-Certification-List-August-2022.xlsx,2026-09-11
Storrow Kinsella Associates,https://www.storrowkinsella.com,Architecture Firm,Indianapolis,Indiana,,,Engineer,stevens@storrowkinsella.com,Named,Verified - Public Professional Directory,Public professional directory,https://indianaite.starchapter.com/images/downloads/ite_sponsorship___list_of_assigned_corporate_contacts.xlsx,2026-09-11
RealAmerica Development,https://realamericallc.com,Commercial Developer,Indianapolis,Indiana,,,General inquiries,info@realamericallc.com,Role-Based,Verified - Published Official Website,Official website,http://realamericallc.com/commercial-properties,2026-09-11
Cresa Indianapolis,https://www.cresa.com,Commercial Real Estate,Indianapolis,Indiana,,,Indianapolis office,indianapolis@cresa.com,Role-Based,Verified - Published Official Website,Official website,https://www.cresa.com/indianapolis-in,2026-09-11
Garden & Associates Ltd,https://gardenassociate.net,Engineering,Oskaloosa,Iowa,R,Teed,Engineer,rteed@gardenassociate.net,Named,Verified - Published Public Web Source,Iowa League of Cities service directory,https://iowaleague.org/services/1057,2026-09-11
Delta 3 Engineering Inc,https://delta3eng.biz,Engineering,Dubuque,Iowa,Bart,Nies,PE,niesb@delta3eng.biz,Named,Verified - Published Public Web Source,Iowa League of Cities service directory,https://iowaleague.org/services/4609,2026-09-11
JEO Consulting Group Inc,https://jeo.com,Engineering,Ankeny,Iowa,Gene,Gettys,Contact,ggettys@jeo.com,Named,Verified - Published Public Web Source,Iowa League of Cities service directory,https://iowaleague.org/services/1176,2026-09-11
Martin Gardner Architecture PC,https://martingardnerarch.com,Architecture,Marion,Iowa,Kristin,Neppl,Architect,kristinn@martingardnerarch.com,Named,Verified - Published Public Web Source,Iowa League of Cities service directory,https://iowaleague.org/services/4604,2026-09-11
Beck Engineering Inc,https://beck-engineering.net,Engineering,Spirit Lake,Iowa,Brad,Beck,Engineer,bbeck@beck-engineering.net,Named,Verified - Published Public Web Source,Iowa League of Cities service directory,https://iowaleague.org/services/4909,2026-09-11
Anderson Bogert Engineers & Surveyors,https://anderson-bogert.com,Engineering,Cedar Rapids,Iowa,Kacee,Schmidt,Contact,engineer@anderson-bogert.com,Role-Based,Verified - Published Public Web Source,Iowa League of Cities service directory,https://iowaleague.org/services/1159,2026-09-11
Hall & Hall Engineers Inc,https://halleng.com,Engineering,Hiawatha,Iowa,Shane,Wicks,PE,info@halleng.com,Role-Based,Verified - Published Public Web Source,Iowa League of Cities service directory,https://iowaleague.org/services/3045,2026-09-11
DGR Engineering,https://dgr.com,Engineering,Rock Rapids,Iowa,Gary,Kurth,Engineer,gary.kurth@dgr.com,Named,Verified - Published Public Web Source,Iowa League of Cities service directory,https://iowaleague.org/services/1162,2026-09-11
Fehr Graham,https://fehrgraham.com,Engineering,Manchester,Iowa,Ryan,Wicks,Engineer,rwicks@fehrgraham.com,Named,Verified - Published Public Web Source,Iowa League of Cities service directory,https://iowaleague.org/services/4806,2026-09-11
DIXON Engineering,https://dixonengineering.net,Engineering,Des Moines,Iowa,Tim,Wilson,Engineer,tim.wilson@dixonengineering.net,Named,Verified - Published Public Web Source,Iowa League of Cities service directory,https://iowaleague.org/services/5000,2026-09-11
Bray Architects,https://brayarch.com,Architecture,Davenport,Iowa,Calley,,Architect,calley@brayarch.com,Named,Verified - Published Public Web Source,Iowa League of Cities service directory,https://iowaleague.org/services/5143,2026-09-11
Emergent Architecture,https://emergentarch.com,Architecture,Cedar Rapids,Iowa,Tara,Ludwig,Architect,tara@emergentarch.com,Named,Verified - Published Public Web Source,Iowa League of Cities service directory,https://iowaleague.org/services/5206,2026-09-11
FEH Design,https://fehdesign.com,Architecture,Des Moines,Iowa,,,General Contact,info@fehdesign.com,Role-Based,Verified - Published Public Web Source,Official company website,https://fehdesign.com/des-moines-design-office,2026-09-11
Iowa Contracting Inc,https://iowacontractinginc.com,Commercial Contractor,Indianola,Iowa,,,General Contact,info@iowacontractinginc.com,Role-Based,Verified - Published Public Web Source,Official company website,https://www.iowacontractinginc.com/contact,2026-09-11
Communication Innovators Inc,https://gotoci.com,Construction Technology,Pleasant Hill,Iowa,Welgin,,Primary Contact,welgin@gotoci.com,Named,Verified - Published Public Web Source,Official Iowa contract document,https://bidopportunities.iowa.gov/Home/ShowContractDocument/fc67cf85-a49e-4379-aa78-ee4cc5d999f5,2026-09-11
Henkel Construction,https://henkelconstruction.com,Commercial General Contractor,Mason City,Iowa,,,General Contact,inquire@henkelconstruction.com,Role-Based,Verified - Published Official Website,Official company website,https://henkelconstruction.com/contact,2026-09-11
Story Construction,https://storycon.com,Commercial General Contractor,Ames,Iowa,,,General Contact,info@storycon.com,Role-Based,Verified - Published Official Website,Official company website,https://storycon.com/about-us,2026-09-11
Neumann Brothers,https://neumannbros.com,Commercial General Contractor,Des Moines,Iowa,,,General Contact,contact-us@neumannbros.com,Role-Based,Verified - Published Official Website,Official company website,https://www.neumannbros.com/employee-login,2026-09-11
SI Construction Management,https://siconstructionmanagement.com,Construction Management,Cedar Rapids,Iowa,,,General Contact,info@siconstructionmanagement.com,Role-Based,Verified - Published Official Website,Official company website,https://siconstructionmanagement.com/,2026-09-11
Cutler Construction,https://www.cutler-construction.com,Commercial and Residential Contractor,West Des Moines,Iowa,Peter,,Contact,peter@cutler-construction.com,Named,Verified - Published Official Website,Official company website,https://www.cutler-construction.com/contact,2026-09-11
Avec Design+Build,https://avecdesignbuild.com,Design-Build,Ames,Iowa,,,General Contact,info@avecdesignbuild.com,Role-Based,Verified - Published Official Website,Official company website,https://avecdesignbuild.com/contact,2026-09-11
Conlon Construction,https://conlonco.com,Commercial General Contractor,Dubuque,Iowa,Keefe,Gaherty,Vice President; Director of Preconstruction,kgaherty@conlonco.com,Named,Verified - Published Official Website,Official company website,https://conlonco.com/contact,2026-09-11
Carl A. Nelson & Company,https://carlanelsonco.com,Construction Management,Burlington,Iowa,Aaron,Engberg,Contact,aengberg@carlanelsonco.com,Named,Verified - Published Public Web Source,Iowa League of Cities service directory,https://iowaleague.org/services/4992,2026-09-11
Woodruff Construction,https://woodruff.build,Commercial General Contractor,Tiffin,Iowa,Jake,Shonka,Contact,jakes@woodruff.build,Named,Verified - Published Public Web Source,Iowa League of Cities service directory,https://iowaleague.org/services/4996,2026-09-11
Denovo,https://teamdenovo.com,Construction Management,West Des Moines,Iowa,Britt,Avery,Contact,bavery@teamdenovo.com,Named,Verified - Published Public Web Source,Iowa League of Cities service directory,https://iowaleague.org/services/5020,2026-09-11
Bolton & Menk,https://www.bolton-menk.com,Engineering,Des Moines,Iowa,Matthew,Ferrier,Contact,matt.ferrier@bolton-menk.com,Named,Verified - Published Public Web Source,Iowa League of Cities service directory,https://iowaleague.org/services/1060,2026-09-11
Veenstra & Kimm,https://v-k.net,Engineering,West Des Moines,Iowa,Forrest,Aldrich,Contact,faldrich@v-k.net,Named,Verified - Published Public Web Source,Iowa League of Cities service directory,https://iowaleague.org/services/1182,2026-09-11
MSA Professional Services,https://www.msa-ps.com,Architecture and Engineering,Dubuque,Iowa,Jim,Holz,Contact,jholz@msa-ps.com,Named,Verified - Published Public Web Source,Iowa League of Cities service directory,https://iowaleague.org/services/1284,2026-09-11
Tometich Engineering,https://tometichengineering.com,Engineering,Urbandale,Iowa,,,General Contact,info@tometichengineering.com,Role-Based,Verified - Published Official Website,Official company website,https://tometichengineering.com/contact,2026-09-11
Busy Builders,https://busybuildersiowa.com,Custom Home Builder,West Des Moines,Iowa,Blake,Daniels,Owner and CEO,office@busybuildersiowa.com,Role-Based,Verified - Published Official Website,Official company website,http://busybuildersiowa.com/about-us,2026-09-11
Olsson,https://www.olsson.com,Engineering and Design,Des Moines,Iowa,Chris,Albrecht,Contact,calbrecht@olsson.com,Named,Verified - Published Public Web Source,Iowa League of Cities service directory,https://iowaleague.org/services/1076,2026-09-11
NSPJ Architects,https://nspjarch.com,Architecture,Prairie Village,Kansas,,,Marketing,marketing@nspjarch.com,Role-Based,Verified - Published Official Website,Official website,https://nspjarch.com/contact,2026-09-11
KC Architects,https://kcarch.com,Architecture,Overland Park,Kansas,George,Hasselwander,Architect,ghasselwander@kcarch.com,Named,Verified - Published Official Website,Official website,https://kcarch.com/contact-us,2026-09-11
SPT Architecture,https://www.sptarchitecture.com,Architecture,Wichita,Kansas,,,Office,info@sptarchitecture.com,Role-Based,Verified - Published Official Website,Official website,https://www.sptarchitecture.com/contact,2026-09-11
Commerce Construction Services,https://ccswichita.com,Commercial General Contractor,Wichita,Kansas,,,Office,info@ccswichita.com,Role-Based,Verified - Published Official Website,Official website,https://ccswichita.com/contact-us,2026-09-11
Wichita Construction LLC,https://wichitaconstructionllc.com,Commercial General Contractor,Wichita,Kansas,,,Office,info@wichitaconstructionllc.com,Role-Based,Verified - Published Official Website,Official website,https://wichitaconstructionllc.com/contact-us,2026-09-11
Builders Incorporated,https://buildersinc.com,Commercial Developer,Wichita,Kansas,,,Office,info@buildersinc.com,Role-Based,Verified - Published Official Website,Official website,https://buildersinc.com/contact,2026-09-11
Caro Development,https://www.carodevelopment.com,Commercial Developer,Wichita,Kansas,J.,Moriconi,Development,jmoriconi@carodevelopment.com,Named,Verified - Published Official Website,Official website,https://www.carodevelopment.com/contactus,2026-09-11
KDK Engineering,https://www.kdk-engineering.com,Structural Engineering,Manhattan,Kansas,David,Reynolds,Principal,ddreynolds@kdk-engineering.com,Named,Verified - Published Official Website,Official website,https://www.kdk-engineering.com/contact-us,2026-09-11
Kaw Valley Engineering,https://kveng.com,Civil Engineering,Wichita,Kansas,,,Wichita Office,wh@kveng.com,Named,Verified - Published Official Website,Official website,https://kveng.com/location/civil-engineering-firm-in-wichita,2026-09-11
Simpson Construction Services,https://simpsonconst.com,Commercial General Contractor,Wichita,Kansas,Chad,Buresh,Executive,cburesh@simpsonconst.com,Named,Verified - Public Industry Directory,Public AGC directory,https://www.naylornetwork.com/agk-nwl/pdf/boardterms2023updated.pdf,2026-09-11
Key Construction,https://keyconstruction.com,Commercial General Contractor,Wichita,Kansas,Scott,Casebolt,Executive,shcasebolt@keyconstruction.com,Named,Verified - Public Industry Directory,Public AGC directory,https://www.naylornetwork.com/agk-nwl/pdf/boardterms2023updated.pdf,2026-09-11
Hutton Construction,https://huttonbuilds.com,Commercial General Contractor,Wichita,Kansas,Brandon,Brungardt,Executive,bbrungardt@huttonbuilds.com,Named,Verified - Public Industry Directory,Public AGC directory,https://www.naylornetwork.com/agk-nwl/pdf/boardterms2023updated.pdf,2026-09-11
Harman Huffman Construction Group,https://harmanhuffman.com,Commercial General Contractor,Wichita,Kansas,Aaron,Hoy,Executive,ahoy@harmanhuffman.com,Named,Verified - Public Industry Directory,Public AGC directory,https://www.naylornetwork.com/agk-nwl/pdf/board2021rosterterms.pdf,2026-09-11
Conco Construction,https://concoconstruction.com,Commercial General Contractor,Wichita,Kansas,Luke,Kunkel,President,luke@concoconstruction.com,Named,Verified - Public Industry Directory,Public AGC directory,https://www.naylornetwork.com/agk-nwl/pdf/board2021rosterterms.pdf,2026-09-11
UCI,https://ucict.com,Commercial General Contractor,Wichita,Kansas,Chuck,Grier,Executive,cgrier@ucict.com,Named,Verified - Public Industry Directory,Public AGC directory,https://www.naylornetwork.com/agk-nwl/pdf/boardterms2023updated.pdf,2026-09-11
Liberty Communities Kansas,https://www.lckansas.com,Homebuilder,Wichita,Kansas,,,Office,info@lckansas.com,Role-Based,Verified - Published Official Website,Official website,https://www.lckansas.com/contact,2026-09-11
Robert Montgomery Homes,https://robertmontgomeryhomes.com,Luxury Custom Homebuilder,Leawood,Kansas,,,Office,info@robertmontgomeryhomes.com,Role-Based,Verified - Published Official Website,Official website,https://robertmontgomeryhomes.com/contact-us,2026-09-11
Kansas City Remodel,https://www.kansascityremodel.com,Design-Build Contractor,Overland Park,Kansas,,,Office,hello@kansascityremodel.com,Role-Based,Verified - Published Official Website,Official website,https://www.kansascityremodel.com/services/design-build,2026-09-11
Kaster Architects,https://kaikc.com,Architecture,Overland Park,Kansas,,,Office,info@kaikc.com,Role-Based,Verified - Published Official Website,Official website,https://kaikc.com/contact-us,2026-09-11
SJCF Architecture,https://sjcf.com,Architecture,Wichita,Kansas,,,Office,architects@sjcf.com,Role-Based,Verified - Public Industry Directory,Public Wichita Business Journal directory,https://www.bizjournals.com/wichita/press-release/detail/615/SJCF-Architecture,2026-09-11
TESSERE,https://tessere.com,Architecture and Engineering,Wichita,Kansas,,,Office,info@tessere.com,Role-Based,Verified - Public Industry Directory,Public Wichita Business Journal directory,https://www.bizjournals.com/wichita/press-release/detail/9986/TESSERE,2026-09-11
MD Design Build,https://mddesign.build,Design-Build Contractor,Overland Park,Kansas,,,Contact,contact@mddesign.build,Role-Based,Verified - Published Official Website,Official website,https://mddesign.build/contact-us,2026-09-11
Monarch,https://monarch.build,Design-Build Contractor,Overland Park,Kansas,,,Office,info@monarch.build,Role-Based,Verified - Published Official Website,Official website,https://monarch.build/contact,2026-09-11
Elegance Builders,https://elegancebuilders.com,Luxury Custom Homebuilder,Wichita,Kansas,Jessika,Mayer,Founder,jessika@elegancebuilders.com,Named,Verified - Published Official Website,Official website,https://elegancebuilders.com,2026-09-11
Overland Property Group,https://www.overlandpg.com,Commercial Developer,Shawnee,Kansas,Matt,,Principal,matt@overlandpg.com,Named,Verified - Public Government Directory,Kansas Department of Commerce directory,https://kansascommerce.gov/directory/overland-property-group-llc,2026-09-11
Landmark Commercial Real Estate,https://www.landmarkrealestate.net,Commercial Developer,Wichita,Kansas,,,Office,info@landmarkrealestate.net,Role-Based,Verified - Published Official Website,Official website,https://www.landmarkrealestate.net/contact-us,2026-09-11
"Adams Robinson Enterprises, Inc.",https://gcinc.com,Commercial General Contractor,Louisville,Kentucky,Jerri,Burton,Contact,jerri.burton@gcinc.com,Named,Verified - Published Public Web Source,Louisville Water Company prequalified contractor PDF,https://www.lynnimaging.com/files/25-75Prequallist.pdf,2026-09-11
"Louisville Paving Company, Inc.",https://loupaving.com,Commercial General Contractor,Louisville,Kentucky,Angelia,Mitchell,Contact,amitchell@loupaving.com,Named,Verified - Published Public Web Source,Louisville Water Company prequalified contractor PDF,https://www.lynnimaging.com/files/25-75Prequallist.pdf,2026-09-11
Martin Construction Company,https://martinconc.com,Commercial General Contractor,Louisville,Kentucky,Kofi,Frempong,Contact,kofi@martinconc.com,Named,Verified - Published Public Web Source,Louisville Water Company prequalified contractor PDF,https://www.lynnimaging.com/files/25-75Prequallist.pdf,2026-09-11
"Scott & Ritter, Inc.",https://scottandritter.com,Commercial General Contractor,Bowling Green,Kentucky,Luke,Ritter,Contact,lukeritter@scottandritter.com,Named,Verified - Published Public Web Source,Louisville Water Company prequalified contractor PDF,https://www.lynnimaging.com/files/23-51Prequallist.pdf,2026-09-11
JRA Architects,https://jrarchitects.com,Architecture,Lexington,Kentucky,Rob,Deal,President,rdeal@jrarchitects.com,Named,Verified - Published Official Website,Official website contact page,http://jrarchitects.com/contact.php,2026-09-11
Builders Exchange of Kentucky,https://bxkentucky.com,Construction Industry Association,Louisville,Kentucky,,,General Inquiries,info@bxkentucky.com,Role-Based,Verified - Published Official Website,Official website contact page,https://www.bxkentucky.com/contact-us,2026-09-11
"Kentucky Engineering Group, PLLC",https://kyengr.com,Engineering,Versailles,Kentucky,,,General Inquiries,info@kyengr.com,Role-Based,Verified - Published Official Website,Official website home page,https://www.kyengr.com/,2026-09-11
"Jacobi Toombs & Lanz, Inc.",https://jtleng.com,Engineering,Louisville,Kentucky,Michael,Harris,Secretary / Engineer,m.harris@jtleng.com,Named,Verified - Published Public Web Source,Kentucky Engineering Foundation public board PDF,https://cdn.ymaws.com/www.kyengcenter.org/resource/resmgr/1516KEFBoard.pdf,2026-09-11
"Kentucky Machine & Engineering, Inc.",https://kymachine.com,Industrial Engineering / Fabrication,Cadiz,Kentucky,,,General Inquiries,kme@kymachine.com,Role-Based,Verified - Published Official Website,Official website home page,http://kymachine.com/,2026-09-11
Gray Construction,https://gray.com,Commercial Design-Build / Construction Management,Lexington,Kentucky,Marcus,Taylor,"Senior Vice President, Business Development",mtaylor@gray.com,Named,Verified - Published Official Website,Official website Lexington location page,https://www.gray.com/locations/lexington-ky,2026-09-11
Bell-Butler Architecture,https://bell-butler.com,Architecture,New Orleans,Louisiana,Megan,Bell,Architect,megan@bell-butler.com,Named,Verified - Published Official Document,Official Louisiana Architect Selection Board document,https://www.doa.louisiana.gov/media/sonihpoz/architect-selection-board-members-effective-09-16-2026.pdf,2026-09-11
KVS Architecture,https://kvsarchitecture.com,Architecture,Mandeville,Louisiana,K.,Sollberger,Architect,kvs@kvsarchitecture.com,Named,Verified - Published Official Document,Official Louisiana Architect Selection Board document,https://www.doa.louisiana.gov/media/sonihpoz/architect-selection-board-members-effective-09-16-2026.pdf,2026-09-11
Glorioso Meyers,https://gloriosomeyers.com,Architecture,Broussard,Louisiana,Jeremy,Meyers,Architect,jeremy@gloriosomeyers.com,Named,Verified - Published Official Document,Official Louisiana Architect Selection Board document,https://www.doa.louisiana.gov/media/sonihpoz/architect-selection-board-members-effective-09-16-2026.pdf,2026-09-11
SGBA,https://sgba.com,Architecture,Bossier City,Louisiana,Clarence,Babineaux,Architect,clarence@sgba.com,Named,Verified - Published Official Document,Official Louisiana Architect Selection Board document,https://www.doa.louisiana.gov/media/sonihpoz/architect-selection-board-members-effective-09-16-2026.pdf,2026-09-11
Studio Rise Design,https://studiorisedesign.com,Architecture,New Orleans,Louisiana,Calvin,Gallion,Architect,calving@studiorisedesign.com,Named,Verified - Published Official Document,Official Louisiana Architect Selection Board document,https://www.doa.la.gov/media/sonihpoz/architect-selection-board-members-effective-09-15-2025.pdf,2026-09-11
LRK,https://lrk.com,Architecture,Baton Rouge,Louisiana,Michael,Sullivan,Architect,msullivan@lrk.com,Named,Verified - Published Official Document,Official Louisiana Architect Selection Board document,https://www.doa.la.gov/media/sonihpoz/architect-selection-board-members-effective-09-15-2025.pdf,2026-09-11
Studio Brooks,https://studiobrooks.net,Architecture,Ruston,Louisiana,Robert,Brooks,Architect,robert@studiobrooks.net,Named,Verified - Published Official Document,Official Louisiana Architect Selection Board document,https://www.doa.la.gov/media/sonihpoz/architect-selection-board-members-effective-09-15-2025.pdf,2026-09-11
d+b Architecture,https://dbarch.biz,Architecture,Lafayette,Louisiana,Norbert,Langlinais,Principal,knobbie@dbarch.biz,Named,Verified - Published Official Directory,Professional architecture foundation directory,https://www.louisianaarchitecture.org/board-of-regents,2026-09-11
A M Liles Architect,https://amliles.com,Architecture,New Orleans,Louisiana,Andrew,Liles,Principal,andrew@amliles.com,Named,Verified - Published Official Directory,Professional architecture foundation directory,https://www.louisianaarchitecture.org/board-of-regents,2026-09-11
Arrighi Construction,https://arrighiconstruction.com,Commercial General Contractor,Baton Rouge,Louisiana,,,Construction company,contact@arrighiconstruction.com,Role-Based,Verified - Public Business Directory,Company profile in public business directory,https://www.crunchbase.com/organization/arrighi-construction,2026-09-11
LaDanCo LLC,https://ladancollc.com,Commercial General Contractor,Shreveport,Louisiana,Dan,Neubert,General Contractor,dan@ladancollc.com,Named,Verified - Public Contractor Directory,Public construction bidding directory company profile,https://www.civcastusa.com/user/5b7c1d2899434a15cc20ccf8,2026-09-11
Coastline Construction Service,https://coastline-inc.com,Commercial General Contractor,Harvey,Louisiana,Mike,Hinyub,Construction contact,mhinyub@coastline-inc.com,Named,Verified - Published Industry Directory,Home Builders Association of Greater New Orleans directory,https://www.mydigitalpublication.com/publication?i=653949&p=69&view=issueViewer,2026-09-11
ConstructCo Inc.,https://constructcoinc.com,Commercial General Contractor,Kenner,Louisiana,Joe,Paretti,Construction contact,joe@constructcoinc.com,Named,Verified - Published Industry Directory,Home Builders Association of Greater New Orleans directory,https://www.mydigitalpublication.com/publication?i=653949&p=69&view=issueViewer,2026-09-11
Sigfredo Construction Inc.,https://sigfredoconstruction.com,Commercial General Contractor,Belle Chasse,Louisiana,Sigfredo,Martinez,Construction contact,m@sigfredoconstruction.com,Named,Verified - Published Industry Directory,Home Builders Association of Greater New Orleans directory,https://www.mydigitalpublication.com/publication?i=653949&p=48&view=issueViewer,2026-09-11
R&M Construction of Louisiana Inc.,https://rmconstructionla.com,Commercial General Contractor,Violet,Louisiana,Melanie,Doane,Construction contact,melanied@rmconstructionla.com,Named,Verified - Published Industry Directory,Home Builders Association of Greater New Orleans directory,https://www.mydigitalpublication.com/publication?i=653949&p=48&view=issueViewer,2026-09-11
Protocol Construction LLC,https://protocolconst.com,Commercial General Contractor,New Orleans,Louisiana,William,Goliwas,Construction contact,wgoliwas@protocolconst.com,Named,Verified - Published Industry Directory,Home Builders Association of Greater New Orleans directory,https://www.mydigitalpublication.com/publication?i=653949&p=48&view=issueViewer,2026-09-11
Design Management Group LLC,https://dmgnola.com,Design-Build,Metairie,Louisiana,Ryan,McCroskey,Principal,ryan@dmgnola.com,Named,Verified - Published Industry Directory,Home Builders Association of Greater New Orleans directory,https://www.mydigitalpublication.com/publication?i=653949&p=70&view=issueViewer,2026-09-11
Arcane Inspections,https://arcaneinspections.com,Building Inspection / Engineering,New Orleans,Louisiana,Chris,,Inspector,chris@arcaneinspections.com,Named,Verified - Published Industry Directory,Home Builders Association of Greater New Orleans directory,https://www.mydigitalpublication.com/publication?i=653949&p=70&view=issueViewer,2026-09-11
EM Improvements LLC,https://emimprovements.com,Commercial General Contractor,Harvey,Louisiana,Ernesto,Maldonado,Construction contact,ernesto@emimprovements.com,Named,Verified - Published Industry Directory,Home Builders Association of Greater New Orleans directory,https://www.mydigitalpublication.com/publication?i=653949&p=70&view=issueViewer,2026-09-11
St. Croix LLC,https://stcroixla.com,Residential / Commercial Builder,New Orleans,Louisiana,Chris,,Construction contact,chris@stcroixla.com,Named,Verified - Published Industry Directory,Home Builders Association of Greater New Orleans directory,https://www.mydigitalpublication.com/publication?i=653949&p=70&view=issueViewer,2026-09-11
JESCO Environmental & Geotechnical Services Inc.,https://jescous.com,Engineering / Environmental,Jennings,Louisiana,,,Office,jescoenv@jescous.com,Role-Based,Verified - Official Public Document,Official Louisiana DEQ response action contractor list,https://www.deq.louisiana.gov/assets/docs/FinancialServices/MFTF/RAC_list/UST_RAC_List_093025.pdf,2026-09-11
Jones Environmental Inc.,https://jonesbrothers.com,Engineering / Environmental,Shreveport,Louisiana,Chris,Jones,Principal,cjones@jonesbrothers.com,Named,Verified - Official Public Document,Official Louisiana DEQ response action contractor list,https://www.deq.louisiana.gov/assets/docs/FinancialServices/MFTF/RAC_list/UST_RAC_List_093025.pdf,2026-09-11
SRP Environmental LLC,https://srpenvironmental.net,Engineering / Environmental,Shreveport,Louisiana,K.,Sampson,Office,k.sampson@srpenvironmental.net,Named,Verified - Official Public Document,Official Louisiana DEQ response action contractor list,https://www.deq.louisiana.gov/assets/docs/FinancialServices/MFTF/RAC_list/UST_RAC_List_093025.pdf,2026-09-11
21 Construction LLC,https://21const.com,Commercial General Contractor,Mount Hermon,Louisiana,,,Office,lori@21const.com,Named,Verified - Official Public Directory,LA DOTD active bidders directory,https://wwwapps.dotd.la.gov/engineering/lettings/ActiveBidders.aspx/construction.aspx,2026-09-11
Kass Bros. Inc.,https://kassbros.com,Commercial General Contractor,Westwego,Louisiana,,,Office,jkass@kassbros.com,Named,Verified - Official Public Directory,LA DOTD active bidders directory,https://wwwapps.dotd.la.gov/engineering/lettings/ActiveBidders.aspx,2026-09-11
Apeck Construction LLC,https://apeckconstruction.com,Commercial General Contractor,Anacoco,Louisiana,,,Office,lgaskin@apeckconstruction.com,Named,Verified - Official Public Directory,LA DOTD prospective bidders list,https://wwwapps.dotd.la.gov/engineering/lettings/bidspros/bphq20250611.aspx,2026-09-11
Command Construction Industries LLC,https://commandindustries.com,Commercial General Contractor,Mandeville,Louisiana,,,Office,kelly@commandindustries.com,Named,Verified - Official Public Directory,LA DOTD prospective bidders list,https://wwwapps.dotd.la.gov/engineering/lettings/bidspros/bphq20250611.aspx,2026-09-11
B & K Construction Co. LLC,https://bkconst.com,Commercial General Contractor,Mandeville,Louisiana,,,Office,blake@bkconst.com,Named,Verified - Official Public Directory,LA DOTD prospective bidders list,https://wwwapps.dotd.la.gov/engineering/lettings/bidspros/bphq20230614.aspx,2026-09-11
Baker Pile Driving and Site Work LLC,https://bakerpiledriving.com,Commercial Contractor,Madisonville,Louisiana,,,Office,luke@bakerpiledriving.com,Named,Verified - Official Public Directory,LA DOTD prospective bidders list,https://wwwapps.dotd.la.gov/engineering/lettings/bidspros/bphq20230614.aspx,2026-09-11
Barber Bros. Contracting Co. LLC,https://barber-brothers.com,Commercial General Contractor,Baton Rouge,Louisiana,,,Office,dgrille@barber-brothers.com,Named,Verified - Official Public Directory,LA DOTD prospective bidders list,https://wwwapps.dotd.la.gov/engineering/lettings/bidspros/bp0220250311.aspx,2026-09-11
Barriere Construction Co. LLC,https://barriere.com,Commercial General Contractor,LaPlace,Louisiana,,,Office,josephk@barriere.com,Named,Verified - Official Public Directory,LA DOTD prospective bidders list,https://wwwapps.dotd.la.gov/engineering/lettings/bidspros/bp0220250311.aspx,2026-09-11
Grillot Construction LLC,https://grillotllc.com,Commercial General Contractor,Belle Chasse,Louisiana,,,Office,jason@grillotllc.com,Named,Verified - Official Public Directory,LA DOTD prospective bidders list,https://wwwapps.dotd.la.gov/engineering/lettings/bidspros/bp6120250130.aspx,2026-09-11
TLP Construction Co. LLC,https://tlpconstructionco.com,Commercial General Contractor,Harahan,Louisiana,,,Office,nlavin@tlpconstructionco.com,Named,Verified - Official Public Directory,LA DOTD prospective bidders list,https://wwwapps.dotd.la.gov/engineering/lettings/bidspros/bp6120250130.aspx,2026-09-11
Volute Inc.,https://coastalvolute.com,Commercial Contractor,Houma,Louisiana,,,Office,mary@coastalvolute.com,Named,Verified - Official Public Directory,LA DOTD prospective bidders list,https://wwwapps.dotd.la.gov/engineering/lettings/bidspros/bp6120250130.aspx,2026-09-11
Guinn Construction LLC,https://guinnconstructionllc.com,Commercial General Contractor,Jennings,Louisiana,,,Office,mark@guinnconstructionllc.com,Named,Verified - Official Public Directory,LA DOTD prospective bidders list,https://wwwapps.dotd.la.gov/engineering/lettings/bidspros/bphq20241211.aspx,2026-09-11
JB James Construction LLC,https://jbjamesllc.com,Commercial General Contractor,Baton Rouge,Louisiana,,,Estimating,estimating@jbjamesllc.com,Role-Based,Verified - Official Public Directory,LA DOTD prospective bidders list,https://wwwapps.dotd.la.gov/engineering/lettings/bidspros/bphq20241211.aspx,2026-09-11
Hard Rock Construction LLC,https://hardrockconstruction.com,Commercial General Contractor,Harvey,Louisiana,,,Office,jjuneau@hardrockconstruction.com,Named,Verified - Official Public Directory,LA DOTD prospective bidders list,https://wwwapps.dotd.la.gov/engineering/lettings/bidspros/bp6120241205.aspx,2026-09-11
R.J. Daigle & Sons Contractors Inc.,https://rjdaigle.com,Commercial General Contractor,Baton Rouge,Louisiana,,,Estimating,estimating@rjdaigle.com,Role-Based,Verified - Official Public Directory,LA DOTD active bidders directory,https://wwwapps.dotd.la.gov/engineering/lettings/ActiveBidders.aspx/construction.aspx,2026-09-11
Roubion Inc.,https://roubioninc.com,Commercial Contractor,Jefferson,Louisiana,,,Office,rds@roubioninc.com,Named,Verified - Official Public Directory,LA DOTD prospective bidders list,https://wwwapps.dotd.la.gov/engineering/lettings/bidspros/bp0220250128.aspx,2026-09-11
The Three C's Properties Inc.,https://threecs.biz,Commercial Contractor,St. Rose,Louisiana,,,Office,cboe@threecs.biz,Named,Verified - Official Public Directory,LA DOTD prospective bidders list,https://wwwapps.dotd.la.gov/engineering/lettings/bidspros/bp0220250128.aspx,2026-09-11
Pivotal Engineering LLC,https://pivotaleng.com,Engineering,New Orleans,Louisiana,Y.,Shifare,Engineer,yshifare@pivotaleng.com,Named,Verified - Official Public Directory,LA DOTD active bidders directory,https://wwwapps.dotd.la.gov/engineering/lettings/ActiveBidders.aspx,2026-09-11
HLP Engineering Inc.,https://hlpengineering.com,Engineering,Broussard,Louisiana,,,Office,collus@hlpengineering.com,Named,Verified - Official Public Document,LSU AgCenter Louisiana engineering firms list,https://www.lsuagcenter.com/~/media/system/9/d/1/1/9d1187a1cf7de0a21a877cd8a4aa0047/listofspccengineersinlouisiana7.pdf,2026-09-11
ALTEC Environmental Consulting LLC,https://altecenv.com,Engineering / Environmental,Shreveport,Louisiana,R.,Dowling,Principal,rdowling@altecenv.com,Named,Verified - Official Public Document,LSU AgCenter Louisiana engineering firms list,https://www.lsuagcenter.com/~/media/system/9/d/1/1/9d1187a1cf7de0a21a877cd8a4aa0047/listofspccengineersinlouisiana7.pdf,2026-09-11
Bear Creek Services LLC,https://bearcreekservices.net,Engineering / Environmental,Shreveport,Louisiana,,,Office,info@bearcreekservices.net,Role-Based,Verified - Official Public Document,LSU AgCenter Louisiana engineering firms list,https://www.lsuagcenter.com/~/media/system/9/d/1/1/9d1187a1cf7de0a21a877cd8a4aa0047/listofspccengineersinlouisiana7.pdf,2026-09-11
H. Davis Cole & Associates,https://hdaviscole.com,Engineering / Environmental,Metairie,Louisiana,S.,Trouard,Office,strouard@hdaviscole.com,Named,Verified - Official Public Document,LSU AgCenter Louisiana engineering firms list,https://www.lsuagcenter.com/~/media/system/9/d/1/1/9d1187a1cf7de0a21a877cd8a4aa0047/listofspccengineersinlouisiana7.pdf,2026-09-11
Howard Engineering LLC,https://howard-eng.com,Engineering,Mandeville,Louisiana,Ashley,Austin,Engineer,ashley@howard-eng.com,Named,Verified - Official Public Document,Louisiana Engineer and Architect applicant listing,https://doa.louisiana.gov/media/20mbiuhn/jr-selb-2020-19-15-submittal-list-engineers-only.pdf,2026-09-11
WDG Architects Engineers LLC,https://wdgnola.com,Architecture / Engineering,New Orleans,Louisiana,Shannon,French,Architect / Engineer,sdfrench@wdgnola.com,Named,Verified - Official Public Document,Louisiana Engineer and Architect applicant listing,https://doa.louisiana.gov/media/20mbiuhn/jr-selb-2020-19-15-submittal-list-engineers-only.pdf,2026-09-11
Royal Engineers and Consultants LLC,https://royalengineering.net,Engineering,New Orleans,Louisiana,Imbrie,Packard,Engineer,ipackard@royalengineering.net,Named,Verified - Official Public Document,Louisiana Architect applicant listing,https://www.doa.la.gov/media/tgwkghhj/jr-selb-2020-19-15-submittal-list-architects-only.pdf,2026-09-11
Parish Architecture LLC,https://parisharchitecture.com,Architecture,Lafayette,Louisiana,David,Robichaux,Architect,david@parisharchitecture.com,Named,Verified - Official Public Document,Louisiana Architect applicant listing,https://www.doa.la.gov/media/tgwkghhj/jr-selb-2020-19-15-submittal-list-architects-only.pdf,2026-09-11
Quad 5 Architecture LLC,https://quad5architecture.com,Architecture,Lafayette,Louisiana,Tad,Sebastian,Architect,tad@quad5architecture.com,Named,Verified - Official Public Document,Louisiana Architect applicant listing,https://www.doa.la.gov/media/tgwkghhj/jr-selb-2020-19-15-submittal-list-architects-only.pdf,2026-09-11
SPEC Engineering LLC,https://specengllc.com,Engineering,Lafayette,Louisiana,,,Office,info@specengllc.com,Role-Based,Verified - Official Public Document,Youngsville architect and engineer directory,https://www.youngsville.us/wp-content/uploads/2016/07/Architects-and-Engineers-Sheet1.pdf,2026-09-11
Gesser Group APC,https://gessergroupapc.com,Engineering,New Iberia,Louisiana,Gerald,,Engineer,gerald@gessergroupapc.com,Named,Verified - Official Public Document,Youngsville architect and engineer directory,https://www.youngsville.us/wp-content/uploads/2016/07/Architects-and-Engineers-Sheet1.pdf,2026-09-11
Michael L. Belcher LLC,https://belcherllc.com,Engineering,Baton Rouge,Louisiana,Michael,Belcher,Engineer,mike@belcherllc.com,Named,Verified - Official Public Document,Louisiana Engineer and Architect applicant listing,https://doa.louisiana.gov/media/20mbiuhn/jr-selb-2020-19-15-submittal-list-engineers-only.pdf,2026-09-11
EJES Inc.,https://ejesinc.com,Engineering,New Orleans,Louisiana,Steve,Melvin,Engineer,smelvin@ejesinc.com,Named,Verified - Official Public Document,Louisiana Engineer and Architect applicant listing,https://doa.louisiana.gov/media/20mbiuhn/jr-selb-2020-19-15-submittal-list-engineers-only.pdf,2026-09-11
Eustis Engineering LLC,https://eustiseng.com,Engineering,Baton Rouge,Louisiana,Chad,Held,Engineer,cheld@eustiseng.com,Named,Verified - Official Public Directory,MOVEBR small business directory,https://movebr.brla.gov/page/small-business-video-library,2026-09-11
Angelle Architects,https://angelle.com,Architecture,Breaux Bridge,Louisiana,Glenn,Angelle,Architect,glenn@angelle.com,Named,Verified - Published Official Website,Official company contact page,https://www.angelle.com/contact,2026-09-11
CARBO Landscape Architecture,https://carbo-la.com,Landscape Architecture,Baton Rouge,Louisiana,Zach,Broussard,Landscape Architect,zbroussard@carbo-la.com,Named,Verified - Official Public Directory,MOVEBR small business directory,https://movebr.brla.gov/page/small-business-video-library,2026-09-11
The Luster Group,https://thelustergroup.com,Commercial Contractor,Baton Rouge,Louisiana,Floyd,Luster,Junior Principal,info@thelustergroup.com,Role-Based,Verified - Official Public Directory,MOVEBR small business directory,https://movebr.brla.gov/page/small-business-video-library,2026-09-11
Turner & Turner Contracting LLC,https://turnerbuilds.com,Commercial Contractor,Monroe,Louisiana,Al,Turner,Principal,info@turnerbuilds.com,Role-Based,Verified - Official Public Directory,MOVEBR small business directory,https://movebr.brla.gov/page/small-business-video-library,2026-09-11
Vertical Construction LLC,https://geauxvertical.com,Commercial General Contractor,Baton Rouge,Louisiana,Jason,,Construction contact,jason@geauxvertical.com,Named,Verified - Official Public Directory,LA DOTD active bidders directory,https://wwwapps.dotd.la.gov/engineering/lettings/ActiveBidders.aspx/construction.aspx,2026-09-11
Approach Environmental LLC,https://approachenv.com,Engineering / Environmental,Shreveport,Louisiana,Mark,,Office,marksm@approachenv.com,Named,Verified - Official Public Document,Official Louisiana DEQ response action contractor list,https://www.deq.louisiana.gov/assets/docs/ADA-UST_RAC_List_093025.pdf,2026-09-11
Terracon Consultants Inc.,https://terracon.com,Engineering / Environmental,Baton Rouge,Louisiana,Jr.,Keasler,Office,jrkeasler@terracon.com,Named,Verified - Official Public Document,Official Louisiana DEQ response action contractor list,https://www.deq.louisiana.gov/assets/docs/FinancialServices/MFTF/RAC_list/UST_RAC_List_rev_2018_a.pdf,2026-09-11
Gilchrist Construction Company LLC,https://gilchristconstruction.com,Commercial General Contractor,Alexandria,Louisiana,,,Estimating,estimating@gilchristconstruction.com,Role-Based,Verified - Official Public Directory,LA DOTD prospective bidders list,https://wwwapps.dotd.la.gov/engineering/lettings/bidspros/bphq20220511.aspx,2026-09-11
Prairie Contractors LLC,https://prairie.ws,Commercial General Contractor,Opelousas,Louisiana,Jay,,Construction contact,jay@prairie.ws,Named,Verified - Official Public Directory,LA DOTD prospective bidders list,https://wwwapps.dotd.la.gov/engineering/lettings/bidspros/bphq20220511.aspx,2026-09-11
Merrick LLC,https://merrickllc.com,Commercial Contractor,Cottonport,Louisiana,,,Estimating,estimating@merrickllc.com,Role-Based,Verified - Official Public Directory,LA DOTD prospective bidders list,https://wwwapps.dotd.la.gov/engineering/lettings/bidspros/bphq20250910.aspx,2026-09-11
Ashton Sawing & Drilling LLC,https://ashtonsawing.com,Commercial Contractor,LaPlace,Louisiana,Scott,,Construction contact,scott@ashtonsawing.com,Named,Verified - Official Public Directory,LA DOTD information-only bidder list,https://wwwapps.dotd.la.gov/engineering/lettings/bidsinfo/bihq20230412.aspx,2026-09-11
Balthazar Electriks,https://balthazarinc.com,Commercial Contractor,New Orleans,Louisiana,,,Office,belectriks@balthazarinc.com,Role-Based,Verified - Official Public Directory,LA DOTD information-only bidder list,https://wwwapps.dotd.la.gov/engineering/lettings/bidsinfo/bihq20230412.aspx,2026-09-11
Highway Graphics LLC,https://djcon.com,Commercial Contractor,West Monroe,Louisiana,,,Office,jbrakefield@djcon.com,Named,Verified - Official Public Directory,LA DOTD information-only bidder list,https://wwwapps.dotd.la.gov/engineering/lettings/bidsinfo/bihq20230412.aspx,2026-09-11
Duplantier & Meric Architects,https://dumearch.com,Architecture,New Orleans,Louisiana,Henry,Duplantier,Architect,architects@dumearch.com,Role-Based,Verified - Official Public Contract Directory,State purchasing contract directory,https://wwwcfprd.doa.louisiana.gov/osp/lapac/ecat/dsp_LagovContractDetail.cfm?Contract=4400029546,2026-09-11
Callender + Delaney Architects,https://architectsinmaine.com,Architecture,Portland,Maine,,,Architects office,architects@architectsinmaine.com,Role-Based,Verified - Published Official Website,Official website,https://architectsinmaine.com/contact,2026-09-11
Priestley Architecture,https://priestleyarchitecture.com,Architecture,Rockport,Maine,,,Architecture office,info@priestleyarchitecture.com,Role-Based,Verified - Published Official Website,Official website,https://priestleyarchitecture.com/contact-us,2026-09-11
ARQ Architects,https://www.arqarchitects.com,Architecture,Kittery,Maine,,,Architecture office,info@arqarchitects.com,Role-Based,Verified - Published Official Website,Official website,https://www.arqarchitects.com/contact-1,2026-09-11
Whitten Architects,https://www.whittenarchitects.com,Architecture,Kennebunkport,Maine,,,Architecture office,info@whittenarchitects.com,Role-Based,Verified - Published Official Website,Official website,https://www.whittenarchitects.com,2026-09-11
Northends Architecture,https://northends.com,Architecture,Portland,Maine,Lorinda,Mamo,Architect,info@northends.com,Role-Based,Verified - Published Official Website,Official website,https://northends.com/architecture-contact-page-reviews-recommendations,2026-09-11
Woodhull,https://woodhullmaine.com,Design-Build,Portland,Maine,,,Architects and builders,info@woodhullmaine.com,Role-Based,Verified - Published Official Website,Official website,https://woodhullmaine.com/contact,2026-09-11
AEC Engineering,https://aecmaine.com,Engineering,Freeport,Maine,,,Engineering office,info@aecmaine.com,Role-Based,Verified - Published Official Website,Official website,https://aec-engineering.com/contact,2026-09-11
Optimum Construction,https://optimumconstruction.com,General Contractor,South Portland,Maine,,,General contractor,info@optimumconstruction.com,Role-Based,Verified - Published Official Website,Official website,https://optimumbuildshome.com/contact,2026-09-11
Acorn Engineering,https://acorn-engineering.com,Engineering,Portland,Maine,Mark,Arienti,Engineer,marienti@acorn-engineering.com,Named,Verified - Published Official Document,Official directory,https://www3.maine.gov/dep/waste/ust/documents/Assessor%20Contacts.pdf,2026-09-11
S.W. Cole Engineering,https://swcole.com,Engineering,Portland,Maine,Robert,Chaput Jr.,CEO & President,bchaput@swcole.com,Named,Verified - Published Official Document,Official directory,https://www.maine.gov/dot/sites/maine.gov.dot/files/inline-files/Consultant_Contact_Master_20151_Rpt_8-14-2025.pdf,2026-09-11
Baker Design Consultants,https://bakerdesignconsultants.com,Engineering,Brewer,Maine,Barney,Baker,Principal,b.baker@bakerdesignconsultants.com,Named,Verified - Published Official Document,Official directory,https://www.maine.gov/dot/sites/maine.gov.dot/files/inline-files/Consultant_Contact_Master_20151_Rpt_8-14-2025.pdf,2026-09-11
Artifex Architects & Engineers,https://artifexae.com,Architecture,Bangor,Maine,Elizabeth,Angel,Architect / Engineer,eangel@artifexae.com,Named,Verified - Published Official Document,Official directory,https://www.maine.gov/future/sites/maine.gov.dafs.brem/files/inline-files/Copy%20of%20Table%20of%20all%20firms%20with%20disciplines%2007%20October%202019_7.xlsx,2026-09-11
JTC,https://consultjtc.com,Engineering,Bangor,Maine,John,Tucker,President,johnt@consultjtc.com,Named,Verified - Published Official Document,Official directory,https://www.maine.gov/dot/sites/maine.gov.dot/files/inline-files/Consultant_Contact_Master_20151_Rpt_8-14-2025.pdf,2026-09-11
SWCA Environmental Consultants,https://www.swca.com,Engineering,Portland,Maine,Michael,Lychwala,Portland Office Director,michael.lychwala@swca.com,Named,Verified - Published Official Document,Official directory,https://www.maine.gov/dot/sites/maine.gov.dot/files/inline-files/Consultant_Contact_Master_20151_Rpt_11-14-2025.pdf,2026-09-11
Marine Compliance Solutions,https://marinecs.com,Engineering,Portland,Maine,Brian,Downey,Principal,brian.downey@marinecs.com,Named,Verified - Published Official Document,Official directory,https://www.maine.gov/dot/sites/maine.gov.dot/files/inline-files/Consultant_Contact_Master_20151_Rpt_8-14-2025.pdf,2026-09-11
Philbrick Civil Engineering,https://philbrickcivil.com,Engineering,Portland,Maine,Matthew,Philbrick,Owner / Operator,mattphilbrick@philbrickcivil.com,Named,Verified - Published Official Document,Official directory,https://www.maine.gov/dot/sites/maine.gov.dot/files/inline-files/Consultant_Contact_Master_20151_Rpt_03-04-2026.pdf,2026-09-11
Maine Traffic Resources,https://mainetrafficresources.com,Engineering,Gardiner,Maine,Diane,Morabito,PE / PTOE,diane@mainetrafficresources.com,Named,Verified - Published Official Document,Official directory,https://www.maine.gov/dot/sites/maine.gov.dot/files/inline-files/Consultant_Contact_Master_20151_Rpt_7-25-2025.pdf,2026-09-11
W.B. Rogers & Co.,https://wbrcae.com,Engineering,Union,Maine,Ray,Bolduc,PE / Principal,ray.bolduc@wbrcae.com,Named,Verified - Published Official Document,Official directory,https://www.maine.gov/dot/sites/maine.gov.dot/files/inline-files/Consultant_Contact_Master_20151_Rpt_8-6-2025.pdf,2026-09-11
Allied Engineering,https://allied-eng.com,Engineering,Portland,Maine,William,Faucher,Engineer,wfaucher@allied-eng.com,Named,Verified - Published Official Document,Official directory,https://www.maine.gov/dot/sites/maine.gov.dot/files/inline-files/Consultant_Contact_Master_20151_Rpt_8-6-2025.pdf,2026-09-11
Sullivan + Associates Architects,https://www.sullivanassociatesarchitects.com,Architecture,Oak Bluffs,Massachusetts,,,General Inquiries,info@sullivanassociatesarchitects.com,Role-Based,Verified - Published Public Directory or Official Website,Public web research; official company website,https://www.sullivanassociatesarchitects.com/contact,2026-09-11
AW-ARCH,https://aw-arch.com,Architecture,Boston,Massachusetts,John,,Principal,john@aw-arch.com,Named,Verified - Published Public Directory or Official Website,Public web research; official company website,https://aw-arch.com,2026-09-11
Starck Architects,https://starckarchitects.com,Architecture,Boston,Massachusetts,,,General Inquiries,rjacques@starckarchitects.com,Role-Based,Verified - Published Public Directory or Official Website,Public web research; official company website,https://starckarchitects.com,2026-09-11
BWA Architecture,https://www.bwaboston.com,Architecture,Boston,Massachusetts,,,General Inquiries,info@bwaboston.com,Role-Based,Verified - Published Public Directory or Official Website,Public web research; official company website,https://www.bwaboston.com/contact,2026-09-11
SAAM Architecture,https://saam-arch.com,Architecture,Boston,Massachusetts,,,General Inquiries,info@saam-arch.com,Role-Based,Verified - Published Public Directory or Official Website,Public web research; official company website,https://saam-arch.com,2026-09-11
Marquis Architecture,https://marquisarchitecture.com,Architecture,Boston,Massachusetts,,,General Inquiries,info@marquisarchitecture.com,Role-Based,Verified - Published Public Directory or Official Website,Public web research; official company website,https://marquisarchitecture.com,2026-09-11
Arrowstreet,https://www.arrowstreet.com,Architecture,Boston,Massachusetts,,,General Inquiries,korte@arrowstreet.com,Role-Based,Verified - Published Public Directory or Official Website,Public web research; official company website,https://www.arrowstreet.com,2026-09-11
CMC Design-Build,https://cmcdesignbuild.com,Design-Build,Quincy,Massachusetts,,,General Inquiries,info@cmcdesignbuild.com,Role-Based,Verified - Published Public Directory or Official Website,Public web research; official company website,https://cmcdesignbuild.com/contact-us,2026-09-11
Above N Beyond Design and Build,https://buildanb.com,Design-Build,Massachusetts,Massachusetts,,,General Inquiries,info@buildanb.com,Role-Based,Verified - Published Public Directory or Official Website,Public web research; official company website,https://buildanb.com/contact,2026-09-11
Walczak Design Build,https://walczakdesignbuild.com,Design-Build,Massachusetts,Massachusetts,,,General Inquiries,hello@walczakdesignbuild.com,Role-Based,Verified - Published Public Directory or Official Website,Public web research; official company website,https://walczakdesignbuild.com,2026-09-11
Oxbow Design Build,https://oxbowdesignbuild.com,Design-Build,Massachusetts,Massachusetts,,,Inquiries,inquiry@oxbowdesignbuild.com,Role-Based,Verified - Published Public Directory or Official Website,Public web research; official company website,https://oxbowdesignbuild.com,2026-09-11
Marmelo Bros Construction,https://marmeloconstruction.com,Commercial General Contractor,Dartmouth,Massachusetts,Sandy,,General Inquiries,sandy@marmeloconstruction.com,Named,Verified - Published Public Directory or Official Website,Public web research; authoritative public directory,https://wf.massconvention.com/rfpnew/OnlineRFPs/ShowListRFP.aspx?RFPID=163131,2026-09-11
MAS Building & Bridge,https://masbuildingandbridge.com,Commercial General Contractor,Norfolk,Massachusetts,,,General Inquiries,jmackey@masbuildingandbridge.com,Role-Based,Verified - Published Public Directory or Official Website,Public web research; public municipal document,https://www.yarmouth.ma.us/DocumentCenter/View/18733,2026-09-11
M&I Construction,https://mincocorp.com,Commercial General Contractor,Massachusetts,Massachusetts,,,General Inquiries,info@mincocorp.com,Role-Based,Verified - Published Public Directory or Official Website,Public web research; official company website,https://mincocorp.com,2026-09-11
Jason Kamps Builders,https://jasonkampsbuilders.com,Custom Homebuilder,Massachusetts,Massachusetts,,,General Inquiries,info@jasonkampsbuilders.com,Role-Based,Verified - Published Public Directory or Official Website,Public web research; official company website,https://jasonkampsbuilders.com,2026-09-11
Cormier Builders,https://cormierbuilders.com,Custom Homebuilder,Massachusetts,Massachusetts,Francis,Cormier,Owner,francis@cormierbuilders.com,Named,Verified - Published Public Directory or Official Website,Public web research; official company website,https://cormierbuilders.com,2026-09-11
CLC Custom Builders,https://clccustombuilders.com,Custom Homebuilder,Massachusetts,Massachusetts,R,Walker,,rwalker@clccustombuilders.com,Named,Verified - Published Public Directory or Official Website,Public web research; official company website,https://clccustombuilders.com,2026-09-11
REEF Cape Cod Builders,https://capecodbuilder.com,Custom Homebuilder,Cape Cod,Massachusetts,,,General Inquiries,info@capecodbuilder.com,Role-Based,Verified - Published Public Directory or Official Website,Public web research; official company website,https://capecodbuilder.com/contact/,2026-09-11
Cape Associates,https://capeassociates.com,Custom Homebuilder,Eastham,Massachusetts,,,General Inquiries,info@capeassociates.com,Role-Based,Verified - Published Public Directory or Official Website,Public web research; official company website,https://capeassociates.com/,2026-09-11
Allen & Major Associates,https://www.allen-ea.com,Engineering,Waltham,Massachusetts,,,General Inquiries,info@allen-ea.com,Role-Based,Verified - Published Public Directory or Official Website,Public web research; official company website,https://www.allen-ea.com,2026-09-11
ARK Engineering,https://arkengineering.com,Engineering,Massachusetts,Massachusetts,,,General Inquiries,contact@arkengineering.com,Role-Based,Verified - Published Public Directory or Official Website,Public web research; official company website,https://arkengineering.com,2026-09-11
Siena Engineering Group,https://sienaengineeringgroup.com,Engineering,Massachusetts,Massachusetts,Erica,Hudson,,erica.hudson@sienaengineeringgroup.com,Named,Verified - Published Public Directory or Official Website,Public web research; official company website,https://sienaengineeringgroup.com,2026-09-11
DRF Engineering Services,https://drfengineeringservices.com,Engineering,Massachusetts,Massachusetts,Thabit,,,thabit@drfengineeringservices.com,Named,Verified - Published Public Directory or Official Website,Public web research; official company website,https://drfengineeringservices.com,2026-09-11
CHA Consulting,https://www.chacompanies.com,Engineering,Boston,Massachusetts,,,Boston Office Contact,cdollard@chacompanies.com,Role-Based,Verified - Published Public Directory or Official Website,Public web research; official company website,https://www.chacompanies.com,2026-09-11
Boston Best Construction,https://bostonbestconstruction.com,Commercial General Contractor,Boston,Massachusetts,,,General Inquiries,contact@bostonbestconstruction.com,Role-Based,Verified - Published Public Directory or Official Website,Public web research; official company website,https://bostonbestconstruction.com,2026-09-11
Boston Construct,https://bostonconstruct.com,Commercial General Contractor,Boston,Massachusetts,,,General Inquiries,contact@bostonconstruct.com,Role-Based,Verified - Published Public Directory or Official Website,Public web research; official company website,https://bostonconstruct.com,2026-09-11
MassBuild Contractors,https://massbuildcontractors.com,Commercial General Contractor,Massachusetts,Massachusetts,,,General Inquiries,contact@massbuildcontractors.com,Role-Based,Verified - Published Public Directory or Official Website,Public web research; official company website,https://massbuildcontractors.com,2026-09-11
Boston Bespoke Construction,https://bostonbespokeconstruction.com,Custom Homebuilder,Boston,Massachusetts,,,General Inquiries,info@bostonbespokeconstruction.com,Role-Based,Verified - Published Public Directory or Official Website,Public web research; official company website,https://bostonbespokeconstruction.com,2026-09-11
Boston Builders,https://boston.builders,Commercial General Contractor,Boston,Massachusetts,,,General Inquiries,info@boston.builders,Role-Based,Verified - Published Public Directory or Official Website,Public web research; official company website,https://boston.builders,2026-09-11
Boston Construction,https://boston-construction.com,Commercial General Contractor,Boston,Massachusetts,,,General Inquiries,info@boston-construction.com,Role-Based,Verified - Published Public Directory or Official Website,Public web research; official company website,https://boston-construction.com,2026-09-11
GCD Inc.,https://gcdinc.us,Commercial General Contractor,Massachusetts,Massachusetts,,,General Inquiries,info@gcdinc.us,Role-Based,Verified - Published Public Directory or Official Website,Public web research; official company website,https://gcdinc.us,2026-09-11
Wolfe Builders,https://wolfebuildersllc.com,Custom Homebuilder,Massachusetts,Massachusetts,,,General Inquiries,info@wolfebuildersllc.com,Role-Based,Verified - Published Public Directory or Official Website,Public web research; official company website,https://wolfebuildersllc.com,2026-09-11
S&H Construction,https://shconstruction.com,Commercial General Contractor,Massachusetts,Massachusetts,,,General Inquiries,mail@shconstruction.com,Role-Based,Verified - Published Public Directory or Official Website,Public web research; official company website,https://shconstruction.com,2026-09-11
Massachusetts Association of Engineers,https://maec.com,Engineering,Massachusetts,Massachusetts,,,General Inquiries,maec@maec.com,Role-Based,Verified - Published Public Directory or Official Website,Public web research; official company website,https://maec.com,2026-09-11
MCCA,https://www.massconvention.com,Construction Owner / Developer,Boston,Massachusetts,,,General Inquiries,info@massconvention.com,Role-Based,Verified - Published Public Directory or Official Website,Public web research; official company website,https://www.massconvention.com/contact,2026-09-11
CIM,https://cimass.org,Construction Industry Organization,Norwood,Massachusetts,,,General Inquiries,info@cimass.org,Role-Based,Verified - Published Public Directory or Official Website,Public web research; official company website,https://cimass.org/contact,2026-09-11
Home Builders & Remodelers Association of Cape Cod,https://www.capecodbuilders.org,Construction Industry Organization,Hyannis,Massachusetts,,,General Inquiries,admin@capecodbuilders.org,Role-Based,Verified - Published Public Directory or Official Website,Public web research; official organization website,https://www.capecodbuilders.org/,2026-09-11
Home Builders & Remodelers Association of Massachusetts,https://www.hbrama.com,Construction Industry Organization,Massachusetts,Massachusetts,,,General Inquiries,admin@hbrama.com,Role-Based,Verified - Published Public Directory or Official Website,Public web research; official organization website,https://www.hbrama.com,2026-09-11
Boston Tenant Advocates,https://www.bostontenant.org,Tenant Improvement / Housing Organization,Boston,Massachusetts,Kathy,,Contact,kathy@bostontenant.org,Named,Verified - Published Public Directory or Official Website,Public web research; official organization website,https://www.bostontenant.org,2026-09-11
Massachusetts Housing Partnership,https://www.masshousing.com,Multifamily Housing Organization,Boston,Massachusetts,,,Rental Developers,rentaldevelopers@masshousing.com,Role-Based,Verified - Published Public Directory or Official Website,Public web research; official organization website,https://www.masshousing.com,2026-09-11
Sasaki,https://www.sasaki.com,Architecture,Boston,Massachusetts,,,General and New Business Inquiries,info@sasaki.com,Role-Based,Verified - Published Public Directory or Official Website,Public web research; official company website,https://www.sasaki.com/contact,2026-09-11
Flavin Architects,https://www.flavinarchitects.com,Architecture,Lincoln,Massachusetts,,,Studio Contact,studio@flavinarchitects.com,Role-Based,Verified - Published Public Directory or Official Website,Public web research; official company website,https://www.flavinarchitects.com/contact,2026-09-11
"Albert, Righter & Tittmann Architects",https://www.artarchitects.com,Architecture,Boston,Massachusetts,,,Employment and Firm Contact,email@artarchitects.com,Role-Based,Verified - Published Public Directory or Official Website,Public web research; official company website,https://www.artarchitects.com/contact,2026-09-11
Dimeo Construction Company,https://dimeo.com,Commercial General Contractor,Boston,Massachusetts,,,General Inquiries,info@dimeo.com,Role-Based,Verified - Published Public Directory or Official Website,Public web research; official company website,https://dimeo.com/contact,2026-09-11
Bruner / Cott Architects,https://brunercott.com,Architecture,Cambridge,Massachusetts,,,General Inquiries,info@brunercott.com,Role-Based,Verified - Published Public Directory or Official Website,Public web research; official company website,https://brunercott.com/contact,2026-09-11
Jonathan Levi Architects,https://www.leviarc.com,Architecture,Boston,Massachusetts,Jonathan,Levi,Principal,jlevi@leviarc.com,Named,Verified - Published Public Directory or Official Website,Public web research; official company website,https://www.leviarc.com/jonathan-levi,2026-09-11
Prellwitz Chilinski Associates,http://pcadesign.com,Architecture,Cambridge,Massachusetts,,,General Inquiries,connect@pcadesign.com,Role-Based,Verified - Published Public Directory or Official Website,Public web research; official company website,http://pcadesign.com/contact,2026-09-11
South Mountain Company,https://southmountain.com,Design-Build,West Tisbury,Massachusetts,,,General Inquiries,info@southmountain.com,Role-Based,Verified - Published Public Directory or Official Website,Public web research; official company website,https://southmountain.com,2026-09-11
Polhemus Savery DaSilva Architects Builders,https://psdab.com,Design-Build,East Harwich,Massachusetts,,,General Inquiries,info@psdab.com,Role-Based,Verified - Published Public Directory or Official Website,Public web research; official company website,http://psdab.com/contact,2026-09-11
LDa Architecture & Interiors,https://lda-architects.com,Architecture,Cambridge,Massachusetts,,,General Inquiries,info@lda-architects.com,Role-Based,Verified - Published Public Directory or Official Website,Public web research; official company website,https://lda-architects.com/contact,2026-09-11
Tighe & Bond,https://www.tighebond.com,Engineering,Westfield,Massachusetts,,,General Inquiries,info@tighebond.com,Role-Based,Verified - Published Public Directory or Official Website,Public web research; official company website,https://www.tighebond.com/venues/tighe-bond,2026-09-11
Crawford Land Management,https://www.crawfordlm.com,Engineering / Environmental Services,Sandwich,Massachusetts,,,General Inquiries,info@crawfordlm.com,Role-Based,Verified - Published Public Directory or Official Website,Public web research; official company website,https://www.crawfordlm.com/connect,2026-09-11
A3C Collaborative Architects,https://a3c.com,Architecture,Ann Arbor,Michigan,Don,Barry,Architect,dbarry@a3c.com,Named,Verified - Published Public Directory,Michigan official public directory,https://www.michigan.gov/dtmb/procurement/mideal-extended-purchasing-program/mideal-contract-search/categories/folder-1/architectural-engineering-services,2026-09-11
Commtech Design,https://commtechdesign.com,Architecture,Grand Rapids,Michigan,Bret,Emerson,Architect,bret@commtechdesign.com,Named,Verified - Published Public Directory,Michigan official public directory,https://www.michigan.gov/dtmb/procurement/mideal-extended-purchasing-program/mideal-contract-search/categories/folder-1/architectural-engineering-services,2026-09-11
Hubbell Roth & Clark,https://hcrengr.com,Engineering,Bloomfield Hills,Michigan,Todd,Sneathen,Engineer,tsneathen@hcrengr.com,Named,Verified - Published Public Directory,Michigan official public directory,https://www.michigan.gov/dtmb/procurement/mideal-extended-purchasing-program/mideal-contract-search/categories/folder-1/architectural-engineering-services,2026-09-11
Kendra C Thompson Architects,https://kendrathompson-architects.com,Architecture,Petoskey,Michigan,Kendra,Thompson,Architect,kt@kendrathompson-architects.com,Named,Verified - Published Public Directory,Michigan official public directory,https://www.michigan.gov/dtmb/procurement/mideal-extended-purchasing-program/mideal-contract-search/categories/folder-1/architectural-engineering-services,2026-09-11
Matrix Consulting Engineers,https://matrixceinc.com,Engineering,Lansing,Michigan,Joe,Sovis,Engineer,jsovis@matrixceinc.com,Named,Verified - Published Public Directory,Michigan official public directory,https://www.michigan.gov/dtmb/procurement/mideal-extended-purchasing-program/mideal-contract-search/categories/folder-1/architectural-engineering-services,2026-09-11
Mayotte Group Architects,https://mayottearchitects.com,Architecture,Lansing,Michigan,Matthew,McGaughey,Architect,mcgaughey@mayottearchitects.com,Named,Verified - Published Public Directory,Michigan official public directory,https://www.michigan.gov/dtmb/procurement/mideal-extended-purchasing-program/mideal-contract-search/categories/folder-1/architectural-engineering-services,2026-09-11
Michigan Bridge & Civil Engineering,https://mbce.com,Engineering,Grand Rapids,Michigan,Alan,Pennington,Engineer,apennington@mbce.com,Named,Verified - Published Public Directory,Michigan official public directory,https://www.michigan.gov/dtmb/procurement/mideal-extended-purchasing-program/mideal-contract-search/categories/folder-1/architectural-engineering-services,2026-09-11
NFE Engineers,https://nfe-engr.com,Engineering,Pontiac,Michigan,Jeff,Huhta,Engineer,jhuhta@nfe-engr.com,Named,Verified - Published Public Directory,Michigan official public directory,https://www.michigan.gov/dtmb/procurement/mideal-extended-purchasing-program/mideal-contract-search/categories/folder-1/architectural-engineering-services,2026-09-11
NTH Consultants,https://nthconsultants.com,Engineering,Northville,Michigan,David,Lutz,Engineer,dlutz@nthconsultants.com,Named,Verified - Published Public Directory,Michigan official public directory,https://www.michigan.gov/dtmb/procurement/mideal-extended-purchasing-program/mideal-contract-search/categories/folder-1/architectural-engineering-services,2026-09-11
OHM Advisors,https://ohm-advisors.com,Engineering,Hancock,Michigan,Tracie,Williams,Engineer,tracie.williams@ohm-advisors.com,Named,Verified - Published Public Directory,Michigan official public directory,https://www.michigan.gov/dtmb/procurement/mideal-extended-purchasing-program/mideal-contract-search/categories/folder-1/architectural-engineering-services,2026-09-11
Partners in Architecture,https://partnersinarch.com,Architecture,Royal Oak,Michigan,Michael,Malone,Architect,mmalone@partnersinarch.com,Named,Verified - Published Public Directory,Michigan official public directory,https://www.michigan.gov/dtmb/procurement/mideal-extended-purchasing-program/mideal-contract-search/categories/folder-1/architectural-engineering-services,2026-09-11
Progressive AE,https://pbanet.com,Architecture,Grand Rapids,Michigan,Scott,Garrison,Architect,sgarrison@pbanet.com,Named,Verified - Published Public Directory,Michigan official public directory,https://www.michigan.gov/dtmb/procurement/mideal-extended-purchasing-program/mideal-contract-search/categories/folder-1/architectural-engineering-services,2026-09-11
Rowe Professional Services,https://rowepsc.com,Engineering,Flint,Michigan,Doug,Scott,Engineer,dscott@rowepsc.com,Named,Verified - Published Public Directory,Michigan official public directory,https://www.michigan.gov/dtmb/procurement/mideal-extended-purchasing-program/mideal-contract-search/categories/folder-1/architectural-engineering-services,2026-09-11
Sidock Group,https://sidockgroup.com,Engineering,Gaylord,Michigan,Brad,Butcher,Engineer,bbutcher@sidockgroup.com,Named,Verified - Published Public Directory,Michigan official public directory,https://www.michigan.gov/dtmb/procurement/mideal-extended-purchasing-program/mideal-contract-search/categories/folder-1/architectural-engineering-services,2026-09-11
Viridian Design Group,https://virdg.com,Architecture,Kalamazoo,Michigan,Woodrow,Isaacs,Architect,woody@virdg.com,Named,Verified - Published Public Directory,Michigan official public directory,https://www.michigan.gov/dtmb/procurement/mideal-extended-purchasing-program/mideal-contract-search/categories/folder-1/architectural-engineering-services,2026-09-11
SDA Engineering,https://sda-eng.com,Engineering,Farmington Hills,Michigan,Thomas,Sovel,Engineer,tsovel@sda-eng.com,Named,Verified - Published Public Directory,Michigan official public directory,https://www.michigan.gov/dtmb/procurement/mideal-extended-purchasing-program/mideal-contract-search/categories/folder-1/architectural-engineering-services,2026-09-11
TowerPinkster,https://towerpinkster.com,Architecture,Grand Rapids,Michigan,Adam,Doubblestein,Architect,adoubblestein@towerpinkster.com,Named,Verified - Published Public Directory,Michigan official public directory,https://www.michigan.gov/dtmb/procurement/mideal-extended-purchasing-program/mideal-contract-search/categories/folder-1/architectural-engineering-services,2026-09-11
Wade Trim,https://wadetrim.com,Engineering,Saginaw,Michigan,Brian,Sousa,Engineer,bsousa@wadetrim.com,Named,Verified - Published Public Directory,Michigan official public directory,https://www.michigan.gov/dtmb/procurement/mideal-extended-purchasing-program/mideal-contract-search/categories/folder-1/architectural-engineering-services,2026-09-11
Weston Solutions,https://westonsolutions.com,Engineering,Lansing,Michigan,Joe,Ruiz,Engineer,j.ruiz@westonsolutions.com,Named,Verified - Published Public Directory,Michigan official public directory,https://www.michigan.gov/dtmb/procurement/mideal-extended-purchasing-program/mideal-contract-search/categories/folder-1/architectural-engineering-services,2026-09-11
WTA Architects,https://wtaarch.com,Architecture,Saginaw,Michigan,Ken,Lemiesz,Architect,klemiesz@wtaarch.com,Named,Verified - Published Public Directory,Michigan official public directory,https://www.michigan.gov/dtmb/procurement/mideal-extended-purchasing-program/mideal-contract-search/categories/folder-1/architectural-engineering-services,2026-09-11
Albert Kahn Associates,https://akahn.com,Architecture,Detroit,Michigan,Cody,Hansen,Architect,cody.hansen@akahn.com,Named,Verified - Published Public Directory,Michigan official public directory,https://www.miplace.org/48eb6f/globalassets/documents/shpo/research-resources/consultant-listsforms/historical-architect-consultant-list.pdf,2026-09-11
Architecture + Design,https://aplusd.biz,Architecture,Battle Creek,Michigan,Randy,Case,Architect,rcase@aplusd.biz,Named,Verified - Published Public Directory,Michigan official public directory,https://www.miplace.org/48eb6f/globalassets/documents/shpo/research-resources/consultant-listsforms/historical-architect-consultant-list.pdf,2026-09-11
Alexander V Bogaerts & Associates,https://bogaerts.us,Architecture,Bloomfield Hills,Michigan,Alexander,Bogaerts,Architect,abogaerts@bogaerts.us,Named,Verified - Published Public Directory,Michigan official public directory,https://www.miplace.org/48eb6f/globalassets/documents/shpo/research-resources/consultant-listsforms/historical-architect-consultant-list.pdf,2026-09-11
Bedrock,https://bedrockdetroit.com,Commercial Development,Detroit,Michigan,Lillian,Hilla,Architect,lillianhilla@bedrockdetroit.com,Named,Verified - Published Public Directory,Michigan official public directory,https://www.miplace.org/48eb6f/globalassets/documents/shpo/research-resources/consultant-listsforms/historical-architect-consultant-list.pdf,2026-09-11
Concept Design Studio,https://conceptdesignstudio.net,Architecture,Norton Shores,Michigan,Kevin,Osterhart,Architect,kosterhart@conceptdesignstudio.net,Named,Verified - Published Public Directory,Michigan official public directory,https://www.miplace.org/48eb6f/globalassets/documents/shpo/research-resources/consultant-listsforms/historical-architect-consultant-list.pdf,2026-09-11
Cornerstone Architects,https://cornerstone-arch.com,Architecture,Grand Rapids,Michigan,Thomas,Nemitz,Architect,tnemitz@cornerstone-arch.com,Named,Verified - Published Public Directory,Michigan official public directory,https://www.miplace.org/48eb6f/globalassets/documents/shpo/research-resources/consultant-listsforms/historical-architect-consultant-list.pdf,2026-09-11
Dangerous Architects,https://dangerousarchitects.com,Architecture,Chelsea,Michigan,,,Contact,info@dangerousarchitects.com,Role-Based,Verified - Published Public Directory,Michigan official public directory,https://www.miplace.org/48eb6f/globalassets/documents/shpo/research-resources/consultant-listsforms/historical-architect-consultant-list.pdf,2026-09-11
DeStigter Architecture,https://destigterarchitecture.com,Architecture,Grand Rapids,Michigan,Kim,DeStigter,Architect,kim@destigterarchitecture.com,Named,Verified - Published Public Directory,Michigan official public directory,https://www.miplace.org/48eb6f/globalassets/documents/shpo/research-resources/consultant-listsforms/historical-architect-consultant-list.pdf,2026-09-11
Driven Design Studio,https://drivendesignstudio.com,Architecture,Battle Creek,Michigan,Cody,Newman,Architect,cody@drivendesignstudio.com,Named,Verified - Published Public Directory,Michigan official public directory,https://www.miplace.org/48eb6f/globalassets/documents/shpo/research-resources/consultant-listsforms/historical-architect-consultant-list.pdf,2026-09-11
East Arbor Architecture,https://eastarbor.com,Architecture,East Lansing,Michigan,Daniel,Bollman,Architect,daniel@eastarbor.com,Named,Verified - Published Public Directory,Michigan official public directory,https://www.miplace.org/48eb6f/globalassets/documents/shpo/research-resources/consultant-listsforms/historical-architect-consultant-list.pdf,2026-09-11
Ekocite Architecture,https://ekocite.com,Architecture,Royal Oak,Michigan,Tammis,Donaldson,Architect,tammis@ekocite.com,Named,Verified - Published Public Directory,Michigan official public directory,https://www.miplace.org/48eb6f/globalassets/documents/shpo/research-resources/consultant-listsforms/historical-architect-consultant-list.pdf,2026-09-11
Environment Architects,https://env-arch.com,Architecture,Traverse City,Michigan,Raymond,Kendra,Architect,ray@env-arch.com,Named,Verified - Published Public Directory,Michigan official public directory,https://www.miplace.org/48eb6f/globalassets/documents/shpo/research-resources/consultant-listsforms/historical-architect-consultant-list.pdf,2026-09-11
Steven C Flum,https://stevencflum.com,Architecture,Hamtramck,Michigan,Steven,Flum,Architect,sflum@stevencflum.com,Named,Verified - Published Public Directory,Michigan official public directory,https://www.miplace.org/48eb6f/globalassets/documents/shpo/research-resources/consultant-listsforms/historical-architect-consultant-list.pdf,2026-09-11
Forbes Associates Architects,https://ghfaa.com,Architecture,Royal Oak,Michigan,Theresa,Scherwitz,Architect,tscherwitz@ghfaa.com,Named,Verified - Published Public Directory,Michigan official public directory,https://www.miplace.org/48eb6f/globalassets/documents/shpo/research-resources/consultant-listsforms/historical-architect-consultant-list.pdf,2026-09-11
Furkis Architectural Consulting,https://furkis.com,Architecture,Berrien Center,Michigan,James,Furkis,Architect,jim@furkis.com,Named,Verified - Published Public Directory,Michigan official public directory,https://www.miplace.org/48eb6f/globalassets/documents/shpo/research-resources/consultant-listsforms/historical-architect-consultant-list.pdf,2026-09-11
Fusco Shaffer & Pappas,https://fsparch.com,Architecture,Ferndale,Michigan,James,Pappas,Architect,jpappas@fsparch.com,Named,Verified - Published Public Directory,Michigan official public directory,https://www.miplace.org/48eb6f/globalassets/documents/shpo/research-resources/consultant-listsforms/historical-architect-consultant-list.pdf,2026-09-11
H2A Architects,https://h2aarchitects.net,Architecture,Davison,Michigan,Jackie,Hoist,Architect,jackie@h2aarchitects.net,Named,Verified - Published Public Directory,Michigan official public directory,https://www.miplace.org/48eb6f/globalassets/documents/shpo/research-resources/consultant-listsforms/historical-architect-consultant-list.pdf,2026-09-11
Hamilton Anderson Associates,https://hamilton-anderson.com,Architecture,Detroit,Michigan,Allan,Machielse,Architect,amachielse@hamilton-anderson.com,Named,Verified - Published Public Directory,Michigan official public directory,https://www.miplace.org/48eb6f/globalassets/documents/shpo/research-resources/consultant-listsforms/historical-architect-consultant-list.pdf,2026-09-11
HopkinsBurns Design Studio,https://hopkinsburns.com,Architecture,Ann Arbor,Michigan,Tamara,Burns,Architect,tamara.burns@hopkinsburns.com,Named,Verified - Published Public Directory,Michigan official public directory,https://www.miplace.org/48eb6f/globalassets/documents/shpo/research-resources/consultant-listsforms/historical-architect-consultant-list.pdf,2026-09-11
JPRA Architects,https://jpra.com,Architecture,Farmington Hills,Michigan,Laura,Cunningham,Architect,lcunningham@jpra.com,Named,Verified - Published Public Directory,Michigan official public directory,https://www.miplace.org/48eb6f/globalassets/documents/shpo/research-resources/consultant-listsforms/historical-architect-consultant-list.pdf,2026-09-11
Kingscott Associates,https://kingscott.com,Architecture,Portage,Michigan,Sarah,Rabe,Architect,srabe@kingscott.com,Named,Verified - Published Public Directory,Michigan official public directory,https://www.miplace.org/48eb6f/globalassets/documents/shpo/research-resources/consultant-listsforms/historical-architect-consultant-list.pdf,2026-09-11
Kraemer Design Group,https://thekraemeredge.com,Architecture,Detroit,Michigan,Blake,Drouillard,Architect,blake.drouillard@thekraemeredge.com,Named,Verified - Published Public Directory,Michigan official public directory,https://www.miplace.org/48eb6f/globalassets/documents/shpo/research-resources/consultant-listsforms/historical-architect-consultant-list.pdf,2026-09-11
Lord Aeck Sargent,https://lordaecksargent.com,Architecture,Detroit,Michigan,Kelsey,Kotnik,Architect,kelsey.kotnik@lordaecksargent.com,Named,Verified - Published Public Directory,Michigan official public directory,https://www.miplace.org/48eb6f/globalassets/documents/shpo/research-resources/consultant-listsforms/historical-architect-consultant-list.pdf,2026-09-11
Lindhout Associates Architects,https://lindhout.com,Architecture,Brighton,Michigan,Bradley,Alvord,Architect,bma@lindhout.com,Named,Verified - Published Public Directory,Michigan official public directory,https://www.miplace.org/48eb6f/globalassets/documents/shpo/research-resources/consultant-listsforms/historical-architect-consultant-list.pdf,2026-09-11
Natura Architectural Consulting,https://naturaconsultingllc.com,Architecture,Grand Rapids,Michigan,Nathan,Gillette,Architect,nate@naturaconsultingllc.com,Named,Verified - Published Public Directory,Michigan official public directory,https://www.miplace.org/48eb6f/globalassets/documents/shpo/research-resources/consultant-listsforms/historical-architect-consultant-list.pdf,2026-09-11
NORR,https://norr.com,Architecture,Detroit,Michigan,Laura,Mitchell,Architect,laura.mitchell@norr.com,Named,Verified - Published Public Directory,Michigan official public directory,https://www.miplace.org/48eb6f/globalassets/documents/shpo/research-resources/consultant-listsforms/historical-architect-consultant-list.pdf,2026-09-11
O|X Studio,https://oxstudioinc.com,Architecture,Ann Arbor,Michigan,Brian,Bagnick,Architect,brianb@oxstudioinc.com,Named,Verified - Published Public Directory,Michigan official public directory,https://www.miplace.org/48eb6f/globalassets/documents/shpo/research-resources/consultant-listsforms/historical-architect-consultant-list.pdf,2026-09-11
Barry J Polzin Architects,https://bjparchitects.com,Architecture,Marquette,Michigan,Barry,Polzin,Architect,bpolzin@bjparchitects.com,Named,Verified - Published Public Directory,Michigan official public directory,https://www.miplace.org/48eb6f/globalassets/documents/shpo/research-resources/consultant-listsforms/historical-architect-consultant-list.pdf,2026-09-11
Presley Architecture,https://presleyarchitecture.com,Architecture,Petoskey,Michigan,Greg,Presley,Architect,greg@presleyarchitecture.com,Named,Verified - Published Public Directory,Michigan official public directory,https://www.miplace.org/48eb6f/globalassets/documents/shpo/research-resources/consultant-listsforms/historical-architect-consultant-list.pdf,2026-09-11
Thomas Roberts Architect,https://thomasrobertsarchitect.com,Architecture,Wyandotte,Michigan,Thomas,Roberts,Architect,tom@thomasrobertsarchitect.com,Named,Verified - Published Public Directory,Michigan official public directory,https://www.miplace.org/48eb6f/globalassets/documents/shpo/research-resources/consultant-listsforms/historical-architect-consultant-list.pdf,2026-09-11
Sanders & Czapski Associates,https://sanders-czapski.com,Architecture,Marquette,Michigan,Ken,Czapski,Architect,ken@sanders-czapski.com,Named,Verified - Published Public Directory,Michigan official public directory,https://www.miplace.org/48eb6f/globalassets/documents/shpo/research-resources/consultant-listsforms/historical-architect-consultant-list.pdf,2026-09-11
U.P. Engineers & Architects,https://upea.com,Engineering,Houghton,Michigan,John,Arnold,Engineer,jarnold@upea.com,Named,Verified - Published Public Directory,Michigan official public directory,https://www.miplace.org/48eb6f/globalassets/documents/shpo/research-resources/consultant-listsforms/historical-architect-consultant-list.pdf,2026-09-11
Winkelmann Architecture,https://dtswink.com,Architecture,Grand Rapids,Michigan,Brian,Winkelmann,Architect,brianw@dtswink.com,Named,Verified - Published Public Directory,Michigan official public directory,https://www.miplace.org/48eb6f/globalassets/documents/shpo/research-resources/consultant-listsforms/historical-architect-consultant-list.pdf,2026-09-11
SRa Architecture + Interiors,https://sra-mn.com,Architecture,Eden Prairie,Minnesota,,,Architecture firm,contactsra@sra-mn.com,Role-Based,Verified - Published Official Website,Official website,https://sra-mn.com/contact-us,2026-09-11
Wold Architects & Engineers,https://www.woldae.com,Architecture and Engineering,Minneapolis,Minnesota,,,Architecture and engineering firm,mail@woldae.com,Role-Based,Verified - Published Official Website,Official website,https://www.woldae.com/contact,2026-09-11
s2s Architects,https://www.s2sarch.com,Architecture,Winona,Minnesota,,,Architecture firm,info@s2sarch.com,Role-Based,Verified - Published Official Website,Official website,https://www.s2sarch.com/contact,2026-09-11
Custom Homes Minnesota,https://customhomesmn.com,Custom Homebuilder,Minneapolis,Minnesota,,,Custom homebuilder,info@customhomesmn.com,Role-Based,Verified - Published Official Website,Official website,https://customhomesmn.com,2026-09-11
Homes by CBI,https://homesbycbi.com,Custom Homebuilder,Minneapolis,Minnesota,,,Homebuilder,info@homesbycbi.com,Role-Based,Verified - Published Official Website,Official website,https://homesbycbi.com,2026-09-11
DO Architects,https://do-architects.com,Architecture,Minneapolis,Minnesota,,,Architecture firm,info@do-architects.com,Role-Based,Verified - Published Official Website,Official website,https://do-architects.com,2026-09-11
Minnesota Engineering,https://minnesotaengineering.com,Engineering,Minneapolis,Minnesota,,,Engineering firm,info@minnesotaengineering.com,Role-Based,Verified - Published Official Website,Official website,https://minnesotaengineering.com,2026-09-11
Nyberg Surveying,https://nybergsurveying.com,Engineering,St Cloud,Minnesota,,,Surveying and engineering firm,info@nybergsurveying.com,Role-Based,Verified - Published Official Website,Official website,https://nybergsurveying.com,2026-09-11
Summerhill Commercial,https://summerhillcommercial.com,Commercial Developer,Minneapolis,Minnesota,,,Commercial real estate developer,info@summerhillcommercial.com,Role-Based,Verified - Published Official Website,Official website,https://summerhillcommercial.com,2026-09-11
Interstate Construction Management,https://interstatecmcorp.com,Construction Manager,Minneapolis,Minnesota,,,Construction management,estimating@interstatecmcorp.com,Role-Based,Verified - Published Official Website,Official website,https://interstatecmcorp.com,2026-09-11
Simon Construction,https://simonconstruction.com,General Contractor,Minneapolis,Minnesota,,,General contractor,info@simonconstruction.com,Role-Based,Verified - Published Official Website,Official website,https://simonconstruction.com,2026-09-11
TKDA,https://tkda.com,Engineering and Architecture,St Paul,Minnesota,,,Engineering and architecture firm,info@tkda.com,Role-Based,Verified - Published Official Website,Official website,https://tkda.com/contact,2026-09-11
Meyer Borgman Johnson,https://mbjeng.com,Engineering,Minneapolis,Minnesota,Ryan,Hopeman,Principal,rhopeman@mbjeng.com,Named,Verified - Published Official Website,Official website,https://mbjeng.com/contact,2026-09-11
Doran Companies,https://www.dorancompanies.com,Developer,Minneapolis,Minnesota,,,Commercial and multifamily developer,info@dorancompanies.com,Role-Based,Verified - Published Official Website,Official website,https://www.dorancompanies.com/contact,2026-09-11
BKV Group,https://bkvgroup.com,Architecture and Engineering,Minneapolis,Minnesota,,,Architecture and engineering firm,info@bkvgroup.com,Role-Based,Verified - Published Official Website,Official website,https://bkvgroup.com/contact-us,2026-09-11
Awad Architects,https://awadarchitects.com,Architecture,Minneapolis,Minnesota,Ali,Awad,Architect,ali@awadarchitects.com,Named,Verified - Published Official Website,Official website,https://awadarchitects.com/contact,2026-09-11
Studio Five Architecture,https://studiofivearch.com,Architecture,Minneapolis,Minnesota,Linda,MH,Architect,lindamh@studiofivearch.com,Named,Verified - Published Official Website,Official website,https://studiofivearch.com/contact,2026-09-11
Dingman Custom Homes,https://dingmancustomhomes.com,Custom Homebuilder,Minneapolis,Minnesota,Dale,,Owner,dale@dingmancustomhomes.com,Named,Verified - Published Official Website,Official website,https://dingmancustomhomes.com/contact,2026-09-11
Craft Homes,https://crafthomesmn.com,Custom Homebuilder,Minneapolis,Minnesota,Nick,,Builder,nick@crafthomesmn.com,Named,Verified - Published Official Website,Official website,https://crafthomesmn.com/contact,2026-09-11
ARM of Minnesota,https://armofmn.com,General Contractor,Minneapolis,Minnesota,Jasp,,Construction contact,jasp@armofmn.com,Named,Verified - Published Official Website,Official website,https://armofmn.com/contact,2026-09-11
All State Traffic Control,https://allstatetrafficmn.com,Construction Contractor,Cold Spring,Minnesota,Laurie,,Contact,laurie@allstatetrafficmn.com,Named,Verified - Public Government Directory,County plan-holders directory,https://co.becker.mn.us/dept/highway/PDFs/projects/plan_holders/CP%20003-120-001%20(PDF).pdf,2026-09-11
Warning Lites of Minnesota,https://warninglitesmn.com,Construction Contractor,Minneapolis,Minnesota,,,Estimating,estimating@warninglitesmn.com,Role-Based,Verified - Public Government Directory,County plan-holders directory,https://co.becker.mn.us/dept/highway/PDFs/projects/plan_holders/CP%20003-120-001%20(PDF).pdf,2026-09-11
Premier Construction Solutions of Minnesota,https://premierconstructionsolutionsmn.com,Commercial Contractor,Mankato,Minnesota,,,General inquiries,contact@premierconstructionsolutionsmn.com,Role-Based,Verified - Published Official Website,Official website,https://premierconstructionsolutionsmn.com/contact,2026-09-11
Custom Construction Services,https://mn-ccs.com,Construction Contractor,Minneapolis,Minnesota,,,General inquiries,ccs@mn-ccs.com,Role-Based,Verified - Published Official Website,Official website,https://www.customconstructionservicesmn.com/contactus,2026-09-11
MICS Commercial Construction Services,https://micsmn.com,General Contractor,New Hope,Minnesota,,,Estimating,estimating@micsmn.com,Role-Based,Verified - Published Official Website,Official website,https://micsmn.com/projects,2026-09-11
CM Construction Company,https://cmconstructionco.com,General Contractor,Burnsville,Minnesota,,,Bids,bids@cmconstructionco.com,Role-Based,Verified - Published Official Website,Official website,https://cmconstructionco.com/contact,2026-09-11
Wise Design & Remodel,https://wisedesignremodel.com,Design-Build Contractor,St Paul,Minnesota,,,General inquiries,info@wisedesignremodel.com,Role-Based,Verified - Published Official Website,Official website,http://wisedesignremodel.com/,2026-09-11
Tectum Contracting,https://tectumusa.com,Commercial Contractor,Eden Prairie,Minnesota,,,General inquiries,info@tectumusa.com,Role-Based,Verified - Published Official Website,Official website,https://tectumusa.com/services/commercial-construction,2026-09-11
CBC Construction,https://cbc-mn.com,General Contractor,St Cloud,Minnesota,,,General inquiries,info@cbc-mn.com,Role-Based,Verified - Published Official Website,Official website,https://cbc-mn.com/contact,2026-09-11
Whole Builders Cooperative,https://wholebuilders.com,Design-Build Contractor,Minneapolis,Minnesota,,,General inquiries,info@wholebuilders.com,Role-Based,Verified - Published Official Website,Official website,https://ztd.xtn.mybluehost.me/contact,2026-09-11
CMBR,https://www.cmbr.com,Commercial Contractor,Hugo,Minnesota,,,General inquiries,info@cmbr.com,Role-Based,Verified - Published Official Website,Official website,https://www.cmbr.com/,2026-09-11
Crowe Construction Management,https://www.crowecm.com,Construction Manager,St Paul,Minnesota,Patrick,Crowe,General Manager,info@crowecm.com,Named,Verified - Public Government Directory,Minnesota Historical Society directory,https://www.mnhs.org/preservation/directory/3278,2026-09-11
The Answers You Need Before You Build,https://www.edsbuilders.com,Construction Manager,St Paul,Minnesota,,,Construction manager,doc@edsbuilders.com,Role-Based,Verified - Published Official Website,Official website,https://www.edsbuilders.com/about-us,2026-09-11
Alliiance,https://alliiance.com,Architecture,Minneapolis,Minnesota,,,General inquiries,info@alliiance.com,Role-Based,Verified - Public Professional Directory,AIA Minnesota firm directory,https://www.aia-mn.org/firm/alliiance,2026-09-11
ATSR Planners Architects Engineers,https://atsr.com,Architecture and Engineering,Minneapolis,Minnesota,,,General inquiries,info@atsr.com,Role-Based,Verified - Public Professional Directory,AIA Minnesota firm directory,https://www.aia-mn.org/firm/atsr-planners-architects-engineers,2026-09-11
Minot Enterprises,https://www.minotinc.com,Engineering,White Bear Lake,Minnesota,,,General inquiries,info@minotinc.com,Role-Based,Verified - Published Official Website,Official website,https://www.minotinc.com/contact-us,2026-09-11
Windsor Engineers,https://windsorengineers.com,Engineering,Duluth,Minnesota,,,General inquiries,info@windsorengineers.com,Role-Based,Verified - Published Official Website,Official website,https://windsorengineers.com/get-in-touch,2026-09-11
Bollig Engineering,https://bollig-engineering.com,Engineering,Willmar,Minnesota,Brian,Bollig,President,bbollig@bollig-engineering.com,Named,Verified - Public Professional Directory,Minnesota Rural Water Association directory,https://www.mrwa.com/mrwa-members/industry-members/bollig-inc,2026-09-11
Freeberg & Grund Civil Engineers,https://www.fgcivil.com,Engineering,Bemidji,Minnesota,Wade,,Engineering Technician,wade@fgcivil.com,Named,Verified - Published Official Website,Official website,https://www.fgcivil.com/,2026-09-11
Ronco Engineering Sales,https://www.roncoengineering.com,Engineering,Rochester,Minnesota,,,Rochester office,rochsales@roncoengineering.com,Role-Based,Verified - Published Official Website,Official website,https://www.roncoengineering.com/rochester-mn,2026-09-11
Minnesota Construction Association,https://mnconstruction.org,Construction Association,Minneapolis,Minnesota,,,General inquiries,info@mnconstruction.org,Role-Based,Verified - Published Official Website,Official website,https://mnconstruction.org/contact,2026-09-11
Architecture Advantage,https://architectureadvantage.com,Architecture,Duluth,Minnesota,,,General inquiries,info@architectureadvantage.com,Role-Based,Verified - Public Professional Directory,AIA Minnesota firm directory,https://www.aia-mn.org/firm/architecture-advantage-llc,2026-09-11
Smithers Engineers,https://www.smithersengineers.com,Engineering,Jackson,Mississippi,,,General inquiries,info@smithersengineers.com,Role-Based,Verified - Published Official Website,Official website,https://www.smithersengineers.com/contact,2026-09-11
"Morgan Dean, Inc.",https://www.morgandeaneng.com,Engineering,Clinton,Mississippi,,,General inquiries,info@morgandeaneng.com,Role-Based,Verified - Published Official Website,Official website,https://www.morgandeaneng.com/,2026-09-11
Duvall Decker Architects,https://duvalldecker.com,Architecture,Jackson,Mississippi,,,General inquiries,info@duvalldecker.com,Role-Based,Verified - Published Official Website,Official website,http://duvalldecker.com/contact,2026-09-11
"Dale Partners Architects, P.A.",http://dalepartners.com,Architecture,Jackson,Mississippi,,,General inquiries,info@dalepartners.com,Role-Based,Verified - Published Official Website,Official website,http://dalepartners.com/contact,2026-09-11
"Hooker Engineering Services, Inc.",https://hookerengineering.com,Engineering,Greenville,Mississippi,,,Principal,mhjr@hookerengineering.com,Named,Verified - Public Government Directory,MDEQ public consulting-firm directory,https://www.srm.magic.ms.gov/SAP/EBP/DOCSERVER/SYN_BID_FORM_3170025854.PDF?ATTCGET,2026-09-11
"PPM Consultants, Inc.",https://ppmco.com,Environmental Engineering,Ridgeland,Mississippi,Annie,McIlwain,,annie.mcilwain@ppmco.com,Named,Verified - Public Government Directory,MDEQ public environmental consultant directory,https://www.mdeq.ms.gov/wp-content/uploads/2021/10/EracList.pdf,2026-09-11
FCE Engineering,https://fce-engineering.com,Engineering,Brandon,Mississippi,,,General inquiries,ner@fce-engineering.com,Named,Verified - Public Government Directory,MDEQ public brownfield consulting directory,https://www.mdeq.ms.gov/wp-content/uploads/2019/05/Consulting-Firms.pdf,2026-09-11
Fisher Arnold,https://fisherarnold.com,Engineering,Jackson,Mississippi,,,General inquiries,jarnold@fisherarnold.com,Named,Verified - Public Government Directory,MDEQ public brownfield consulting directory,https://www.mdeq.ms.gov/wp-content/uploads/2019/05/Consulting-Firms.pdf,2026-09-11
"EnSafe, Inc.",https://ensafe.com,Environmental Engineering,Ridgeland,Mississippi,Brent,Derry,,bderry@ensafe.com,Named,Verified - Public Government Directory,MDEQ public environmental consultant directory,https://www.mdeq.ms.gov/wp-content/uploads/2021/10/EracList.pdf,2026-09-11
Webb Engineering Services,https://webb-engineering.com,Engineering,,Mississippi,,,General inquiries,webbs@webb-engineering.com,Named,Verified - Public Government Directory,Public engineering directory,https://www.mdeq.ms.gov/wp-content/uploads/2019/05/Consulting-Firms.pdf,2026-09-11
Mims Construction,https://mimsconstruction.com,Commercial Construction,,Mississippi,Lynn,Mims,,lynn@mimsconstruction.com,Named,Verified - Public Directory,Associated General Contractors public member directory,https://agcmsassoc.weblinkconnect.com/Construction-Management/Mid-State-Construction-302,2026-09-11
JJ Construction,https://jjcont.com,Commercial Construction,,Mississippi,Kent,Joyner,,kent.joyner@jjcont.com,Named,Verified - Public Directory,Public construction bid/contact directory,https://www.srm.magic.ms.gov/SAP/EBP/DOCSERVER/SYN_BID_FORM_3170025854.PDF?ATTCGET,2026-09-11
Cullum Construction,https://cullumco.com,Commercial Construction,,Mississippi,,,General inquiries,kody@cullumco.com,Named,Verified - Public Directory,Public construction contact directory,https://www.srm.magic.ms.gov/SAP/EBP/DOCSERVER/SYN_BID_FORM_3170025854.PDF?ATTCGET,2026-09-11
Johnston Construction Group,https://johnstoncg.com,Commercial Construction,,Mississippi,,,General inquiries,brandon@johnstoncg.com,Named,Verified - Public Directory,Public construction contact directory,https://www.srm.magic.ms.gov/SAP/EBP/DOCSERVER/SYN_BID_FORM_3170025854.PDF?ATTCGET,2026-09-11
Build Mississippi,https://buildmississippi.com,Commercial Construction,,Mississippi,,,General inquiries,info@buildmississippi.com,Role-Based,Verified - Public Directory,Public Mississippi construction directory,https://agcmsassoc.weblinkconnect.com/contact,2026-09-11
CC Pros,https://ccpros.com,Commercial Construction,,Mississippi,,,General inquiries,info@ccpros.com,Role-Based,Verified - Public Directory,Public Mississippi construction directory,https://agcmsassoc.weblinkconnect.com/contact,2026-09-11
"EGH, Inc.",https://egh.ms,Architecture and Engineering,Jackson,Mississippi,J,Seymour,,jseymour@egh.ms,Named,Verified - Public Website,Official website / public directory,https://egh.ms,2026-09-11
JBHM Architects,https://jbhm.com,Architecture,Jackson,Mississippi,,,General inquiries,info@jbhm.com,Role-Based,Verified - Public Website,Official website,https://jbhm.com/contact,2026-09-11
CJB Architecture,https://cjb-architecture.com,Architecture,O'Fallon,Missouri,,,Architecture and construction design,info@cjb-architecture.com,Role-Based,Verified - Published Official Website,Official website,https://cjb-architecture.com/contact-us,2026-09-11
MSI Constructors,https://www.msiconstructors.com,Design-Build / General Contractor,Springfield,Missouri,Adam,Howey,Contact,adamhowey@msiconstructors.com,Named,Verified - Published Official Website,Official website,https://www.msiconstructors.com/contact-us,2026-09-11
Missouri Constructors,https://cardenas-corp.com,General Contractor,O'Fallon,Missouri,,,Office,office@cardenas-corp.com,Role-Based,Verified - Published Official Website,Official website,https://www.moconstructors.com/contact,2026-09-11
Missouri Builders Service,https://www.missouribuilders.net,Commercial / Industrial Contractor,Jefferson City,Missouri,,,General inquiries,info@missouribuilders.net,Role-Based,Verified - Published Official Website,Official website,https://www.missouribuilders.net,2026-09-11
OWH Architects,https://owh-inc.com,Architecture,Clayton,Missouri,,,General inquiries,owh@owh-inc.com,Role-Based,Verified - Published Official Website,Official website,https://owh-inc.com/contact-owh/,2026-09-11
WNB Architects,https://www.wnbarchitects.com,Architecture,Kansas City,Missouri,,,Business inquiries,letsworktogether@wnbarchitects.com,Role-Based,Verified - Published Official Website,Official website,https://www.wnbarchitects.com/contact,2026-09-11
SOA Architecture,https://soa-inc.com,Architecture / Interior Design,Columbia,Missouri,,,Architecture office,soa@soa-inc.com,Role-Based,Verified - Reliable Public Directory,Public business directory,https://business.comochamber.com/list/member/soa-architecture-1975,2026-09-11
"MACO Development Co, LLC",https://macocompanies.com,Multifamily Developer,Clarkson,Missouri,Jason,Maddox,Principal,jason@macocompanies.com,Named,Verified - Published Official Document,Official government document,https://mhdc.com/media/2agjpfmj/2024-approved-general-contractor-list.pdf,2026-09-11
EM Harris Construction Co.,https://emharris.com,Commercial / Multifamily Contractor,St. Louis,Missouri,Don,Buchmueller,Construction contact,donb@emharris.com,Named,Verified - Published Official Document,Official government document,https://mhdc.com/media/2agjpfmj/2024-approved-general-contractor-list.pdf,2026-09-11
PARIC,https://paric.com,Commercial / Multifamily Contractor,Kansas City,Missouri,Drew,Siebert,Construction contact,dsiebert@paric.com,Named,Verified - Published Official Document,Official government document,https://mhdc.com/media/2agjpfmj/2024-approved-general-contractor-list.pdf,2026-09-11
Altman-Charter Company,https://altman-charter.com,Multifamily Contractor,St. Louis,Missouri,John,Alessi,Construction contact,johna@altman-charter.com,Named,Verified - Published Official Document,Official government document,https://mhdc.com/media/2agjpfmj/2024-approved-general-contractor-list.pdf,2026-09-11
"Fairway Construction Co., Inc.",https://fairwayconstruction.com,Multifamily Contractor,Columbia,Missouri,Brian,Parr,Construction contact,bparr@fairwayconstruction.com,Named,Verified - Published Official Document,Official government document,https://mhdc.com/media/2agjpfmj/2024-approved-general-contractor-list.pdf,2026-09-11
Roanoke Construction,https://roanoke-construction.com,Multifamily Contractor,St. Louis,Missouri,Kevin,Buchek,Construction contact,kevin.buchek@roanoke-construction.com,Named,Verified - Published Official Document,Official government document,https://mhdc.com/media/2agjpfmj/2024-approved-general-contractor-list.pdf,2026-09-11
Streamline Construction,https://streamline.build,Multifamily Contractor,Lee's Summit,Missouri,Brian,Wildschuetz,Construction contact,brianw@streamline.build,Named,Verified - Published Official Document,Official government document,https://mhdc.com/media/2agjpfmj/2024-approved-general-contractor-list.pdf,2026-09-11
"Vecino Construction, LLC",https://vecinogroup.com,Multifamily Contractor,Springfield,Missouri,Mike,Willemsen,Construction contact,mike@vecinogroup.com,Named,Verified - Published Official Document,Official government document,https://mhdc.com/media/2agjpfmj/2024-approved-general-contractor-list.pdf,2026-09-11
CF Vatterott Construction,https://cfvatterott.com,Multifamily Contractor,St. Louis,Missouri,Tim,Dolan,Construction contact,tim@cfvatterott.com,Named,Verified - Published Official Document,Official government document,https://mhdc.com/media/2agjpfmj/2024-approved-general-contractor-list.pdf,2026-09-11
"Woodco, Inc.",https://woodco.info,Multifamily Contractor,Kansas City,Missouri,Gabriel,Woodman,Construction contact,gwoodman@woodco.info,Named,Verified - Published Official Document,Official government document,https://mhdc.com/media/2agjpfmj/2024-approved-general-contractor-list.pdf,2026-09-11
SWD Architects,https://swdarchitects.com,Architecture,Kansas City,Missouri,,,General inquiries,info@swdarchitects.com,Role-Based,Verified - Published Official Website,Official website,https://swdarchitects.com/contact-us,2026-09-11
HJM Architects,https://www.hjmarch.com,Architecture,Kansas City,Missouri,,,General inquiries,hjmkc@hjmarch.com,Role-Based,Verified - Published Official Website,Official website,https://www.hjmarch.com/contact,2026-09-11
Springfield Engineering Company,https://www.springfieldengineering.com,Engineering,Springfield,Missouri,,,General inquiries,info@springfieldengineering.com,Role-Based,Verified - Published Official Website,Official website,https://www.springfieldengineering.com/copy-of-projects,2026-09-11
ESC Inc.,https://escfirm.com,Engineering,Springfield,Missouri,,,General inquiries,esc@escfirm.com,Role-Based,Verified - Reliable Public Directory,ProSource directory,https://www.prosource.org/company/esc-inc,2026-09-11
CJW Transportation Consultants,https://www.gocjw.com,Engineering,Springfield,Missouri,,,General inquiries,cjw@gocjw.com,Role-Based,Verified - Published Official Website,Official website,https://www.gocjw.com/contact,2026-09-11
ARCO Construction,https://arco1.com,Design-Build / General Contractor,Kansas City,Missouri,,,General inquiries,arcoconstruction@arco1.com,Role-Based,Verified - Published Official Website,Official website,http://www.arco1.com/,2026-09-11
MECO Engineering Company,https://mecoengineering.com,Engineering,St. Louis,Missouri,,,General inquiries,info@mecoengineering.com,Role-Based,Verified - Published Official Website,Official website,http://mecoengineering.com/contact-us,2026-09-11
A Civil Group,https://acivilgroup.com,Engineering,St. Louis,Missouri,,,General inquiries,office@acivilgroup.com,Role-Based,Verified - Published Official Website,Official website,http://acivilgroup.com/contact,2026-09-11
Artisan Consulting Engineers,https://artisancivil.com,Engineering,St. Charles,Missouri,,,Engineering contact,nlevans@artisancivil.com,Named,Verified - Published Official Document,Official government document,https://www.modot.org/sites/default/files/documents/design/viewstream.do_documenttype=general_info&key=817,2026-09-11
Cochran Engineering,https://cochraneng.com,Engineering,Union,Missouri,,,Engineering contact,kurt@cochraneng.com,Named,Verified - Published Official Document,Official government document,http://modot.org/media/45872,2026-09-11
Reinhardt Construction,https://reinhardtconstructionllc.com,General Contractor,Columbia,Missouri,Morgan,Kruse,Construction contact,morgan@reinhardtconstructionllc.com,Named,Verified - Published Official Document,Official university document,http://operations-webapps.missouri.edu/pdc/adsite/scripts/no-pl-list.php?prj=CP231262,2026-09-11
Holland Construction Services,https://hollandcs.com,Commercial Contractor,St. Louis,Missouri,,,Construction contact,ksteinmann@hollandcs.com,Named,Verified - Reliable Public Directory,Missouri Health Care Association directory,http://mohealthcare.com/business-partners/holland-construction-services,2026-09-11
HBD Construction,https://hbdgc.com,General Contractor,St. Louis,Missouri,,,General inquiries,mperry@hbdgc.com,Named,Verified - Published Official Website,Official website,https://hbdgc.com/contact,2026-09-11
Schaub Projects,https://schaubprojects.com,Construction Management,St. Louis,Missouri,,,General inquiries,info@schaubprojects.com,Role-Based,Verified - Published Official Website,Official website,https://schaubprojects.com/contact,2026-09-11
SDA Architects,https://sdaarchitects.com,Architecture,Kansas City,Missouri,,,General inquiries,info@sdaarchitects.com,Role-Based,Verified - Published Official Website,Official website,http://sdaarchitects.com/kansas-city-missouri,2026-09-11
Hoener Architects,https://hoenerarchitects.com,Architecture,St. Louis,Missouri,,,General inquiries,info@hoenerarchitects.com,Role-Based,Verified - Published Official Website,Official website,https://hoenerarchitects.com/contact,2026-09-11
Duncan Architecture,https://duncanarchitecture.com,Architecture,St. Louis,Missouri,,,General inquiries,info@duncanarchitecture.com,Role-Based,Verified - Published Official Website,Official website,https://duncanarchitecture.com/contact,2026-09-11
Hamilton Contracting Inc.,https://hamiltoncorporation.com,Commercial Contractor,Springfield,Missouri,Pat,Nordquist,Construction contact,pnordquist@hamiltoncorporation.com,Named,Verified - Published Official Document,Official government document,https://mhdc.com/media/n0zfz4qt/2014-approved-contractor-list.pdf,2026-09-11
GB Engineering,https://gbcivil.com,Engineering,Springfield,Missouri,,,Engineering contact,wayne@gbcivil.com,Named,Verified - Published Official Website,Official website,https://www.gbcivil.com/contact-us,2026-09-11
Hoefer Welker,https://hoeferwelker.com,Architecture,Kansas City,Missouri,Rob,Welker,Architect,rob.welker@hoeferwelker.com,Named,Verified - Published Official Website,Official website,https://hoeferwelker.com/people/rob-welker,2026-09-11
Forward Design,https://design-fwd.com,Architecture,Kansas City,Missouri,,,General inquiries,info@design-fwd.com,Role-Based,Verified - Published Official Website,Official website,https://design-fwd.com/contact,2026-09-11
Helix Architecture + Design,https://www.helixus.com,Architecture,Kansas City,Missouri,,,General inquiries,info@helixus.com,Role-Based,Verified - Published Official Website,Official website,https://www.helixus.com/contact,2026-09-11
Hoke Ley,https://hoke-ley.com,Architecture,Kansas City,Missouri,Katie,Hoke,Architect,katie.hoke@hoke-ley.com,Named,Verified - Published Official Website,Official website,https://hoke-ley.com/contact,2026-09-11
SixTwentyOne,https://www.sixtwentyone.com,Architecture,Kansas City,Missouri,,,General inquiries,info@sixtwentyone.com,Role-Based,Verified - Published Official Website,Official website,https://www.sixtwentyone.com/studio,2026-09-11
Pendulum,https://www.pendulumkc.com,Architecture,Kansas City,Missouri,,,General inquiries,info@pendulumkc.com,Role-Based,Verified - Published Official Website,Official website,https://www.pendulumkc.com/contact,2026-09-11
McHenry Shaffer Architecture,https://www.msarchkc.com,Architecture,Kansas City,Missouri,,,General inquiries,info@msarchkc.com,Role-Based,Verified - Published Official Website,Official website,http://www.msarchkc.com/contact,2026-09-11
Alley Poyner Macchietto Architecture,https://www.alleypoyner.com,Architecture,Omaha,Nebraska,,,General Inquiries,info@alleypoyner.com,Role-Based,Verified - Published Official Website,Official website,https://www.alleypoyner.com,2026-09-11
Purdy and Slack Architects,https://www.purdyandslack.com,Architecture,Omaha,Nebraska,Michael,Purdy,Architect,mpurdy@purdyandslack.com,Named,Verified - Published Official Website,Official website,https://www.purdyandslack.com,2026-09-11
DeOld Andersen Architecture,https://d-aarch.com,Architecture,Omaha,Nebraska,,,Office,office@d-aarch.com,Role-Based,Verified - Published Official Website,Official website,https://d-aarch.com,2026-09-11
Architectural Offices,https://aoomaha.co,Architecture,Omaha,Nebraska,,,Office,office@aoomaha.co,Role-Based,Verified - Published Public Directory,Public directory (official social profile),https://www.facebook.com/TheArchitecturalOffices/,2026-09-11
Arrow Architecture,https://arrow-architecture.com,Architecture,Omaha,Nebraska,Rich,,,rich@arrow-architecture.com,Named,Verified - Published Official Website,Official website,https://arrow-architecture.com,2026-09-11
The McNeil Company,https://mcneilcompany.com,Design-Build / General Contractor,Omaha,Nebraska,,,General Inquiries,contact@mcneilcompany.com,Role-Based,Verified - Published Official Website,Official website,https://mcneilcompany.com,2026-09-11
MCL Construction,https://www.mclconstruction.com,Construction Manager / General Contractor,Omaha,Nebraska,,,General Inquiries,info@mclconstruction.com,Role-Based,Verified - Published Official Website,Official website,https://www.mclconstruction.com,2026-09-11
Hausmann Construction,https://hausmannconstruction.com,Construction Manager / General Contractor,Omaha,Nebraska,,,Recruiting / Careers,ashleya@hausmannconstruction.com,Named,Verified - Published Official Website,Official website,https://hausmannconstruction.com,2026-09-11
JH Interior Design Studio,https://jhdesignomaha.com,Interior Design,Omaha,Nebraska,,,Design Inquiries,design@jhdesignomaha.com,Role-Based,Verified - Published Official Website,Official website,https://jhdesignomaha.com/lets-talk-design,2026-09-11
NH CORE Properties,https://www.nhcoreproperties.com,General Contractor,Manchester,New Hampshire,,,Construction Services,info@nhcoreproperties.com,Role-Based,Verified - Published Official Website,Official website,https://www.nhcoreproperties.com/services/construction,2026-09-11
Solid Roots Construction LLC,https://www.srcnh.com,Commercial Contractor,Concord,New Hampshire,James,Kelley,Principal,jkelley@srcnh.com,Named,Verified - Published Official Website,Official website,https://www.srcnh.com/,2026-09-11
Groen Construction Inc.,https://groenconstruction.com,Commercial Contractor,Rochester,New Hampshire,,,General Contractor,info@groenconstruction.com,Role-Based,Verified - Published Official Website,Official website,https://groenconstruction.com/contact-us,2026-09-11
Conneston Construction Inc.,https://www.ccinh.com,Commercial Contractor,Gilford,New Hampshire,,,Commercial Construction,info@ccinh.com,Role-Based,Verified - Published Official Website,Official website,https://www.ccinh.com/services,2026-09-11
North & South Construction,https://www.northsouthnh.com,General Contractor,Newington,New Hampshire,,,Construction,info@northsouthnh.com,Role-Based,Verified - Published Official Website,Official website,https://www.northsouthnh.com/contact.html,2026-09-11
Legacy Homes Inc.,https://legacyhomesnh.com,Custom Homebuilder,Manchester,New Hampshire,,,Custom Home Builder,info@legacyhomesnh.com,Role-Based,Verified - Published Official Website,Official website,https://legacyhomesnh.com/contact.php,2026-09-11
NH Custom Builder,https://nhcustombuilder.com,Custom Homebuilder,Amherst,New Hampshire,,,Custom Homes and Remodeling,info@nhcustombuilder.com,Role-Based,Verified - Published Official Website,Official website,https://nhcustombuilder.com/contact-us,2026-09-11
SRH Homes,https://www.srhhomes.com,Custom Homebuilder,Hampton,New Hampshire,,,General Inquiries,build@srhhomes.com,Role-Based,Verified - Published Official Website,Official website,https://www.srhhomes.com/contact,2026-09-11
Old Hampshire Designs Inc.,https://oldhampshiredesigns.com,Custom Homebuilder,New London,New Hampshire,,,Custom Home Design,ohd@oldhampshiredesigns.com,Role-Based,Verified - Published Official Website,Official website,https://oldhampshiredesigns.com/contact,2026-09-11
PHB Architects PLLC,https://phbarchitects.com,Architecture,Manchester,New Hampshire,Paul,,Architect,paul@phbarchitects.com,Named,Verified - Published Official Website,Official website,https://phbarchitects.com/contact-us,2026-09-11
RWH Architect,https://www.rwh-architect.com,Architecture,Salem,New Hampshire,Rob,,Architect,rob@rwh-architect.com,Named,Verified - Published Official Website,Official website,https://www.rwh-architect.com/contact,2026-09-11
Tony Fallon Architecture,https://tonyfallon.com,Architecture,Wolfeboro,New Hampshire,Tony,Fallon,Architect,tony@tonyfallon.com,Named,Verified - Published Official Website,Official website,https://tonyfallon.com/contact,2026-09-11
BMA Architectural Group,https://www.bmaworld.com,Architecture,Amherst,New Hampshire,,,Architecture,info@bmaworld.com,Role-Based,Verified - Published Official Website,Official website,https://www.bmaworld.com/contact,2026-09-11
AG Architects PC,https://agarchitects.com,Architecture,Dover,New Hampshire,Arthur,Guadano,Architect,aga@agarchitects.com,Named,Verified - Published Directory,NH Business Review architectural firms directory,https://www.nhbr.com/list-of-architectural-firms,2026-09-11
ALBA Architects LLP,https://albaarchitects.com,Architecture,North Woodstock,New Hampshire,Philip,Bennett,Architect,info@albaarchitects.com,Role-Based,Verified - Published Directory,NH Business Review architectural firms directory,https://www.nhbr.com/list-of-architectural-firms,2026-09-11
SMP Architecture,https://sheerr.com,Architecture,Concord,New Hampshire,Jason,LaCombe,Architect,jlacombe@sheerr.com,Named,Verified - Published Directory,NH Business Review architectural firms directory,https://www.nhbr.com/list-of-architectural-firms,2026-09-11
SISR Architecture LLC,https://sisr.us,Architecture,Marlow,New Hampshire,Douglas,Stewart,Architect,doug@sisr.us,Named,Verified - Published Directory,NH Business Review architectural firms directory,https://www.nhbr.com/list-of-architectural-firms,2026-09-11
Marinace Architects,https://marinacearchitects.com,Architecture,,New Hampshire,Paul,Marinace,Architect,pmarinace@marinacearchitects.com,Named,Verified - Published Official Document,New Hampshire Department of Education architect contact list,https://www.education.nh.gov/sites/g/files/ehbemt326/files/inline-documents/sonh/architect-contact-list.pdf,2026-09-11
Civil Connection,https://www.civilconnection.net,Engineering,Gilmanton Iron Works,New Hampshire,,,Civil Engineering,info@civilconnection.net,Role-Based,Verified - Published Official Website,Official website,https://www.civilconnection.net/contact,2026-09-11
LifeWater Engineering,https://lifewaterengineering.com,Engineering,Concord,New Hampshire,Bob,,,bob@lifewaterengineering.com,Named,Verified - Published Official Document,State of New Hampshire Governor and Council public document,https://media.sos.nh.gov/govcouncil/2013/1120/47%20GC%20Agenda%20112013.pdf,2026-09-11
A&M Engineering & Env Services Inc,https://aandmengineering.com,Engineering,Tulsa,Oklahoma,Tolga,Ertugrul,President,tolga@aandmengineering.com,Named,Verified - Published Reliable Directory,Oklahoma official consultant registry (registered public contact),https://oklahoma.gov/content/dam/ok/en/omes/documents/cap-official-consultants.xlsx,2026-09-11
ADG Blatt Architects,https://adgokc.com,Architecture,Oklahoma City,Oklahoma,J.C.,Witcher,Unknown,jwitcher@adgokc.com,Named,Verified - Published Reliable Directory,Oklahoma official consultant registry (registered public contact),https://oklahoma.gov/content/dam/ok/en/omes/documents/cap-official-consultants.xlsx,2026-09-11
ADG Blatt Architects,https://adgblatt.com,Architecture,Oklahoma City,Oklahoma,Anthony,Blatt,Owner,ablatt@adgblatt.com,Named,Verified - Published Reliable Directory,Oklahoma official consultant registry (registered public contact),https://oklahoma.gov/content/dam/ok/en/omes/documents/cap-official-consultants.xlsx,2026-09-11
"Allen Consulting, Inc.",https://acimep.com,Construction / Design,Norman,Oklahoma,Heath,McKee,President,hmckee@acimep.com,Named,Verified - Published Reliable Directory,Oklahoma official consultant registry (registered public contact),https://oklahoma.gov/content/dam/ok/en/omes/documents/cap-official-consultants.xlsx,2026-09-11
Allford Hall Monaghan Morris LLC,https://ahmm.co.uk,Construction / Design,Oklahoma City,Oklahoma,Wade,Scaramucci,Director,wscaramucci@ahmm.co.uk,Named,Verified - Published Reliable Directory,Oklahoma official consultant registry (registered public contact),https://oklahoma.gov/content/dam/ok/en/omes/documents/cap-official-consultants.xlsx,2026-09-11
Allford Hall Monaghan Morris LLC,https://ahmm.com,Construction / Design,Oklahoma City,Oklahoma,Dan,Govin,Associate Director,dgovin@ahmm.com,Named,Verified - Published Reliable Directory,Oklahoma official consultant registry (registered public contact),https://oklahoma.gov/content/dam/ok/en/omes/documents/cap-official-consultants.xlsx,2026-09-11
"Alvine and Associates, Inc.",https://alvine.com,Construction / Design,Oklahoma City,Oklahoma,Scott,Sanders,Associate Principal,ssanders@alvine.com,Named,Verified - Published Reliable Directory,Oklahoma official consultant registry (registered public contact),https://oklahoma.gov/content/dam/ok/en/omes/documents/cap-official-consultants.xlsx,2026-09-11
"Anishinabe Design, Inc.",https://anishinabedesign.com,Construction / Design,Norman,Oklahoma,Cheryl,Lockstone,Principal,cdl@anishinabedesign.com,Named,Verified - Published Reliable Directory,Oklahoma official consultant registry (registered public contact),https://oklahoma.gov/content/dam/ok/en/omes/documents/cap-official-consultants.xlsx,2026-09-11
ARC Architecture LLC,https://arcokla.com,Architecture,Oklahoma City,Oklahoma,Joshua,Schoenborn,Principal Architect,josh@arcokla.com,Named,Verified - Published Reliable Directory,Oklahoma official consultant registry (registered public contact),https://oklahoma.gov/content/dam/ok/en/omes/documents/cap-official-consultants.xlsx,2026-09-11
"Architects in Partnership, LLC dba AIP",https://aipok.com,Architecture,Norman,Oklahoma,Matt,Graves,Principal,matt.graves@aipok.com,Named,Verified - Published Reliable Directory,Oklahoma official consultant registry (registered public contact),https://oklahoma.gov/content/dam/ok/en/omes/documents/cap-official-consultants.xlsx,2026-09-11
"Bearing Tree Land Surveying, LLC",https://btls.us,Engineering,Oklahoma City,Oklahoma,Jacob,Carroll,Owner,jake@btls.us,Named,Verified - Published Reliable Directory,Oklahoma official consultant registry (registered public contact),https://oklahoma.gov/content/dam/ok/en/omes/documents/cap-official-consultants.xlsx,2026-09-11
"Beck Associates Architects, dba Beck Design",https://beckdesign.com,Architecture,Tulsa,Oklahoma,Donald,Beck,Principal,pbeck@beckdesign.com,Named,Verified - Published Reliable Directory,Oklahoma official consultant registry (registered public contact),https://oklahoma.gov/content/dam/ok/en/omes/documents/cap-official-consultants.xlsx,2026-09-11
BKL Inc,https://bklinc.com,Construction / Design,Tulsa,Oklahoma,Jennifer,Hammock,President,hammock@bklinc.com,Named,Verified - Published Reliable Directory,Oklahoma official consultant registry (registered public contact),https://oklahoma.gov/content/dam/ok/en/omes/documents/cap-official-consultants.xlsx,2026-09-11
Blackshare Environmental Solutions LLC,https://blackshare-env.com,Engineering,Tulsa,Oklahoma,Derek,Blackshare,CEO & President,dblackshare@blackshare-env.com,Named,Verified - Published Reliable Directory,Oklahoma official consultant registry (registered public contact),https://oklahoma.gov/content/dam/ok/en/omes/documents/cap-official-consultants.xlsx,2026-09-11
Bockus Payne Associates Architects,https://bockus-payne.com,Architecture,Oklahoma City,Oklahoma,Bruce,Bockus,CEO,bruceb@bockus-payne.com,Named,Verified - Published Reliable Directory,Oklahoma official consultant registry (registered public contact),https://oklahoma.gov/content/dam/ok/en/omes/documents/cap-official-consultants.xlsx,2026-09-11
C. H. Guernsey & Company,https://guernsey.us,Construction / Design,Oklahoma City,Oklahoma,Jared,Stigge,President & CEO,jared.stigge@guernsey.us,Named,Verified - Published Reliable Directory,Oklahoma official consultant registry (registered public contact),https://oklahoma.gov/content/dam/ok/en/omes/documents/cap-official-consultants.xlsx,2026-09-11
CEC Corporation,https://connectcec.com,Engineering,Oklahoma City,Oklahoma,Josh,Dougherty,Professional Engineer,josh.dougherty@connectcec.com,Named,Verified - Published Reliable Directory,Oklahoma official consultant registry (registered public contact),https://oklahoma.gov/content/dam/ok/en/omes/documents/cap-official-consultants.xlsx,2026-09-11
CJC Architects Inc,https://cjcarchitects.com,Architecture,Tulsa,Oklahoma,Michael,Hagan,Vice President,mhagan@cjcarchitects.com,Named,Verified - Published Reliable Directory,Oklahoma official consultant registry (registered public contact),https://oklahoma.gov/content/dam/ok/en/omes/documents/cap-official-consultants.xlsx,2026-09-11
"CLS & Associates, LLC",https://clsokc.com,Architecture,Oklahoma City,Oklahoma,Brian,Patric,Landscape Architect,brian@clsokc.com,Named,Verified - Published Reliable Directory,Oklahoma official consultant registry (registered public contact),https://oklahoma.gov/content/dam/ok/en/omes/documents/cap-official-consultants.xlsx,2026-09-11
"Connect Advisors, LLC",https://connect-advisors.com,Construction / Design,Claremore,Oklahoma,Brock,Eubanks,Managing Partner,brock@connect-advisors.com,Named,Verified - Published Reliable Directory,Oklahoma official consultant registry (registered public contact),https://oklahoma.gov/content/dam/ok/en/omes/documents/cap-official-consultants.xlsx,2026-09-11
Corner & Associates Inc dba Corner Greer & Assoc,https://cornergreer.com,Architecture,Ardmore,Oklahoma,Michael,Wischmeyer,Architect/Principal,michaelw@cornergreer.com,Named,Verified - Published Reliable Directory,Oklahoma official consultant registry (registered public contact),https://oklahoma.gov/content/dam/ok/en/omes/documents/cap-official-consultants.xlsx,2026-09-11
Cowan Group Engineering LLC,https://cowangroup.co,Engineering,Oklahoma City,Oklahoma,Jeff,Cowan,Principal-In-Charge,jeff@cowangroup.co,Named,Verified - Published Reliable Directory,Oklahoma official consultant registry (registered public contact),https://oklahoma.gov/content/dam/ok/en/omes/documents/cap-official-consultants.xlsx,2026-09-11
Cyntergy AEC LLC,https://cyntergyaec.com,Construction / Design,Tulsa,Oklahoma,David,Phelps,N/A,dphelps@cyntergyaec.com,Named,Verified - Published Reliable Directory,Oklahoma official consultant registry (registered public contact),https://oklahoma.gov/content/dam/ok/en/omes/documents/cap-official-consultants.xlsx,2026-09-11
Cyntergy AEC LLC,https://cyntergy.com,Construction / Design,Tulsa,Oklahoma,Ed,Vestal,project manager,evestal@cyntergy.com,Named,Verified - Published Reliable Directory,Oklahoma official consultant registry (registered public contact),https://oklahoma.gov/content/dam/ok/en/omes/documents/cap-official-consultants.xlsx,2026-09-11
DA Engineering LLC,https://daemep.com,Engineering,Oklahoma City,Oklahoma,Dustin,Anderson,Owner / Director of Electrical,danderson@daemep.com,Named,Verified - Published Reliable Directory,Oklahoma official consultant registry (registered public contact),https://oklahoma.gov/content/dam/ok/en/omes/documents/cap-official-consultants.xlsx,2026-09-11
"DAB Architecture, PLLC",https://dabarchitecture.com,Architecture,Moore,Oklahoma,David,Brewer,Principal Architect / Owner,dbrewer@dabarchitecture.com,Named,Verified - Published Reliable Directory,Oklahoma official consultant registry (registered public contact),https://oklahoma.gov/content/dam/ok/en/omes/documents/cap-official-consultants.xlsx,2026-09-11
Design Architects Plus Inc,https://dap-okc.com,Architecture,Oklahoma City,Oklahoma,Kahle,Wilson,President,kwilson@dap-okc.com,Named,Verified - Published Reliable Directory,Oklahoma official consultant registry (registered public contact),https://oklahoma.gov/content/dam/ok/en/omes/documents/cap-official-consultants.xlsx,2026-09-11
Dewberry Architects Inc,https://dewberry.com,Architecture,Tulsa,Oklahoma,David,Huey,"Executive VP, Director of Opp.",dhuey@dewberry.com,Named,Verified - Published Reliable Directory,Oklahoma official consultant registry (registered public contact),https://oklahoma.gov/content/dam/ok/en/omes/documents/cap-official-consultants.xlsx,2026-09-11
Diak Architects LLC,https://diakarchitects.com,Architecture,Norman,Oklahoma,Thomas,Barczak,AOR,tomb@diakarchitects.com,Named,Verified - Published Reliable Directory,Oklahoma official consultant registry (registered public contact),https://oklahoma.gov/content/dam/ok/en/omes/documents/cap-official-consultants.xlsx,2026-09-11
"E & E Engineering and Associates, LLC",https://ee-associates.com,Engineering,Broken Arrow,Oklahoma,Deren,Ertugrul,Vice President,deren@ee-associates.com,Named,Verified - Published Reliable Directory,Oklahoma official consultant registry (registered public contact),https://oklahoma.gov/content/dam/ok/en/omes/documents/cap-official-consultants.xlsx,2026-09-11
EDA + FKI Engineers PC,https://eda-fki-engineers.com,Engineering,Tulsa,Oklahoma,Ryan,Grogg,N/A,rgrogg@eda-fki-engineers.com,Named,Verified - Published Reliable Directory,Oklahoma official consultant registry (registered public contact),https://oklahoma.gov/content/dam/ok/en/omes/documents/cap-official-consultants.xlsx,2026-09-11
Electrical Consultants Inc,https://eciusa.com,Construction / Design,Jenks,Oklahoma,Richard,McCornish,President,dick.mccomish@eciusa.com,Named,Verified - Published Reliable Directory,Oklahoma official consultant registry (registered public contact),https://oklahoma.gov/content/dam/ok/en/omes/documents/cap-official-consultants.xlsx,2026-09-11
Elevation Land Surveying LLC,https://elevationls.com,Engineering,Oklahoma City,Oklahoma,Shane,Carroll,President / Owner,scarroll@elevationls.com,Named,Verified - Published Reliable Directory,Oklahoma official consultant registry (registered public contact),https://oklahoma.gov/content/dam/ok/en/omes/documents/cap-official-consultants.xlsx,2026-09-11
ENFRA TME LLC,https://enfrasolutions.com,Construction / Design,Oklahoma City,Oklahoma,Grant,Logan,Senior Director,glogan@enfrasolutions.com,Named,Verified - Published Reliable Directory,Oklahoma official consultant registry (registered public contact),https://oklahoma.gov/content/dam/ok/en/omes/documents/cap-official-consultants.xlsx,2026-09-11
"Environmental Action, Inc.",https://environmentalactioninc.com,Engineering,Jenks,Oklahoma,Darwin,Chesnut,President,chesnut@environmentalactioninc.com,Named,Verified - Published Reliable Directory,Oklahoma official consultant registry (registered public contact),https://oklahoma.gov/content/dam/ok/en/omes/documents/cap-official-consultants.xlsx,2026-09-11
"Equus Environmental, LLC",https://equusenv.com,Engineering,Tulsa,Oklahoma,Bruce,McKenzie,COO,bruce.mckenzie@equusenv.com,Named,Verified - Published Reliable Directory,Oklahoma official consultant registry (registered public contact),https://oklahoma.gov/content/dam/ok/en/omes/documents/cap-official-consultants.xlsx,2026-09-11
Ethos Architects Inc dba KKT Architects,https://kktarchitects.com,Architecture,Tulsa,Oklahoma,Sarah,Gould,President/CEO,sarah.gould@kktarchitects.com,Named,Verified - Published Reliable Directory,Oklahoma official consultant registry (registered public contact),https://oklahoma.gov/content/dam/ok/en/omes/documents/cap-official-consultants.xlsx,2026-09-11
"Fitzgerald Associates Architects, Inc.",https://fitzarch.com,Architecture,Oklahoma City,Oklahoma,Cory,Whalin,Principal Architect,cwhalin@fitzarch.com,Named,Verified - Published Reliable Directory,Oklahoma official consultant registry (registered public contact),https://oklahoma.gov/content/dam/ok/en/omes/documents/cap-official-consultants.xlsx,2026-09-11
Fitzsimmons Architects PC,https://fitzsimmons-arch.com,Architecture,Oklahoma City,Oklahoma,Brian,Fitzsimmons,Owner,brian@fitzsimmons-arch.com,Named,Verified - Published Reliable Directory,Oklahoma official consultant registry (registered public contact),https://oklahoma.gov/content/dam/ok/en/omes/documents/cap-official-consultants.xlsx,2026-09-11
Forge Engineering LLC,https://forge-engineering.com,Engineering,Oklahoma City,Oklahoma,Kale,Harper,Principal,kale.harper@forge-engineering.com,Named,Verified - Published Reliable Directory,Oklahoma official consultant registry (registered public contact),https://oklahoma.gov/content/dam/ok/en/omes/documents/cap-official-consultants.xlsx,2026-09-11
"Frankfurt-Short-Bruza Associates, P.C.",https://fsb-ae.com,Construction / Design,Oklahoma City,Oklahoma,Laure,Majors,Principal,lmajors@fsb-ae.com,Named,Verified - Published Reliable Directory,Oklahoma official consultant registry (registered public contact),https://oklahoma.gov/content/dam/ok/en/omes/documents/cap-official-consultants.xlsx,2026-09-11
Aharonian & Associates Inc,https://arch-eng.com,Engineering,Smithfield,Rhode Island,John,Aharonian,,jaharonian@arch-eng.com,Named,Verified - Public Directory,State of Rhode Island purchasing vendor directory,https://www.purchasing.ri.gov/StateAgencyInfoCenter/DocsForms/Vendor_Contact_List.xlsx,2026-09-11
Arden Engineering Constructors LLC,https://ardeneng.com,Engineering / Contractor,Pawtucket,Rhode Island,Jeffery,Potter,,jpotter@ardeneng.com,Named,Verified - Public Directory,State of Rhode Island purchasing vendor directory,https://www.purchasing.ri.gov/StateAgencyInfoCenter/DocsForms/Vendor_Contact_List.xlsx,2026-09-11
Beta Group Inc,https://beta-inc.com,Engineering,Lincoln,Rhode Island,Christine,King,,cking@beta-inc.com,Named,Verified - Public Directory,State of Rhode Island purchasing vendor directory,https://www.purchasing.ri.gov/StateAgencyInfoCenter/DocsForms/Vendor_Contact_List.xlsx,2026-09-11
Blount Bennett Architects Ltd,https://bbaltd.com,Architecture,East Providence,Rhode Island,Janice,Steitz,,jsteitz@bbaltd.com,Named,Verified - Public Directory,State of Rhode Island purchasing vendor directory,https://www.purchasing.ri.gov/StateAgencyInfoCenter/DocsForms/Vendor_Contact_List.xlsx,2026-09-11
Brewster Thornton Group Architects,https://brewsterthornton.com,Architecture,Providence,Rhode Island,Barbara,Thornton,,barbarat@brewsterthornton.com,Named,Verified - Public Directory,State of Rhode Island purchasing vendor directory,https://www.purchasing.ri.gov/StateAgencyInfoCenter/DocsForms/Vendor_Contact_List.xlsx,2026-09-11
C & E Engineering Partners Inc,https://ceengineer.com,Engineering,Pawtucket,Rhode Island,Thomas,Nicholson,,tnicholson@ceengineer.com,Named,Verified - Public Directory,State of Rhode Island purchasing vendor directory,https://www.purchasing.ri.gov/StateAgencyInfoCenter/DocsForms/Vendor_Contact_List.xlsx,2026-09-11
Caputo & Wick Ltd,https://cwltd.net,Engineering,Rumford,Rhode Island,Betsy,Killam,,mail@cwltd.net,Role-Based,Verified - Public Directory,State of Rhode Island purchasing vendor directory,https://www.purchasing.ri.gov/StateAgencyInfoCenter/DocsForms/Vendor_Contact_List.xlsx,2026-09-11
Cataldo Associates Inc,https://cataldoeng.com,Engineering,Johnston,Rhode Island,Ralph,Cataldo,,rcataldo@cataldoeng.com,Named,Verified - Public Directory,State of Rhode Island purchasing vendor directory,https://www.purchasing.ri.gov/StateAgencyInfoCenter/DocsForms/Vendor_Contact_List.xlsx,2026-09-11
CDR Maguire Inc,https://cdrmaguire.com,Engineering,Providence,Rhode Island,Richard,Bernardo,,richard.bernardo@cdrmaguire.com,Named,Verified - Public Directory,State of Rhode Island purchasing vendor directory,https://www.purchasing.ri.gov/StateAgencyInfoCenter/DocsForms/Vendor_Contact_List.xlsx,2026-09-11
Coldmasters Temperature Control,https://coldmasters.com,Contractor,Providence,Rhode Island,Judah,Fickett,,judah@coldmasters.com,Named,Verified - Public Directory,State of Rhode Island purchasing vendor directory,https://www.purchasing.ri.gov/StateAgencyInfoCenter/DocsForms/Vendor_Contact_List.xlsx,2026-09-11
Commonwealth Engineers & Consultants,https://commonwealth-eng.com,Engineering,Providence,Rhode Island,Steven,Clarke,,sclarke@commonwealth-eng.com,Named,Verified - Public Directory,State of Rhode Island purchasing vendor directory,https://www.purchasing.ri.gov/StateAgencyInfoCenter/DocsForms/Vendor_Contact_List.xlsx,2026-09-11
Creative Environment Corp,https://cec-engineering.com,Engineering,East Providence,Rhode Island,Richard,Newell,,ssousa@cec-engineering.com,Named,Verified - Public Directory,State of Rhode Island purchasing vendor directory,https://www.purchasing.ri.gov/StateAgencyInfoCenter/DocsForms/Vendor_Contact_List.xlsx,2026-09-11
Crossman Engineering Inc,https://crossmaneng.com,Engineering,Warwick,Rhode Island,Steven,Cabral,,stevec@crossmaneng.com,Named,Verified - Public Directory,State of Rhode Island purchasing vendor directory,https://www.purchasing.ri.gov/StateAgencyInfoCenter/DocsForms/Vendor_Contact_List.xlsx,2026-09-11
DiPrete Engineering Associates Inc,https://diprete-eng.com,Engineering,Cranston,Rhode Island,Dennis,Diprete,,dennis@diprete-eng.com,Named,Verified - Public Directory,State of Rhode Island purchasing vendor directory,https://www.purchasing.ri.gov/StateAgencyInfoCenter/DocsForms/Vendor_Contact_List.xlsx,2026-09-11
Durkee Brown Viveiros & Werenfels,https://durkeebrown.com,Architecture,Providence,Rhode Island,Douglas,Brown,,dbrown@durkeebrown.com,Named,Verified - Public Directory,State of Rhode Island purchasing vendor directory,https://www.purchasing.ri.gov/StateAgencyInfoCenter/DocsForms/Vendor_Contact_List.xlsx,2026-09-11
Engineering Design Services Inc,https://edesignservice.com,Engineering,Slatersville,Rhode Island,John,Gibbons,,jgibbons@edesignservice.com,Named,Verified - Public Directory,State of Rhode Island purchasing vendor directory,https://www.purchasing.ri.gov/StateAgencyInfoCenter/DocsForms/Vendor_Contact_List.xlsx,2026-09-11
ESS Group Inc,https://essgroup.com,Engineering,East Providence,Rhode Island,Elizabeth,Gowell,,lgowell@essgroup.com,Named,Verified - Public Directory,State of Rhode Island purchasing vendor directory,https://www.purchasing.ri.gov/StateAgencyInfoCenter/DocsForms/Vendor_Contact_List.xlsx,2026-09-11
Fletcher Thompson Architect & Engineer,https://ftae.com,Architecture / Engineering,Providence,Rhode Island,Christopher,McMahan,,cmcmahan@ftae.com,Named,Verified - Public Directory,State of Rhode Island purchasing vendor directory,https://www.purchasing.ri.gov/StateAgencyInfoCenter/DocsForms/Vendor_Contact_List.xlsx,2026-09-11
