day,lane,company,contact_name,title,email,website,city,state,segment,project_signal,source_url
4,public,4RM+ULA,,,info@4rmula.com,4rmula.com,St. Paul,MN,architect,info@4rmula.com published on official Contact page; St. Paul office 370 Wabasha St N,https://4rmula.com/contact/
5,public,757 Building Company,,,info@757building.com,757building.com,Smithfield,VA,luxury_builder,info@757building.com — Site footer lists general contact inbox (source: https://www.757building.com/resources/),https://www.757building.com/resources/
1,public,A Parallel Architecture,,,info@aparallel.com,aparallel.com,Austin,TX,architect,info@aparallel.com — Published general email in site footer; luxury residential and commercial architects (source: https://www.aparallel.com/residential/projects/retama-house),https://www.aparallel.com/residential/projects/retama-house
2,public,AAMT Design Studio,,,info@aamtstudio.com,aamtstudio.com,Miami,FL,architect,Miami architecture studio led by principals Abdul Allam and Quincy Brown; info@aamtstudio.com published on its own About page,https://www.aamtstudio.com/about-innovative-architectural-design
3,public,AMR Architects Inc,,,amr@amr-architects.com,amr-architects.com,Little Rock,AR,architect,"amr@amr-architects.com — Women & minority owned firm; mixed-use, commercial, civic and higher-education design (source: https://www.amr-architects.com/projects/little-rock-downtown-master-plan-)",https://www.amr-architects.com/projects/little-rock-downtown-master-plan-
4,public,AO Services,,,info@ao-tx.com,ao-tx.com,Austin,TX,gc,"info@ao-tx.com — Austin civil/commercial GC (amenity centers, developments); email on own contact page (source: https://www.ao-tx.com/contact-us)",https://www.ao-tx.com/contact-us
5,public,"AOW Construction, LLC",,,info@aowconstruction.com,aowconstruction.com,Albany,NY,gc,"Own homepage publishes info@aowconstruction.com with 30 Essex St, Albany address",http://aowconstruction.com/
6,public,ASW Hobart Construction,,,contact@ASWHobart.com,aswhobart.com,Philadelphia,PA,luxury_builder,contact@ASWHobart.com — General email published on company website (source: https://aswhobart.com/luxury-home-renovations-philadelphia/),https://aswhobart.com/luxury-home-renovations-philadelphia/
1,public,Alca Renovations,,,info@alcarenovations.com,alcarenovations.com,New York,NY,gc,info@alcarenovations.com listed on official company page: http://alcarenovations.com/,http://alcarenovations.com/
2,public,Alfonso Architects,,,info@alfonsoarchitects.com,alfonsoarchitects.com,Tampa,FL,architect,"info@alfonsoarchitects.com — info@ published on own homepage; Tampa HQ at 2000 E 11th Ave, full-service architecture firm (source: https://alfonsoarchitects.com/)",https://alfonsoarchitects.com/
3,public,Allen Construction,,,social@buildallen.com,buildallen.com,Santa Barbara,CA,luxury_builder,"social@buildallen.com — 100% employee-owned custom home builder, 40 yrs, $500k-$10M projects (source: https://static1.squarespace.com/static/5c4a7065b10598e11dbf4d1b/t/5fe12c0c7863ed53a3eb1aeb/1608592396375/Allen+Construction+CCPA.pdf)",https://static1.squarespace.com/static/5c4a7065b10598e11dbf4d1b/t/5fe12c0c7863ed53a3eb1aeb/1608592396375/Allen+Construction+CCPA.pdf
4,public,Allied Works Architecture,,,info@alliedworks.com,alliedworks.com,Portland,OR,architect,info@alliedworks.com listed on official company page: https://alliedworks.com/people,https://alliedworks.com/people
5,public,AltusWorks,,,altus-info@altusworks.com,altusworks.com,Chicago,IL,architect,altus-info@altusworks.com listed on official company page: https://altusworks.com/contact/,https://altusworks.com/contact/
6,public,America's General Contracting,,,info@americasgeneralcontracting.com,americasgeneralcontracting.com,Dallas,TX,gc,info@americasgeneralcontracting.com published in Office footer block; Dallas general contractor and remodeler,https://americasgeneralcontracting.com/5x10-bathroom-remodel-cost/
1,public,Andersson/Wise Architects,,,info@anderssonwise.com,anderssonwise.com,Austin,TX,architect,info@anderssonwise.com — Austin design studio (W Hotel/ACL Moody Theatre); info email on own contact page (source: https://www.anderssonwise.com/contact),https://www.anderssonwise.com/contact
3,public,Anthony Wilder Design/Build,,,info@anthonywilder.com,anthonywilder.com,Cabin John,MD,luxury_builder,Privacy policy on company site publishes info@anthonywilder.com; full-service design-build in MD/DC/VA since 1990,https://anthonywilder.com/privacy-policy/
5,public,Architects West,,,awinc@architectswest.com,architectswest.com,Spokane,WA,architect,awinc@architectswest.com — Spokane office; general contact email visibly published on company contact page (source: http://www.architectswest.com/contact/),http://www.architectswest.com/contact/
6,public,Architectural Resources,,,buffalo@archres.com,archres.com,Buffalo,NY,architect,buffalo@archres.com published on firm’s own website (Buffalo office contact),https://www.archres.com/higher-education-new/
1,public,Asher Management Group,Michael Lyons,Principal,mike@ashersgrp.com,ashersgrp.com,Paradise Valley,AZ,luxury_builder,"mike@ashersgrp.com published on website; 11,400 SF Camelback Corridor Residence in portfolio",https://ashersgrp.com/
3,public,Atelier Drome,,,info@atelierdrome.com,atelierdrome.com,Seattle,WA,architect,info@atelierdrome.com — Woman-owned Seattle architecture/interior design firm; general-contact email published on company site (source: https://www.atelierdrome.com/consultation-booked),https://www.atelierdrome.com/consultation-booked
4,public,Aubuchon Homes,Gary Aubuchon,President & CEO,info@aubuchonhomes.com,aubuchonhomes.com,Cape Coral,FL,luxury_builder,"info@aubuchonhomes.com — 30+ year Southwest Florida custom home builder; Cape Coral Yacht Club custom estates, Bonita Springs-Naples to Cape Coral (source: https://aubuchonhomes.com/about/frequently-asked-custom-home-questions/)",https://aubuchonhomes.com/about/frequently-asked-custom-home-questions/
5,public,Avatar Design Build,,,info@avatardesignbuild.com,avatardesignbuild.com,Forest Glen,MD,luxury_builder,Contact page publishes info@avatardesignbuild.com; design-build firm in Forest Glen MD,https://www.avatardesignbuild.com/contact-4
6,public,B.A. Worthing,,,info@thisisbawinc.com,thisisbawinc.com,Carlsbad,CA,luxury_builder,info@thisisbawinc.com — Design-build custom luxury homes; 45 years family-owned in North County San Diego (source: https://www.thisisbawinc.com/contact/),https://www.thisisbawinc.com/contact/
1,public,BAF Corporation,,,info@bafcorp.com,bafcorp.com,Indianapolis,IN,gc,info@bafcorp.com — Indianapolis commercial construction contractor (source: https://www.bafcorp.com/contact-us.php),https://www.bafcorp.com/contact-us.php
2,public,BEAR Construction Company,,,info@BEARcc.com,bearcc.com,Chicago,IL,gc,info@BEARcc.com listed on official company page: https://bearcc.com/news/chief-engineer-magazine-feature-story-on-bear-construction/,https://bearcc.com/news/chief-engineer-magazine-feature-story-on-bear-construction/
5,public,BLOM Design Studio,,,hello@blomdesignstudio.com,blomdesignstudio.com,Greenville,SC,architect,hello@blomdesignstudio.com published on company contact page,https://www.blomdesignstudio.com/contact
2,public,"BPF Design, Inc.",Brian P. Fredley,President & CEO,info@BPFdesign.com,bpfdesign.com,Daytona Beach,FL,architect,"info@BPFdesign.com — Daytona Beach architecture firm (commercial, residential, mixed-use, medical); team: Brian P. Fredley, President & CEO (source: https://www.excellentcontractor.com/50628/bpf-design)",https://www.excellentcontractor.com/50628/bpf-design
4,public,BRW Architects,,,hello@brwarch.com,brwarch.com,Dallas,TX,architect,"hello@brwarch.com — Dallas HQ architecture firm; multifamily, education, civic portfolio (source: https://www.brwarch.com/terms-of-use/)",https://www.brwarch.com/terms-of-use/
5,public,BTI Partners,,,info@btipartners.com,btipartners.com,Fort Lauderdale,FL,developer,info@btipartners.com published on firm's own website; Fort Lauderdale developer,https://btipartners.com/privacy-policy/page/5/
6,public,Ball Ventures,,,info@ballventures.com,ballventures.com,Idaho Falls,ID,developer,"info@ballventures.com — Idaho Falls real estate developer (retail, multifamily, commercial investments); active projects incl. Killeen Marketplace (source: https://ballventures.com/contact-us/)",https://ballventures.com/contact-us/
1,public,Bassenian Lagoni,,,info@bassenianlagoni.com,bassenianlagoni.com,Irvine,CA,architect,info@bassenianlagoni.com listed on official company page: https://www.bassenianlagoni.com/contact,https://www.bassenianlagoni.com/contact
2,public,Bassetti Architects,,,studiobassetti@bassettiarch.com,bassettiarch.com,Seattle,WA,architect,"studiobassetti@bassettiarch.com — Legacy PNW firm; civic, education, preservation projects (source: https://www.bassettiarch.com/studiobassetti)",https://www.bassettiarch.com/studiobassetti
4,public,Baylis Architects,,,admin@baylisarchitects.com,baylisarchitects.com,Bellevue,WA,architect,Bellevue firm (50+ years); General Information contact admin@baylisarchitects.com on own contact page,https://BaylisArchitects.com/contacts.html
5,public,Baysinger Hensley Design Group,,,BHDG@BHDGarchitects.com,bhdgarchitects.com,Nashville,TN,architect,BHDG@BHDGarchitects.com — General BHDG@ mailbox published on company contact page; Nashville branch at 3322 West End Ave (source: https://bhdgarchitects.com/contact-bhdg-architecture-interiors/),https://bhdgarchitects.com/contact-bhdg-architecture-interiors/
6,public,Beck Building Company,,,Info@beckbuilds.com,beckbuilds.com,Denver,CO,luxury_builder,"Info@beckbuilds.com — 50+ years luxury custom home building in Vail, Aspen, Denver and Boulder; 2022 Mountain Living Top Mountain Builder; general email published on contact page (source: https://beckbuilds.com/contact/)",https://beckbuilds.com/contact/
2,public,Becker Studios,,,frontdesk@beckercon.com,beckerstudiosinc.com,Santa Barbara,CA,luxury_builder,"frontdesk@beckercon.com — Santa Barbara luxury design-build; Montecito estates, commercial; email published in site footer (source: http://beckerstudiosinc.com/)",http://beckerstudiosinc.com/
3,public,Belle Firma,,,info@bellefirma.com,bellefirma.com,Dallas,TX,architect,info@bellefirma.com — Dallas landscape architecture firm serving commercial real estate professionals (source: https://www.bellefirma.com/contact/),https://www.bellefirma.com/contact/
5,public,Bellwood NY Inc,,,info@bellwoodcm.com,bellwoodcm.com,Brooklyn,NY,gc,"info@bellwoodcm.com — Commercial design-build GC; hospitality/restaurants, senior living, retail across NYC & North Jersey (source: https://www.bellwoodcm.com/general-contractor-queens-ny)",https://www.bellwoodcm.com/general-contractor-queens-ny
6,public,Benchmark Builders,,,info@benchmarkbuilders.com,benchmarkbuilders.com,Wilmington,DE,gc,info@benchmarkbuilders.com — General contact email published in company-hosted privacy policy (source: https://www.benchmarkbuilders.com/privacy-policy),https://www.benchmarkbuilders.com/privacy-policy
1,public,Benchmark General Contractors,,,jmanos@benchmark-gc.com,benchmark-gc.com,Fort Myers,FL,gc,jmanos@benchmark-gc.com — General contact email published on company contact page (source: https://www.benchmark-gc.com/contact),https://www.benchmark-gc.com/contact
2,public,Bennett Partners,,,info@bennett.partners,bennett.partners,Fort Worth,TX,architect,info@bennett.partners — Fort Worth architecture firm; general contact email visibly published on company contact page (source: https://bennett.partners/contact/),https://bennett.partners/contact/
3,public,Benson Homes,,,info@bensonhomes.com,bensonhomes.com,Virginia Beach,VA,luxury_builder,Own site publishes info@bensonhomes.com; custom builder/remodeler in Virginia Beach,https://www.bensonhomes.com/blogbensonhomes/from-traditional-ranch-to-coastal-cottage-in-bay-colony-virginia-beach
4,public,Berger Partnership,,,info@bergerpartnership.com,bergerpartnership.com,Seattle,WA,architect,Landscape architecture and urban design firm; info@bergerpartnership.com listed on company Contact page,https://bergerpartnership.com/contact/
5,public,Bespoke Builder,,,info@bespokebuilder.com,bespokebuilder.com,McLean,VA,luxury_builder,Company site publishes info@bespokebuilder.com; luxury home builder in McLean VA,https://www.bespokebuilder.com/terms-of-service
6,public,"Better Enterprises, Inc.",,,info@BetterEnterprisesInc.com,betterenterprisesinc.com,Fresno,CA,gc,"info@BetterEnterprisesInc.com — Public-works/education GC; City of Fresno awarded it the $205,853 Lafayette Park Restroom Renovation (June 2025) (source: https://betterenterprisesinc.com/)",https://betterenterprisesinc.com/
1,public,Beyer Blinder Belle,,,info@bbbarch.com,beyerblinderbelle.com,New York,NY,architect,"Lists info@bbbarch.com as monitored for legal, privacy, and general inquiries",https://www.beyerblinderbelle.com/privacy-policy/
5,public,Bisbano,,,info@bisbano.com,bisbano.com,Providence,RI,architect,Lists info@bisbano.com on homepage,https://www.bisbano.com/
6,public,Black Squirrel Construction,,,info@blacksquirrelconstruction.com,blacksquirrelconstruction.com,New York,NY,gc,info@blacksquirrelconstruction.com listed on official company page: https://blacksquirrelconstruction.com/contact-us,https://blacksquirrelconstruction.com/contact-us
1,public,BlackPine Communities,,,contact@blackpinecommunities.com,blackpinecommunities.com,Sacramento,CA,luxury_builder,contact@blackpinecommunities.com listed on official company page: http://www.blackpinecommunities.com/contact,http://www.blackpinecommunities.com/contact
2,public,Blalock & Partners,,,admin@blalockandpartners.com,blalockandpartners.com,Salt Lake City,UT,architect,admin@blalockandpartners.com — Business/career email published on own studio page; 2025 AIA Utah Honor Award (Spanish Fork Community Network) (source: https://www.blalockandpartners.com/studio),https://www.blalockandpartners.com/studio
3,public,Block & Company,,,info@blockandco.com,blockandco.com,Kansas City,MO,developer,info@blockandco.com published on company press release page,https://www.blockandco.com/kc/news/display=257
4,public,Bontrager Builders Group,,,office@bontragerbuildersgroup.com,bontragerbuildersgroup.com,Pensacola,FL,luxury_builder,"office@bontragerbuildersgroup.com — One of Northwest Florida premier luxury custom homebuilders since 1994; residential, commercial, and luxury remodeling (source: https://bontragerbuildersgroup.com/news/page/3/)",https://bontragerbuildersgroup.com/news/page/3/
5,public,Bora Architecture & Interiors,,,info@bora.co,bora.co,Portland,OR,architect,info@bora.co listed on official company page: https://bora.co/contact/,https://bora.co/contact/
6,public,Breitner Architecture,,,info@breitarch.com,breitarch.com,Fort Lauderdale,FL,architect,Healthcare architecture firm led by Daniel Breitner AIA; info@breitarch.com published on its own site,https://breitarch.com/
1,public,Brick Tech Contracting Corp,,,bricktechnyc@gmail.com,bricktechnyc.com,Brooklyn,NY,gc,"bricktechnyc@gmail.com — GC & masonry/exterior contractor; all five boroughs, FISP/local-law-11 facade restoration (source: https://bricktechnyc.com/general-contractor-brooklyn-ny/)",https://bricktechnyc.com/general-contractor-brooklyn-ny/
2,public,Brije Homes,,,wendy@brije.com,brije.com,Ocala,FL,luxury_builder,wendy@brije.com — 2025 Marion County Builder of the Year; first builder to break ground at IronCrest (Ocala) (source: https://featured.brije.com/),https://featured.brije.com/
3,public,Building Studio Architects,,,office@buildingstudio.com,buildingstudio.com,New York,NY,architect,"office@buildingstudio.com — Manhattan architecture/interiors firm; 494 8th Ave, contact published on firm site (source: https://www.buildingstudio.com/contact)",https://www.buildingstudio.com/contact
4,public,Butler Armsden,,,info@butlerarmsden.com,butlerarmsden.com,San Francisco,CA,architect,info@butlerarmsden.com listed on official company page: https://images.butlerarmsden.com/pages/Studio-Careers/2025DEI_Report.pdf,https://images.butlerarmsden.com/pages/Studio-Careers/2025DEI_Report.pdf
5,public,Byrd Design and Build,,,info@byrddb.com,byrddb.com,Cockeysville,MD,luxury_builder,Premier custom home builder serving DE/MD/DC; luxurious custom homes; own site publishes info@byrddb.com,https://www.byrddb.com/custom-home-builder-delaware/
6,public,C&C Custom Builders,,,info@candccustombuilders.com,candccustombuilders.com,Green Bay,WI,luxury_builder,info@candccustombuilders.com listed on official company page: https://www.cnc.homes/,https://www.cnc.homes/
1,public,C.N. Carley Associates,,,design@cncarley.com,cncarley.com,Concord,NH,architect,Lists design@cncarley.com on website,http://www.cncarley.com/Ask%20the%20A.htm
2,public,CCC - Commercial Contracting,,,info@cccnetwork.com,cccnetwork.com,Detroit,MI,gc,info@cccnetwork.com — Commercial general contractor with Detroit office (source: https://www.cccnetwork.com/contact/),https://www.cccnetwork.com/contact/
3,public,CDH Partners,,,hello@cdhpartners.com,cdhpartners.com,Atlanta,GA,architect,"hello@cdhpartners.com published on company contact page; woman-owned architecture + interior design firm (est. 1977), Atlanta + Savannah offices; CEO Melissa Cantrell",http://cdhpartners.com/contact/
4,public,CIDA Inc,,,info@cidainc.com,cidainc.com,Portland,OR,architect,info@cidainc.com listed on official company page: https://cidainc.com/portlands-best-architecture-firms/,https://cidainc.com/portlands-best-architecture-firms/
5,public,CM Company,,,info@cmcompany.com,cmcompany.com,Boise,ID,gc,info@cmcompany.com listed on official company page: https://cmcompany.com/contact-cm-company/,https://cmcompany.com/contact-cm-company/
6,public,CM Ragusa Builders,,,info@cmragusa.com,cmragusa.com,Seabrook,NH,luxury_builder,info@cmragusa.com — Company website footer publishes general email (source: https://cmragusa.com),https://cmragusa.com
1,public,CNY Group,,,connect@cnygroup.com,cnygroup.com,Manhattan,NY,gc,connect@cnygroup.com published on cnygroup.com homepage,http://cnygroup.com/
2,public,CRV Homes,,,sales@crvhomes.com,crvhomes.com,Houston,TX,luxury_builder,sales@crvhomes.com — Houston custom build-on-your-lot builder; sales email on own site (source: https://www.crvhomes.com),https://www.crvhomes.com
3,public,Cabrillo Economic Development Corporation,,,info@cabrilloedc.org,cabrilloedc.org,Ventura,CA,developer,"info@cabrilloedc.org — Camino De Salud: 49 units of supportive affordable housing in Ojai Valley; financing closed, construction began March 2026 (source: https://www.cabrilloedc.org/careers/)",https://www.cabrilloedc.org/careers/
4,public,"Cain Development, LLC",,,info@caindevelopment.org,caindevelopment.org,Ooltewah,TN,luxury_builder,info@caindevelopment.org published on company homepage,https://www.caindevelopment.org/
5,public,Capano Management,,,leasing@capanoinc.com,capanomanagement.com,Wilmington,DE,developer,Company property flyers publish leasing@capanoinc.com as general inbox,https://www.capanomanagement.com/wp-content/uploads/2017/12/6684_Brandywine_Capano_2sided_converted.pdf
6,public,"Cape Dreams Building & Design, LLC",,,info@capedreamsbd.com,capedreamsbd.com,Brewster,MA,luxury_builder,info@capedreamsbd.com — Company website footer publishes general email (source: https://capedreamsbd.com),https://capedreamsbd.com
1,public,Cardel Development,,,Info@CardelDevelopment.com,cardeldevelopment.com,Bridgehampton,NY,luxury_builder,Info@CardelDevelopment.com — Luxury home builder in the Hamptons; new construction and renovation services (source: https://www.cardeldevelopment.com/contact),https://www.cardeldevelopment.com/contact
2,public,Carleton Hart Architecture,,,info@carletonhart.com,carletonhart.com,Portland,OR,architect,"info@carletonhart.com — Portland community-centered architecture firm founded 1994; affordable housing, shelters, historic, institutional; Plambeck Gardens Tualatin (source: https://www.carletonhart.com/accessibility-statement)",https://www.carletonhart.com/accessibility-statement
3,public,Carlton Edwards,,,info@carlton-edwards.com,carlton-edwards.com,Nashville,TN,architect,info@carlton-edwards.com shown on firm's own Nashville studio page (luxury custom residential architecture & interiors),https://carlton-edwards.com/nashville/
4,public,Carroll Construction,,,Office@besthomeinthesouth.com,besthomeinthesouth.com,Baton Rouge,LA,luxury_builder,"Office@besthomeinthesouth.com — Design-build custom homes, Baton Rouge/East Feliciana (source: https://besthomeinthesouth.com/contact/)",https://besthomeinthesouth.com/contact/
5,public,Castle Builders,,,info@castlebldrs.com,castlebldrs.com,Schaumburg,IL,luxury_builder,"info@castlebldrs.com — Available Homes page lists 1492 Willow Rd, Schaumburg as AVAILABLE (source: http://castlebldrs.com/contact/)",http://castlebldrs.com/contact/
6,public,Cauldwell Wingate,,,Sales@cwingate.com,cauldwellwingate.com,New York,NY,gc,Lists Sales@cwingate.com on contact page,https://www.cauldwellwingate.com/contact
1,public,Centric Architecture,,,info@centricarchitecture.com,centricarchitecture.com,Nashville,TN,architect,"info@centricarchitecture.com — Published info@ inbox on company site; 65-year Nashville firm, adaptive reuse/multifamily (source: https://www.centricarchitecture.com/news/hiring-project-architect)",https://www.centricarchitecture.com/news/hiring-project-architect
2,public,Chambless King Architects,,,info@chamblessking.com,chamblessking.com,Montgomery,AL,architect,info@chamblessking.com — Firm publishes general-inquiries email on own site; Montgomery + Birmingham offices (source: http://www.chamblessking.com/office),http://www.chamblessking.com/office
4,public,Chris Gorman Homes,,,chris@chrisgormanhomes.com,chrisgormanhomes.com,Cincinnati,OH,luxury_builder,chris@chrisgormanhomes.com — Custom home builder serving Cincinnati luxury neighborhoods (source: http://chrisgormanhomes.com/home-builders-in-ohio/),http://chrisgormanhomes.com/home-builders-in-ohio/
6,public,Clifton Development Group,,,info@cliftondevelopmentgroup.com,cliftondevelopmentgroup.com,Albany,NY,gc,info@cliftondevelopmentgroup.com — Licensed insured GC serving the Capital Region since 2010; 500+ projects completed; office fit-outs and additions (source: https://cliftondevelopmentgroup.com/general-contractor-albany-ny/),https://cliftondevelopmentgroup.com/general-contractor-albany-ny/
2,public,Coconut Bay Construction,Matt Krupka,President,office@coconutbayconstruction.com,coconutbayconstruction.com,Cape Coral,FL,luxury_builder,office@coconutbayconstruction.com — Cape Coral custom home builder since 2005; boutique custom-home building process for waterfront and luxury homes (source: https://www.coconutbayconstruction.com/cape-coral-custom-home-builder/),https://www.coconutbayconstruction.com/cape-coral-custom-home-builder/
3,public,Colarelli Construction,,,info@colarelliconstruction.com,colarelliconstruction.com,Colorado Springs,CO,gc,info@colarelliconstruction.com — Colorado Springs GC since 2003; active affordable housing work incl. Sumner House (95 units at 30-60% AMI) and Wendy's Village; 72 projects over past 3 years (source: https://www.colarelliconstruction.com/wp-content/uploads/Subcontractor-Pre-Qualification-Form-2024-For-Subs.pdf),https://www.colarelliconstruction.com/wp-content/uploads/Subcontractor-Pre-Qualification-Form-2024-For-Subs.pdf
4,public,Colas Construction,,,info@colasconstruction.com,colasconstruction.com,Portland,OR,gc,info@colasconstruction.com — Portland GC founded 1997 by Hermann Colas Jr.; Oregon's Most Admired Cos 2018-2021; 206-unit 3000 SE Powell apartments bid activity (source: https://colasconstruction.com/contact/),https://colasconstruction.com/contact/
5,public,Colombo Construction Company,,,info@colomboconstruction.com,colomboconstruction.com,Bakersfield,CA,gc,General contractor in Bakersfield; Email: info@colomboconstruction.com published on company contact page,https://www.colomboconstruction.com/contact-us-bakersfield/
6,public,Commonwealth Contractors,,,office@commonwealthcontracts.com,commonwealthcontracts.com,Charlottesville,VA,gc,"Charlottesville GC for additions, major renovations, historic preservation; own site publishes office@commonwealthcontracts.com",https://www.commonwealthcontracts.com/about-us
1,public,Construction Management & Consulting Group LLC,,,info@cmcg.llc,cmcg.llc,Bakersfield,CA,gc,"info@cmcg.llc — Bakersfield GC: premium outdoor living, remodels, pool design/build; CSLB #1141506; email on company site (source: https://cmcg.llc)",https://cmcg.llc
2,public,Constructive Solutions,,,info@solutionsgc.com,solutionsgc.com,San Francisco,CA,gc,"Commercial GC; info@solutionsgc.com published in its site footer (351 California St, SF)",https://www.solutionsgc.com
3,public,Cook Bonner Ebeling Construction,,,info@cookbonner.com,cookbonner.com,Mount Pleasant,SC,luxury_builder,info@cookbonner.com — Custom residential luxury construction and design/build in greater Charleston; general inbox published on company contact page (source: https://cookbonner.com/contact-us),https://cookbonner.com/contact-us
4,public,Corrado Construction Company,,,info@corradoconstruction.com,corradoconstruction.com,New Castle,DE,gc,info@corradoconstruction.com listed on official company page: https://corradoconstruction.com/contact/,https://corradoconstruction.com/contact/
5,public,Costa Homebuilders,,,info@costahomebuilders.com,costahomebuilders.com,Pittsburgh,PA,luxury_builder,info@costahomebuilders.com published on firm’s own contact page,https://www.costahomebuilders.com/contact-us/
1,public,Crane Builders LLC,,,sales@cranebuildersms.com,msgulfcoastbuilders.com,Waveland,MS,luxury_builder,sales@cranebuildersms.com — Gulf Coast builder; documented new-build and renovation process (source: https://msgulfcoastbuilders.com/wp-content/uploads/2022/08/Working-With-Crane-Builders-LLC.pdf),https://msgulfcoastbuilders.com/wp-content/uploads/2022/08/Working-With-Crane-Builders-LLC.pdf
2,public,Crestwood Custom Homes,,,info@CrestwoodKC.com,crestwoodkc.com,Kansas City,KS,luxury_builder,KC-metro custom home builder; info@CrestwoodKC.com published on company site,https://crestwoodkc.com/catalina/
5,public,DAC Developments,,,info@dacdevelopments.com,dacdevelopments.com,Chicago,IL,developer,info@dacdevelopments.com listed on official company page: https://dacdevelopments.com/,https://dacdevelopments.com/
6,public,DAHLIN,,,sandiego@dahlingroup.com,dahlingroup.com,San Diego,CA,architect,"sandiego@dahlingroup.com — 180+ person architecture/planning/interiors practice; San Diego office at 501 W Broadway; homebuilding, multifamily and mixed-use sectors; office inbox visibly published on company contact page (source: https://www.DahlinGroup.com/contact/san-diego)",https://www.DahlinGroup.com/contact/san-diego
1,public,DAS Architects,,,vketcham@dasarchitects.com,dasarchitects.com,Philadelphia,PA,architect,vketcham@dasarchitects.com — vketcham@ published on own contact page with Philadelphia address (source: https://dasarchitects.com/contact-das/),https://dasarchitects.com/contact-das/
2,public,DES Home Renovations,,,Info@Deshomerenovations.com,deshomerenovations.com,Hamilton,NJ,luxury_builder,Info@Deshomerenovations.com — General email published on company website contact page (source: https://www.deshomerenovations.com/contact/),https://www.deshomerenovations.com/contact/
3,public,DFW CAD Services,,,info@dfwcad.com,dfwcad.com,Mansfield,TX,gc,"info@dfwcad.com published in homepage CONTACT section; Mansfield design-build general contractor, est. 2006",http://www.dfwcad.com/
4,public,Dabar Home Builders,,,info@dabarhomebuilders.com,dabarhomebuilders.com,Millsboro,DE,luxury_builder,Locally owned custom builder in Millsboro DE; 2-3 homes/yr in Sussex & Kent Counties; own site publishes info@dabarhomebuilders.com under 'Email Us',https://dabarhomebuilders.com/
6,public,Dan Roth Custom Homes,,,dan@danrothcustomhomes.com,danrothcustomhomes.com,Sugar Land,TX,luxury_builder,dan@danrothcustomhomes.com — Sugar Land luxury custom home builder; general email on own contact page (source: https://www.danrothcustomhomes.com/contact/),https://www.danrothcustomhomes.com/contact/
1,public,Daniel Builders,,,info@danielbuilders.com,danielbuilders.com,Anderson,SC,gc,info@danielbuilders.com published on company get-started page,https://www.danielbuilders.com/get-started
2,public,Davidon Homes,,,Sales@DavidonHomes.com,davidson.com,Walnut Creek,CA,luxury_builder,Sales@DavidonHomes.com listed on official company page: https://davidson.com/contact/,https://davidson.com/contact/
3,public,Dawn Christine Architect,,,engage@dawnchristine.net,dawnchristine.net,West Palm Beach,FL,architect,engage@dawnchristine.net — West Palm Beach residential and commercial architect with 25+ years experience; engage@ published on own site (source: https://www.dawnchristine.net/architect-west-palm-beach-fl),https://www.dawnchristine.net/architect-west-palm-beach-fl
4,public,DeltaMax General Contractor,,,info@deltamaxgc.com,deltamaxgc.com,Pensacola,FL,gc,info@deltamaxgc.com — Residential and commercial GC across the Florida Panhandle (source: https://deltamaxgc.com/florida-home-builder/),https://deltamaxgc.com/florida-home-builder/
6,public,Design Tech Homes,,,info@dth.com,dth.com,The Woodlands,TX,luxury_builder,info@dth.com — Custom home builder; general email published on own site privacy/contact page (source: https://www.dth.com/about/),https://www.dth.com/about/
1,public,DesignBlendz,,,info@designblendz.com,designblendz.com,Philadelphia,PA,architect,info@designblendz.com — info@ published on company website (source: https://www.designblendz.com/blog/7-reliable-architects-in-philadelphia),https://www.designblendz.com/blog/7-reliable-architects-in-philadelphia
3,public,Dimension IV Madison Design Group,,,info@dimensionivmadison.com,dimensionivmadison.com,Madison,WI,architect,info@dimensionivmadison.com — 25-person firm incl. 8 licensed architects; Badger Rock Center architect of record (source: https://www.dimensionivmadison.com/contact/),https://www.dimensionivmadison.com/contact/
4,public,Dimit Architects,,,contact@dimitarchitects.com,dimitarchitects.com,Cleveland,OH,architect,contact@dimitarchitects.com — Cleveland architecture studio in Ohio City Lakewood area (source: https://www.dimitarchitects.com/contact/),https://www.dimitarchitects.com/contact/
5,public,Dominion Custom Homes,,,info@dominioncustomhomes.com,dominioncustomhomes.com,Charlottesville,VA,luxury_builder,Charlottesville area's premier custom home builder; energy-efficient custom homes; own site footer publishes info@dominioncustomhomes.com,http://www.dominioncustomhomes.com/
6,public,Dondlinger Construction,,,info@dondlinger.build,dondlinger.build,Wichita,KS,gc,info@dondlinger.build published on company case-study page,https://dondlinger.build/case-study/the-epic-center/
2,public,Dwell Development,,,info@dwelldevelopment.com,dwelldevelopment.com,Seattle,WA,luxury_builder,Award-winning green home builder (Seattle); general inbox info@dwelldevelopment.com published on company Projects page,https://www.dwelldevelopment.com/all-projects/current-projects/
3,public,Dwyer Architectural,,,info@dwyerarch.com,dwyerarch.com,Syracuse,NY,architect,info@dwyerarch.com — info@ published on own contact page with Syracuse address (source: https://dwyerarch.com/contact/),https://dwyerarch.com/contact/
5,public,"E.J. Jaxtimer Builder, Inc.",,,info@jaxtimer.com,jaxtimer.com,Hyannis,MA,luxury_builder,info@jaxtimer.com — Company website footer publishes general email (source: https://jaxtimer.com),https://jaxtimer.com
6,public,EGH Architects,,,info@egh.ms,eleyguildhardy.com,Jackson,MS,architect,"info@egh.ms — Mississippi full-service design firm, offices Biloxi + Jackson (source: https://eleyguildhardy.com/contact/)",https://eleyguildhardy.com/contact/
1,public,ESG Architecture & Design,,,info@esgarch.com,esgarch.com,Minneapolis,MN,architect,info@esgarch.com published on About page,https://esgarch.com/about/
3,public,EW Howell Construction Group,,,info@ewhowell.com,ewhowell.com,Plainview,NY,gc,Lists info@ewhowell.com for general inquiries on contact page,https://ewhowell.com/contact/
4,public,EYRC Architects,,,info@eyrc.com,eyrc.com,San Francisco,CA,architect,info@eyrc.com listed on official company page: https://www.eyrc.com/contact,https://www.eyrc.com/contact
5,public,EZ Modern Homes,John Kyzar,Founder,info@ezmodernhomes.com,ezmodernhomes.com,Pensacola,FL,luxury_builder,info@ezmodernhomes.com — Veteran-owned fully custom home builder founded 2018; fixed-price custom homes across the Florida Panhandle (source: https://ezmodernhomes.com/about),https://ezmodernhomes.com/about
6,public,Eco Home Builders,,,info@ecohomebuildersinc.com,ecohomebuildersinc.com,San Diego,CA,gc,General contact email info@ecohomebuildersinc.com published on own contact page,https://www.ecohomebuildersinc.com/home-contractors-san-diego/
1,public,Eden Restorations,,,info@edenrestorations.com,edenrestorations.com,Santa Barbara,CA,gc,"info@edenrestorations.com — Licensed GC: remodels, historical restorations, new construction, ADUs; email published on company site (source: https://edenrestorations.com/)",https://edenrestorations.com/
2,public,Edmonds + Lee,,,info@edmondslee.com,edmondslee.com,San Francisco,CA,architect,info@edmondslee.com listed on official company page: https://www.edmondslee.com/contact,https://www.edmondslee.com/contact
3,public,Eldon Homes,,,info@eldonhomes.com,eldonhomes.com,Madison,WI,luxury_builder,info@eldonhomes.com listed on official company page: http://www.eldonhomes.com/home-building/,http://www.eldonhomes.com/home-building/
4,public,Eldridge Company LLC,,,info@eldridgecompany.com,eldridgecompany.com,Louisville,KY,gc,"info@eldridgecompany.com — Commercial remodeling contractor at 509 Barret Ave, Louisville KY (source: https://eldridgecompany.com/design-office/)",https://eldridgecompany.com/design-office/
5,public,Element Homes,,,info@constructelements.com,constructelements.com,La Jolla,CA,luxury_builder,"info@constructelements.com — Custom home builder in La Jolla; design-build team, dedicated project manager, live project tracking app (source: https://constructelements.com/location/la-jolla-custom-home-builder)",https://constructelements.com/location/la-jolla-custom-home-builder
6,public,Elemental Architecture,,,info@elementalnyc.com,elementalnyc.com,New York,NY,architect,info@elementalnyc.com listed on official company page: https://www.elementalnyc.com/tom-abraham-named-inaugural-enr-york-top-20-40/,https://www.elementalnyc.com/tom-abraham-named-inaugural-enr-york-top-20-40/
1,public,Elysian Homes,,,info@elysiansrq.com,elysiansrq.com,Sarasota,FL,luxury_builder,info@elysiansrq.com — General contact email published on company homepage (source: http://elysiansrq.com/),http://elysiansrq.com/
2,public,Envision Builders Inc,,,info@envision-builds.com,envision-builds.com,Renton,WA,gc,"info@envision-builds.com — Seattle-area design-build GC; multifamily, commercial, HOA repair (source: https://www.envision-builds.com/about)",https://www.envision-builds.com/about
4,public,Evolution General Contracting,,,info@evolutionli.com,evolutionli.com,Northport,NY,gc,info@evolutionli.com listed on official company page: https://www.evolutionli.com/,https://www.evolutionli.com/
6,public,FDC & Associates Corporation,,,Info@fdccorporation.com,fdccorporation.com,San Bernardino,CA,architect,Architectural/engineering firm in San Bernardino; Email: Info@fdccorporation.com published on company contact page,https://fdccorporation.com/about-us/contact/
1,public,FFA Architecture and Interiors,,,info@ffadesign.com,ffadesign.com,Portland,OR,architect,"Full-service design firm since 1956 (520 SW Yamhill, Portland); general inbox info@ffadesign.com published on company contact page",https://ffadesign.com/contact/
2,public,FRANKE,,,info@frankefranke.com,frankefranke.com,Austin,TX,architect,info@frankefranke.com — Austin design-build and architecture firm; general email on own contact page (source: https://frankefranke.com/contact/),https://frankefranke.com/contact/
4,public,Fifield Companies,,,info@fifieldco.com,fifieldco.com,Chicago,IL,developer,Lists info@fifieldco.com on contact page,https://www.fifieldco.com/contact/
6,public,First Community Housing,,,info@firsthousing.org,firsthousing.org,San Jose,CA,developer,info@firsthousing.org listed on official company page: https://www.firsthousing.org/career,https://www.firsthousing.org/career
2,public,Flansburgh Architects,,,info@flansburgh.com,flansburgh.com,Boston,MA,architect,Lists info@flansburgh.com on contact page,https://www.flansburgh.com/contact/
3,public,Florida Lifestyle Homes,,,info@flhfl.com,flhfl.com,Fort Myers,FL,luxury_builder,"info@flhfl.com — Preferred builder in SWFL premier luxury communities (Quail West, Naples Reserve, Treviso Bay, West Bay, Babcock Ranch) (source: https://flhfl.com/available-commercial-lots/)",https://flhfl.com/available-commercial-lots/
4,public,Flynn Battaglia Architects,,,info@flynnbattaglia.com,flynnbattaglia.com,Buffalo,NY,architect,info@flynnbattaglia.com listed on official company page: http://www.flynnbattaglia.com/,http://www.flynnbattaglia.com/
5,public,"Forum Architects, LLC",,,info@forumarchitectsllc.com,forumarchitectsllc.com,Mishawaka,IN,architect,info@forumarchitectsllc.com — General mailbox published on company contact page (source: https://forumarchitectsllc.com/contact/),https://forumarchitectsllc.com/contact/
6,public,Fox Chase Contracting,,,info@foxchasecontracting.com,foxchasecontracting.com,Flemington,NJ,gc,info@foxchasecontracting.com listed on official company page: https://foxchasecontracting.com/,https://foxchasecontracting.com/
1,public,Framework E,,,info@framework-e.com,framework-e.com,Detroit,MI,architect,info@framework-e.com — Detroit architecture firm focused on community-driven projects (source: https://www.framework-e.com/contact-us),https://www.framework-e.com/contact-us
2,public,Frank Schipper Construction Company,,,info@schipperconstruction.com,schipperconstruction.com,Santa Barbara,CA,gc,info@schipperconstruction.com — Own bid pages publish info@; active bid projects include SB MTD Transit Center renovation and 89-unit Gardens on Hope senior housing (source: https://www.schipperconstruction.com/subcontractor-center-bids/2018/11/15/sb-mtd-transit-center-renovation),https://www.schipperconstruction.com/subcontractor-center-bids/2018/11/15/sb-mtd-transit-center-renovation
4,public,Furman + Keil Architects,,,hello@fkarchitects.net,fkarchitects.net,Austin,TX,architect,hello@fkarchitects.net — Austin architecture firm; general email published on own contact page (source: http://www.FKarchitects.net/contact),http://www.FKarchitects.net/contact
5,public,GF55 Architects,,,info@gf55.com,gf55.com,New York,NY,architect,Lists info@gf55.com for New York office on contact page,https://GF55.com/Contact.html
6,public,GNP Realty Partners,,,info@gnprealty.com,gnprealty.com,Chicago,IL,developer,info@gnprealty.com listed on official company page: https://www.gnprealty.com/contact/,https://www.gnprealty.com/contact/
1,public,GSB Inc.,,,gsb@gsb-inc.com,gsb-inc.com,Oklahoma City,OK,architect,gsb@gsb-inc.com listed on official company page: https://www.gsb-inc.com/contact,https://www.gsb-inc.com/contact
2,public,GSBS Architects,,,contact@gsbsarchitects.com,gsbsarchitects.com,Salt Lake City,UT,architect,"contact@gsbsarchitects.com — contact@ published on firm contact page; 375 W 200 S Ste 100, SLC; also Fort Worth office (source: https://gsbsarchitects.com/contact)",https://gsbsarchitects.com/contact
4,public,Garvey Homes,,,info@garveyhomes.com,garveyhomes.com,Dallas,TX,luxury_builder,"info@garveyhomes.com — Dallas custom homebuilder since 1984; fine architectural detail, DFW metroplex (source: https://www.garveyhomes.com/)",https://www.garveyhomes.com/
5,public,Gast Architects,,,info@gastarchitects.com,gastarchitects.com,San Francisco,CA,architect,info@gastarchitects.com listed on official company page: http://www.gastarchitects.com/,http://www.gastarchitects.com/
6,public,Gehrtz Construction Services,,,info@gcs-fm.com,gehrtzconstructionservices.com,Fargo,ND,gc,"info@gcs-fm.com — Fargo construction management/GC (multi-family, healthcare, education); info@ published on company site (source: https://www.gehrtzconstructionservices.com/projects/)",https://www.gehrtzconstructionservices.com/projects/
1,public,Gerard Construction,,,info@gerard-construction.com,gerard-construction.com,College Station,TX,luxury_builder,info@gerard-construction.com — Custom home builder Bryan/College Station; new construction gallery (source: http://gerard-construction.com/project-gallery/new-construction),http://gerard-construction.com/project-gallery/new-construction
2,public,Gilday Renovations,,,info@gilday.com,gilday.com,Silver Spring,MD,luxury_builder,Company site publishes info@gilday.com; design-build remodeling firm in Silver Spring,https://www.gilday.com/architectural-design
3,public,Gossen Signature Homes,,,info@gossenhomes.com,gossenhomes.com,Springfield,MO,luxury_builder,info@gossenhomes.com — Custom home builder serving Branson and greater Springfield MO; info@ published in company privacy policy (source: https://gossenhomes.com/privacy-policy/),https://gossenhomes.com/privacy-policy/
4,public,Graphite Design Group,,,info@graphitedesigngroup.com,graphitedesigngroup.com,Seattle,WA,architect,info@graphitedesigngroup.com — Seattle design firm (Amazon Frontier 540k SF); Contact page publishes info@ for inquiries (source: https://graphitedesigngroup.com/contact),https://graphitedesigngroup.com/contact
5,public,GreenTech Homes,,,sales@greentechbuild.com,greentech.homes,Chattanooga,TN,developer,sales@greentechbuild.com published on company about page,https://www.greentech.homes/about
1,public,GuernseyTingle,,,info@guernseytingle.com,guernseytingle.com,Williamsburg,VA,architect,Contact page publishes info@guernseytingle.com; architecture firm in Williamsburg VA,https://guernseytingle.com/contact/
3,public,H&H Builds,,,info@handhbuilds.com,handhbuilds.com,Sacramento,CA,luxury_builder,info@handhbuilds.com listed on official company page: https://handhbuilds.com/about-sacramento-home-builder-remodeler-contractor-h-and-h-builds,https://handhbuilds.com/about-sacramento-home-builder-remodeler-contractor-h-and-h-builds
4,public,H3 Hardy Collaboration Architecture,,,info@h3hc.com,h3hc.com,New York,NY,architect,Lists info@h3hc.com on contact page,https://www.h3hc.com/contact/
5,public,HBG Design,,,info@hbg.design,hbg.design,Memphis,TN,architect,Architecture and design firm with Memphis office at One Commerce Square; Connect page publishes info@hbg.design for project inquiries,https://hbg.design/connect/
6,public,HDG Architecture,,,info@studiohdg.com,hdg-architecture.com,Spokane,WA,architect,Spokane architecture firm; info@studiohdg.com on contact page,https://hdg-architecture.com/contact/
1,public,HHL Architects,,,info@hhlarchitects.com,hhlarchitects.com,Buffalo,NY,architect,info@hhlarchitects.com — info@ published on own contact page with Buffalo address (source: https://hhlarchitects.com/contact/),https://hhlarchitects.com/contact/
3,public,Hammer & Hand,,,info@hammerandhand.com,hammerandhand.com,Portland,OR,luxury_builder,info@hammerandhand.com — High-performance green builder (Portland/Seattle); privacy policy publishes info@ for customer help (source: https://hammerandhand.com/privacy-policy/),https://hammerandhand.com/privacy-policy/
6,public,Hearthside Homes,,,info@hearthside-kc.com,hearthsidekc.com,Kansas City,MO,luxury_builder,"info@hearthside-kc.com — KC-area home builder (Liberty, MO); info@ published for questions about home building process (source: https://hearthsidekc.com/prairie-field-subdivision-liberty-missouri/)",https://hearthsidekc.com/prairie-field-subdivision-liberty-missouri/
2,public,Heritage Builders of West Florida,,,info@heritagebuilderswfl.com,heritagebuilderswfl.com,Sarasota,FL,luxury_builder,info@heritagebuilderswfl.com — General contact email published on company website (source: http://www.heritagebuilderswfl.com/sarasota-custom-home-blog?offset=1646233140501),http://www.heritagebuilderswfl.com/sarasota-custom-home-blog?offset=1646233140501
3,public,Herlong Architects + Interiors,,,info@herlongarchitects.com,herlongarchitects.com,Charleston,SC,architect,info@herlongarchitects.com — Architecture + interiors firm serving Charleston/Sullivan's Island/Daniel Island/Kiawah; contact email published on company website (contact footer) (source: https://www.herlongarchitects.com/blog/benefits-of-an-architecture-firm-with-in-house-interior-design),https://www.herlongarchitects.com/blog/benefits-of-an-architecture-firm-with-in-house-interior-design
4,public,Hibbs Luxury Homes,,,info@hibbshomes.com,hibbshomesusa.com,St. Louis,MO,luxury_builder,"info@hibbshomes.com — St. Louis luxury custom home builder (Chesterfield, MO); info@ published on company locations page (source: https://www.hibbshomesusa.com/locations/st-louis-home-builders)",https://www.hibbshomesusa.com/locations/st-louis-home-builders
5,public,Highland Custom Homes,,,info@highlandhomesutah.com,highlandcustomhomes.com,Park City,UT,luxury_builder,info@highlandhomesutah.com — Luxury custom home builder in Park City; general info@ mailbox on own contact page (source: https://www.highlandcustomhomes.com/contact-us/),https://www.highlandcustomhomes.com/contact-us/
1,public,"Hobbs, Inc.",,,info@hobbsinc.com,hobbsinc.com,Bridgehampton,NY,luxury_builder,Hamptons office at 2273 Montauk Hwy; info@hobbsinc.com published on own site; oceanfront/village houses Southampton to Montauk,https://hobbsinc.com/the-hamptons/
4,public,Holst Architecture,,,mail@holstarc.com,holstarc.com,Portland,OR,architect,"mail@holstarc.com — Portland and Minneapolis architecture firm; affordable and market-rate housing, mixed-use; Broadway Corridor Parcel 4A mass-timber affordable housing (source: https://www.holstarc.com/contact/)",https://www.holstarc.com/contact/
5,public,Home By Tom,,,Info@homebytom.com,homebytom.com,Walnut Creek,CA,gc,Info@homebytom.com listed on official company page: https://homebytom.com/contact/,https://homebytom.com/contact/
6,public,Housing Authority of the City of Santa Barbara,,,info@hacsb.org,hacsb.org,Santa Barbara,CA,developer,info@hacsb.org — Own staff directory publishes info@; Jacaranda Court 63-unit affordable housing begins construction late Dec 2025/early Jan 2026 (source: https://hacsb.org/aboutus/staff-directory/),https://hacsb.org/aboutus/staff-directory/
1,public,Hudson Meridian Construction Group,,,info@hudsonmeridian.com,hudsonmeridian.com,New York,NY,gc,Lists info@hudsonmeridian.com in company prequalification form,https://www.hudsonmeridian.com/wp-content/uploads/2019/10/hm-77-subcontractor-prequal-form.pdf62b8ca85.pdf
2,public,"Huff Construction Company, Inc.",,,info@huffcon.com,huffcon.com,Modesto,CA,gc,info@huffcon.com listed on official company page: https://www.huffcon.com/affordable-housing-contractor/,https://www.huffcon.com/affordable-housing-contractor/
3,public,Huffines Communities,,,info@huffinescommunities.com,huffinescommunities.com,Dallas,TX,developer,"info@huffinescommunities.com — Active master-planned communities across DFW: Solterra (Mesquite, 1,400 acres), Inspiration (Wylie), Waterscape (Royse City); Phase 3B lots delivered and final Phase 4 construction underway at Waterscape. (source: https://huffinescommunities.com/contact/)",https://huffinescommunities.com/contact/
4,public,Hulbert Homes,Mark Hulbert,President/Visionary,info@hulberthomes.com,hulberthomes.com,Lakeland,FL,luxury_builder,"info@hulberthomes.com — Parade of Homes custom builder — $1.4M+ custom homes (Rio Vista II, Heritage Lakes); Lakeland HQ (source: https://hulberthomes.com/our-team)",https://hulberthomes.com/our-team
5,public,Hummel Architects,,,info@hummelarchitects.com,hummelarchitects.com,Bainbridge Island,WA,architect,Bainbridge Island WA architecture firm; own contact page publishes info@hummelarchitects.com,https://www.hummelarchitects.com/contact
6,public,Hurricane Builders,,,info@hurricanebuilders.com,hurricanebuilders.com,Columbia,SC,luxury_builder,info@hurricanebuilders.com — Published info@ inbox on company blog; West Columbia SC homebuilder (source: https://hurricanebuilders.com/blog/hurricane-builders-recognized-as-top-builder-by-the-building-industry-association-of-central-south-carolina),https://hurricanebuilders.com/blog/hurricane-builders-recognized-as-top-builder-by-the-building-industry-association-of-central-south-carolina
2,public,I-Beam Design,,,info@i-beamdesign.com,i-beamdesign.com,Brooklyn,NY,architect,info@i-beamdesign.com listed on official company page: https://www.i-beamdesign.com/contact-new-york-architecture-designer,https://www.i-beamdesign.com/contact-new-york-architecture-designer
3,public,IKM Architecture,,,media@ikminc.com,ikminc.com,Pittsburgh,PA,architect,Own contact page labels media@ikminc.com under 'General Inquiries'; Pittsburgh HQ 11 Stanwix St Ste 2200,https://ikminc.com/contact-us/
4,public,INTOTO Studio,,,info@intotostudio.com,intotostudio.com,Detroit,MI,architect,info@intotostudio.com — Architecture firm serving Detroit Ann Arbor and Madison; new projects contact (source: https://www.intotostudio.com/contact),https://www.intotostudio.com/contact
6,public,Integrus Architecture,,,info@integrusarch.com,integrusarch.com,Spokane,WA,architect,"info@integrusarch.com — Spokane-founded 1953 firm (92 staff) with Seattle + Portland offices; K-12, higher-ed, civic, justice and embassy work; merged with Portland YGH Architecture 2022 (source: https://integrusarch.com/architecture-careers/)",https://integrusarch.com/architecture-careers/
2,public,Intertech Architectural Interiors,,,erinh@intertecharchitecture.com,intertecharchitecture.com,Tucson,AZ,architect,erinh@intertecharchitecture.com listed on official company page: https://intertecharchitecture.com/projects/restaurant-hospitality/,https://intertecharchitecture.com/projects/restaurant-hospitality/
3,public,Irwin & Leighton,,,info@irwinleighton.com,irwinleighton.com,King of Prussia,PA,gc,info@irwinleighton.com listed on official company page: https://irwinleighton.com/contact-us/,https://irwinleighton.com/contact-us/
4,public,J.I. Garcia Construction,,,info@jigarcia.com,jigarcia.com,Fresno,CA,gc,info@jigarcia.com listed on official company page: https://www.jigarcia.com/company-data,https://www.jigarcia.com/company-data
5,public,J.S. Brown & Co.,,,info@jsbrowncompany.com,jsbrowncompany.com,Columbus,OH,gc,info@jsbrowncompany.com — Remodeling contractor serving Central Ohio (source: https://jsbrowncompany.com/contact-us/),https://jsbrowncompany.com/contact-us/
6,public,J.S. Robinson Fine Homes,,,info@jsrobinson.com,jsrobinson.com,Shawnee,KS,luxury_builder,info@jsrobinson.com — KC-metro luxury custom home builder (30+ years); info@ published on company contact page (source: https://jsrobinson.com/contact/),https://jsrobinson.com/contact/
1,public,JAKS Construction,,,info@jaks.construction,jaks.construction,Wichita,KS,gc,"info@jaks.construction — Wichita general contractor (commercial + residential, in-house millwork shop); info@ published on company contact page (source: https://jaks.construction/)",https://jaks.construction/
2,public,JD Caldwell Architect,,,info@jdcaldwellarchitect.com,jdcaldwellarchitect.com,Memphis,TN,architect,info@jdcaldwellarchitect.com listed on official company page: https://www.jdcaldwellarchitect.com/contact,https://www.jdcaldwellarchitect.com/contact
3,public,JDB Builders Inc,,,info@jdb-builders.com,jdb-builders.com,Riverside,CA,gc,"info@jdb-builders.com — General contractor with Riverside, Los Angeles, San Diego offices (source: https://jdb-builders.com/contactus/)",https://jdb-builders.com/contactus/
5,public,JSA Design,,,info@jsainc.com,jsainc.com,Portsmouth,NH,architect,Lists info@jsainc.com on project page,https://jsainc.com/work/mixed-use/
2,public,"James & Associates Residential Designers, LLC",,,boroplans@gmail.com,boroplans.com,Murfreesboro,TN,architect,boroplans@gmail.com published on company homepage,http://www.boroplans.com/
4,public,Jeff Shelton Architect,,,info@jeffsheltonarchitect.com,jeffsheltonarchitect.com,Santa Barbara,CA,architect,"info@jeffsheltonarchitect.com — Whimsical SB architect; 60+ residential/commercial/mixed-use projects incl. Ablitt Tower, El Andaluz (source: https://www.jeffsheltonarchitect.com/contact)",https://www.jeffsheltonarchitect.com/contact
5,public,Jensen Architects,,,info@jensen-architects.com,jensen-architects.com,San Francisco,CA,architect,info@jensen-architects.com listed on official company page: https://jensen-architects.com/contact/,https://jensen-architects.com/contact/
6,public,Johnston Architects,,,studio@johnstonarchitects.com,johnstonarchitects.com,Seattle,WA,architect,"Seattle architecture firm (residential, multifamily, commercial); general email studio@johnstonarchitects.com listed on company contact page",https://www.johnstonarchitects.com/connect
1,public,KM Builders,,,friends@kmbuilders.com,kmbuilders.com,San Antonio,TX,luxury_builder,friends@kmbuilders.com — San Antonio remodeling company; general email published on own contact page (source: https://kmbuilders.com/contactus-2),https://kmbuilders.com/contactus-2
2,public,KOAL,,,contact@koalpllc.com,koalpllc.com,Gilford,NH,architect,Lists contact@koalpllc.com in project PDF,https://koalpllc.com/wp-content/uploads/2026/02/Yacht-Club-Vista-Victorian-Renovations.pdf
3,public,KOO,,,office@kooarchitecture.com,kooarchitecture.com,Chicago,IL,architect,office@kooarchitecture.com listed on official company page: http://kooarchitecture.com/people/,http://kooarchitecture.com/people/
4,public,Kass Construction,,,BuildWith@KassConstruction.com,kassconstruction.com,Fort Lauderdale,FL,luxury_builder,BuildWith@KassConstruction.com — BuildWith@ published on contact page; waterfront custom homes on Intracoastal and barrier islands (source: https://kassconstruction.com/about/),https://kassconstruction.com/about/
5,public,Keel Custom Homes,,,info@kchva.com,kchva.com,Richmond,VA,luxury_builder,Own-site contact page publishes info@kchva.com; custom home builder serving Richmond & Central VA,https://kchva.com/
1,public,Keith Wing Custom Builders,,,sales@keithwing.com,keithwing.com,New Braunfels,TX,luxury_builder,sales@keithwing.com — Dirt-up custom builder since 2014; waterfront & build-on-your-lot; New Braunfels/Hill Country (source: https://www.keithwing.com/paradise-parkway-1),https://www.keithwing.com/paradise-parkway-1
2,public,KinCo Construction,,,info@kincoconstruction.com,kincoconstruction.com,Bakersfield,CA,gc,info@kincoconstruction.com — General contractor; 35 yrs commercial/residential experience; Lic. info on own site; info@ published on own contact page (source: https://kincoconstruction.com/request-quote/),https://kincoconstruction.com/request-quote/
3,public,KlausSmithDesign Studio,,,Info@KlausSmithDesignSTUDIO.com,klaussmithdesignstudio.com,Tampa,FL,architect,Info@KlausSmithDesignSTUDIO.com — Woman-owned Tampa architecture and planning studio; general email published on its own site; qualifying agent Susan R. KlausSmith RA AIA (source: https://www.klaussmithdesignstudio.com/),https://www.klaussmithdesignstudio.com/
5,public,Krusinski Construction Company,,,info@krusinski.com,krusinski.com,Oak Brook,IL,gc,info@krusinski.com listed on official company page: https://www.krusinski.com/contact/,https://www.krusinski.com/contact/
1,public,L2 Studios,,,Info@L2studios.com,l2studios.com,Orlando,FL,architect,Info@L2studios.com — Orlando architecture and interior design firm; general-inquiries email published on its own Contact page (source: http://www.l2studios.com/contact),http://www.l2studios.com/contact
2,public,LA DALLMAN,,,info@ladallman.com,ladallman.com,Milwaukee,WI,architect,info@ladallman.com listed on official company page: https://www.ladallman.com/contact,https://www.ladallman.com/contact
3,public,LDA Partners,,,info@ldapartners.com,ldapartners.com,Stockton,CA,architect,info@ldapartners.com — 20-person Central Valley architecture firm; Stockton HQ + Sacramento office; email published on company about page (source: https://www.ldapartners.com/about/),https://www.ldapartners.com/about/
5,public,LHP Architects,,,info@lhparch.com,lhparch.com,Manhattan,NY,architect,info@lhparch.com published on lhparch.com contact page,https://www.lhparch.com/contact
6,public,LaTerra Development,,,Contact@LaTerraDev.com,laterradev.com,Irving,TX,developer,"Contact@LaTerraDev.com — Irving (Las Colinas): 19.5-acre former Fry's Electronics site at 2488 Market Place Blvd; 161,250-SF self-storage conversion + 34,000 SF RV/boat storage; sold H-E-B its first Dallas County store site next door (source: https://laterradev.com/laterra-self-storage-project-also-brings-first-h-e-b-store-in-dallas-county/)",https://laterradev.com/laterra-self-storage-project-also-brings-first-h-e-b-store-in-dallas-county/
1,public,Landmark Architectural Design,,,info@landmarkaia.com,landmarkaia.com,Philadelphia,PA,architect,info@landmarkaia.com published on firm's own contact page,https://landmarkaia.com/contact
3,public,Landry/French Construction,,,info@landryfrenchconstruction.com,landryfrenchconstruction.com,Scarborough,ME,gc,info@landryfrenchconstruction.com — General info@ inbox visibly published on company contact page (source: https://landryfrenchconstruction.com/contact/),https://landryfrenchconstruction.com/contact/
4,public,Langford Homes,Chad Langford,Owner,info@langfordhomes.net,langfordhomes.net,Lakeland,FL,luxury_builder,"info@langfordhomes.net — Family-owned luxury custom home builder; owners Chuck and Chad Langford, Certified General Contractors (source: https://www.langfordhomes.net)",https://www.langfordhomes.net
5,public,Lark Interiors,,,hello@larkinteriorstx.com,larkinteriorstx.com,Coppell,TX,gc,hello@larkinteriorstx.com published in firm's Info & Hours block; Coppell design-build firm,https://www.larkinteriorstx.com/design-build-firm-dallas
6,public,Lauren Homes,Fred Price,Founder,Info@Lauren-Homes.com,lauren-homes.com,Cape Coral,FL,luxury_builder,Info@Lauren-Homes.com — Cape Coral on-your-lot custom builder founded 2013; storm-resistant custom homes across SWFL (source: https://lauren-homes.com/contact-us/),https://lauren-homes.com/contact-us/
2,public,"Lee Builders, Inc.",,,info@leebuilders.com,leebuilders.com,Huntsville,AL,gc,"info@leebuilders.com — Commercial GC since 1984; $20-50M annual volume; Huntsville City Schools, Joe Davis Stadium renovation (source: https://www.leebuilders.com/contact.php)",https://www.leebuilders.com/contact.php
3,public,Lehrer Architects,,,architect@lehrerarchitects.com,lehrerarchitects.com,Los Angeles,CA,architect,architect@lehrerarchitects.com listed on official company page: https://www.lehrerarchitects.com/contact,https://www.lehrerarchitects.com/contact
4,public,Lettire Construction,,,info@lettire.com,lettire.com,New York,NY,gc,Lists info@lettire.com on contact page,https://lettire.com/contact/
5,public,Levite Construction Co,,,info@leviteconstruction.com,seattleconstructionco.com,Seattle,WA,gc,info@leviteconstruction.com — Design-build GC; residential and commercial Puget Sound work (source: https://seattleconstructionco.com/kitchen-bathroom-remodeling-and-general-contractor-services/),https://seattleconstructionco.com/kitchen-bathroom-remodeling-and-general-contractor-services/
6,public,Lifestyle Development Group,,,info@lifestyledevgroup.com,lifestyledevgroup.com,Estero,FL,luxury_builder,"info@lifestyledevgroup.com — Design-led luxury home builder & developer in Southwest Florida; in-house design, land planning, owner representation (source: https://lifestyledevgroup.com/)",https://lifestyledevgroup.com/
1,public,Limitless Homes,,,info@llhomestx.com,llhomestx.com,Houston,TX,luxury_builder,info@llhomestx.com — Houston remodeler and custom home builder; general email on own contact page (source: https://www.llhomestx.com/contact),https://www.llhomestx.com/contact
2,public,Liollio Architecture,,,mez@liollio.com,liollio.com,Charleston,SC,architect,"70-year-old Charleston firm: sustainable architecture, interior design, and historic preservation for public projects; mez@liollio.com is the contact email published in the site footer across the company website",https://www.liollio.com/news/2016/4/25/new-central-hall-at-charleston-international-airport
3,public,Loudermilk Homes,,,info@loudermilkhomes.com,loudermilkhomes.com,Atlanta,GA,luxury_builder,info@loudermilkhomes.com — Published info@ inbox on company contact page; 2025 Luxury Lifestyle Award winner (source: https://www.loudermilkhomes.com/contact-us),https://www.loudermilkhomes.com/contact-us
4,public,"M&M Custom Construction, LLC",,,office@mmcustomconst.com,mmcustomconst.com,Wichita,KS,luxury_builder,office@mmcustomconst.com — Wichita custom home builder; office@ listed as preferred email on company about page (source: https://www.mmcustomconst.com/about),https://www.mmcustomconst.com/about
5,public,MB&D (Michaelis Build & Development),,,info@buildwithmbd.com,buildwithmbd.com,Salt Lake City,UT,luxury_builder,Salt Lake & Park City custom home builder; own site publishes info@buildwithmbd.com; 2026 projects incl. Italian Mod Estate,https://buildwithmbd.com/
1,public,MG2,,,info@mg2.com,mg2.com,Seattle,WA,architect,Seattle-headquartered global architecture and design firm (8 offices); Info@MG2.com published on company Contact/Terms pages,https://mg2.com/terms-of-use/
2,public,MHK Architecture,,,florida@mhkarchitecture.com,mhkarchitecture.com,Naples,FL,architect,florida@mhkarchitecture.com — Florida office email published on company contact page (source: https://mhkarchitecture.com/contact/),https://mhkarchitecture.com/contact/
5,public,Manning Squires Hennig,,,info@mshco.com,mshco.com,Buffalo,NY,gc,"info@mshco.com — Full-service general contractor with Buffalo satellite office; serves education, manufacturing and medical sectors (source: http://www.mshco.com/contact)",http://www.mshco.com/contact
6,public,Marrcon Development Corp,,,info@marrcon.com,marrcon.com,Mattituck,NY,luxury_builder,"info@marrcon.com — Luxury residential builder, North Fork/Hamptons/North Shore LI; ground-up custom & spec homes (source: http://marrcon.com/)",http://marrcon.com/
1,public,Marwood Construction,,,info@marwoodconstruction.com,marwoodconstruction.com,Houston,TX,luxury_builder,info@marwoodconstruction.com — Luxury home design/build; CEO Patrick Martin; contact email published on own site (source: https://www.marwoodconstruction.com/luxury-home-design-architecture-houston-2/),https://www.marwoodconstruction.com/luxury-home-design-architecture-houston-2/
2,public,MatPel Builders,,,info@matpelbuilders.com,matpelbuilders.com,San Francisco,CA,luxury_builder,info@matpelbuilders.com listed on official company page: https://matpelbuilders.com/contact/,https://matpelbuilders.com/contact/
3,public,Matt Fajkus Architecture,,,info@mfarchitecture.com,mfarchitecture.com,Austin,TX,architect,info@mfarchitecture.com — Published general email on company contact page; sustainable residential and commercial architects (source: http://mfarchitecture.com/contact),http://mfarchitecture.com/contact
4,public,Mavrek Development,,,info@mavrekdevelopment.com,mavrekdevelopment.com,Chicago,IL,developer,"info@mavrekdevelopment.com — Broke ground Sept 9, 2026 on Julep West Loop: 25-story, 380-unit mixed-use development with 21,500 SF commercial (GC: Skender) (source: https://mavrekdevelopment.com/team)",https://mavrekdevelopment.com/team
5,public,Maxim Homes,,,info@maximhomes.com,maximhomes.com,Nashville,TN,luxury_builder,"General contact email info@maximhomes.com visibly published in the footer of the company's own website (1019 Whites Creek Pike, Nashville, TN 37207).",https://www.maximhomes.com/
6,public,McCownGordon Construction,,,info@mccowngordon.com,mccowngordon.com,Kansas City,MO,gc,info@mccowngordon.com — National top-tier construction manager/builder with KC office; info@ published on company privacy policy page (source: https://mccowngordon.com/privacy-policy/),https://mccowngordon.com/privacy-policy/
1,public,McCree General Contractors & Architects,,,info@mccree.com,mccree.com,Orlando,FL,gc,info@mccree.com — General inquiries email published on company contact page (source: https://www.mccree.com/contact/),https://www.mccree.com/contact/
2,public,McDowell Mountain Builders,,,info@mcdowellmountainbuilders.com,mcdowellmountainbuilders.com,Scottsdale,AZ,luxury_builder,info@mcdowellmountainbuilders.com — Luxury custom home builder & remodeler in Scottsdale/North Scottsdale; new construction and full-home recreation (source: https://mcdowellmountainbuilders.com/),https://mcdowellmountainbuilders.com/
3,public,McGarvey Custom Homes,John S. McGarvey,Founder,sales@mcgarveydevelopment.com,mcgarveycustomhomes.com,Naples,FL,luxury_builder,sales@mcgarveydevelopment.com — Founded 1985; Preferred Builder in SWFL prestige communities; 17+ yrs leadership VP tenure (source: https://www.mcgarveycustomhomes.com/contact-us/),https://www.mcgarveycustomhomes.com/contact-us/
4,public,Meridian Homes,,,info@meridianhomesinc.com,meridianhomesinc.com,Bethesda,MD,luxury_builder,Company brochure publishes info@meridianhomesinc.com; luxury renovations + custom homes in DC area,https://www.meridianhomesinc.com/wp-content/uploads/2019/12/7804-Cayuga-Avenue-Bethesda-Maryland-Brochure-Updated-Available-Now-3.pdf
5,public,Merit Homes,,,Hello@MeritHomesInc.Com,merithomesinc.com,Kirkland,WA,luxury_builder,Hello@MeritHomesInc.Com — Eastside luxury home builder (Kirkland/Redmond/Bellevue); contact email visibly published on company page (source: https://www.merithomesinc.com/blog/hopelink-baking-kits-for-the-holiday-season-merit-homes-inc-eastside-builder),https://www.merithomesinc.com/blog/hopelink-baking-kits-for-the-holiday-season-merit-homes-inc-eastside-builder
6,public,Miller Hull Partnership,,,Seattle@millerhull.com,millerhull.com,Seattle,WA,architect,"Seattle@millerhull.com — Seattle and San Diego architecture, planning, urban and interior design firm; 350+ design awards including AIA National Firm Award; Bullitt Center, Pike Place MarketFront (source: https://millerhull.com/about/)",https://millerhull.com/about/
1,public,Minarc,,,info@minarc.com,minarc.com,Santa Monica,CA,architect,info@minarc.com listed on official company page: https://www.minarcgroup.com/about,https://www.minarcgroup.com/about
5,public,Montchanin Builders,,,info@montchaninbuilders.net,montchaninbuilders.net,Wilmington,DE,luxury_builder,Company site publishes info@montchaninbuilders.net; luxury custom home builder in Wilmington DE,https://montchaninbuilders.net/delaware-real-estate/dreams-built-montchanin-delaware-custom-home-builders/
6,public,Moros Construction,,,info@morosconstruction.com,morosconstruction.com,Miami,FL,luxury_builder,"info@morosconstruction.com published on website FAQ; serves Miami Beach, Palm Beach; FL CBC1265082",https://morosconstruction.com/
1,public,Mosaic Architects & Interiors,,,info@mosaicarchitects.com,mosaicarchitects.com,San Francisco,CA,architect,info@mosaicarchitects.com listed on official company page: https://www.mosaicarchitects.com/privacypolicyfull,https://www.mosaicarchitects.com/privacypolicyfull
2,public,Myers + Co. Landscape Architecture,,,info@myersla.com,myersla.com,Louisville,KY,architect,"info@myersla.com — Louisville landscape architecture studio; design+build practice, $1,500 min design fee / $30K min construction budget (source: https://myersla.com/contact/)",https://myersla.com/contact/
3,public,NAC Architecture,,,spokane@nacarchitecture.com,nacarchitecture.com,Spokane,WA,architect,"spokane@nacarchitecture.com — Spokane and Seattle architecture and planning firm, founded 1960, 170 staff; sustainable environments for learning, wellness and healing (source: https://www.nacarchitecture.com/contact)",https://www.nacarchitecture.com/contact
4,public,Napolitano Homes,,,info@napolitanohomes.com,napolitanohomes.com,Virginia Beach,VA,luxury_builder,info@napolitanohomes.com listed on official company page: https://www.napolitanohomes.com/2-10-home-buyers-warranty-selects-napolitano-homes-as-2022-premier-builder-award-winner/,https://www.napolitanohomes.com/2-10-home-buyers-warranty-selects-napolitano-homes-as-2022-premier-builder-award-winner/
5,public,New Key Construction,,,info@newkeyconstruction.com,newkeyconstruction.com,Walnut Creek,CA,gc,info@newkeyconstruction.com listed on official company page: https://newkeyconstruction.com/contact/,https://newkeyconstruction.com/contact/
6,public,Nine12 Architects,,,info@nine12architects.com,nine12architects.com,Nashville,TN,architect,info@nine12architects.com — Published info@ inbox on company contact page (source: https://www.nine12architects.com/contact),https://www.nine12architects.com/contact
1,public,"Norcon, Inc.",,,info@norconinc.com,norconinc.com,Chicago,IL,gc,info@norconinc.com listed on official company page: https://www.norconinc.com/contact,https://www.norconinc.com/contact
2,public,Northside Builders,,,info@northsidebuilders.com,northsidebuilders.com,Atlanta,GA,luxury_builder,info@northsidebuilders.com — Published info@ inbox on company site (source: https://www.northsidebuilders.com),https://www.northsidebuilders.com
3,public,O&G Industries,,,ContactUs@ogind.com,ogind.com,Torrington,CT,gc,Lists ContactUs@ogind.com on contact page,https://ogind.com/contact/
5,public,OKW Architects,,,hello@okwarchitects.com,okwarchitects.com,Chicago,IL,architect,hello@okwarchitects.com listed on official company page: https://www.okwarchitects.com/contact,https://www.okwarchitects.com/contact
6,public,OLO Builders,,,info.gainesville.fl@OLOBuilders.com,olobuilders.com,Gainesville,FL,luxury_builder,info.gainesville.fl@OLOBuilders.com — Luxury custom home builder; Gainesville office led by UF construction graduates Bert and Rob (source: https://olobuilders.com/builders/gainesville-fl/),https://olobuilders.com/builders/gainesville-fl/
1,public,Oak Angel Builders,,,contact@oakangel.com,oakangelbuilders.com,Charleston,SC,luxury_builder,"contact@oakangel.com — Bespoke custom home builder and remodeler serving Charleston, Folly Beach, James Island, Kiawah Island, Johns Island; general inbox published on company contact page (source: https://oakangelbuilders.com/contact/)",https://oakangelbuilders.com/contact/
2,public,Oak Point Associates,,,info@oakpoint.com,oakpoint.com,Biddeford,ME,architect,Lists info@oakpoint.com on contact page,http://oakpoint.com/contact
4,public,Ocean Homes of Iowa,,,Info@ohoia.com,ohoia.com,Des Moines,IA,luxury_builder,"Info@ohoia.com — Des Moines area builder of sustainable, energy-efficient homes; Info@ published on company homepage (source: https://www.ohoia.com/)",https://www.ohoia.com/
6,public,OneStop ADU,,,info@onestopadu.com,onestopadu.com,San Diego,CA,gc,San Diego ADU builder; exact email info@onestopadu.com visibly published on own site privacy page,https://onestopadu.com/privacy-policy/
2,public,Opsis Architecture,,,carol.long@opsisarch.com,opsisarch.com,Portland,OR,architect,carol.long@opsisarch.com is their business development inquiries address published on their contact page,https://www.opsisarch.com/contact/
3,public,Oyler Wu Collaborative,,,info@oylerwu.com,oylerwu.com,Los Angeles,CA,architect,info@oylerwu.com listed on official company page: https://www.oylerwu.com/contact,https://www.oylerwu.com/contact
4,public,PBC Design + Build,,,info@pbcdesignbuild.com,pbcdesignbuild.com,Wilmington,NC,luxury_builder,"info@pbcdesignbuild.com published on company site; award-winning custom home design+build firm in Wilmington NC, founder Dave Spetrino",https://pbcdesignbuild.com/tag/houzz/
5,public,PCD Remodeling & Design,,,info@pcdremodeling.com,pcdremodeling.com,San Diego,CA,gc,info@pcdremodeling.com listed on official company page: https://pcdremodeling.com,https://pcdremodeling.com
6,public,PDS Architecture,,,Info@PDSarchitecture.com,pdsarchitecture.com,Fort Myers,FL,architect,"Info@PDSarchitecture.com — Award-winning Fort Myers architecture firm (industrial, multifamily, healthcare, hospitality); general email published on its own Contact page (source: http://pdsarchitecture.com/contact-us/)",http://pdsarchitecture.com/contact-us/
1,public,PKA Architecture,,,info@pkarch.com,pkarch.com,Minneapolis,MN,architect,info@pkarch.com — Minneapolis residential architecture studio (source: https://pkarch.com/contact),https://pkarch.com/contact
2,public,PQH Group Design,,,info@pqh.com,pqh.com,Jacksonville,FL,architect,info@pqh.com — General contact email published on company contact page (source: https://pqh.com/contact/),https://pqh.com/contact/
3,public,PWWG Architects,,,info@pwwgarch.com,pwwgarch.com,Pittsburgh,PA,architect,info@pwwgarch.com — info@ address published in firm press-release footer (own site) (source: http://pwwgarchitects.com/wp-content/uploads/2025/08/August-8-2025-PWWG-Press-Release.pdf),http://pwwgarchitects.com/wp-content/uploads/2025/08/August-8-2025-PWWG-Press-Release.pdf
4,public,Pacific Southern Development,,,info@pacificsoutherndevelopment.com,pacificsoutherndevelopment.com,Los Angeles,CA,luxury_builder,"info@pacificsoutherndevelopment.com — Custom home builder serving Beverly Hills, Bel Air, Brentwood, Pacific Palisades (source: https://pacificsoutherndevelopment.com/residential-los-angeles/)",https://pacificsoutherndevelopment.com/residential-los-angeles/
6,public,Panoramic Interests,,,info@panoramic.com,panoramic.com,San Francisco,CA,developer,info@panoramic.com listed on official company page: https://www.panoramic.com/contact/,https://www.panoramic.com/contact/
2,public,Paramount Construction,,,info@paramountconstruction.net,paramountconstruction.net,Rockville,MD,luxury_builder,Contact page publishes info@paramountconstruction.net; luxury custom homes in Bethesda/McLean/Falls Church,https://paramountconstruction.net/contact/
3,public,Payne Bouchier Fine Builders,,,emailus@paynebouchier.com,paynebouchier.com,Boston,MA,luxury_builder,emailus@paynebouchier.com — Company contact page publishes general inquiries email (source: https://www.paynebouchier.com/contact-us/),https://www.paynebouchier.com/contact-us/
4,public,People's Self-Help Housing,,,info@pshhc.org,pshhc.org,San Luis Obispo,CA,developer,"info@pshhc.org — Central Coast affordable-housing developer; HQ in San Luis Obispo, active across SLO, Santa Barbara, Ventura, and Monterey counties (source: https://www.pshhc.org/wp-content/uploads/2024/02/Strategic-Plan-2024_Web.pdf)",https://www.pshhc.org/wp-content/uploads/2024/02/Strategic-Plan-2024_Web.pdf
5,public,Phil Kouffman Builder,Philipp D. Kouffman,CEO and President,info@philkouffmanbuilder.com,philkouffmanbuilder.com,East Hampton,NY,luxury_builder,General email info@philkouffmanbuilder.com published on company site; second-generation Hamptons builder-developer with 60+ years,https://philkouffmanbuilder.com/press/2024/3/12/home-builder-digest-the-best-custom-home-builders-in-new-york-state
6,public,Pickard Chilton,,,info@pickardchilton.com,pickardchilton.com,New Haven,CT,architect,info@pickardchilton.com listed on official company page: http://www.pickardchilton.com/,http://www.pickardchilton.com/
1,public,Pinnacle Construction,,,info@sfpinnacle.com,sfpinnacle.com,San Francisco,CA,gc,"GC with published general email: info@sfpinnacle.com on its own contact page (2741A Geary Blvd, SF)",https://www.sfpinnacle.com/contact-us
2,public,Pinnacle Mountain Homes,,,info@pinnaclemtnhomes.com,pinnaclemtnhomes.com,Frisco,CO,luxury_builder,info@pinnaclemtnhomes.com — Vail Valley custom home builder; 80+ custom homes in Breckenridge/Frisco/Vail; 2012 NAHB America's Best Builder (source: https://pinnaclemtnhomes.com/privacy),https://pinnaclemtnhomes.com/privacy
3,public,Pivot North Architecture,,,connect@pivotnorthdesign.com,pivotnorthdesign.com,Boise,ID,architect,Boise architecture and interiors firm; general inbox connect@pivotnorthdesign.com published on own site,https://pivotnorthdesign.com/home/contact/
5,public,Plaza Construction,,,info@plazaconstruction.com,plazaconstruction.com,New York,NY,gc,Lists info@plazaconstruction.com under General Inquiries on contact page,https://www.plazaconstruction.com/contact/
6,public,Plunkett Raysich Architects,,,generalwebinquiry@prarch.com,prarch.com,Milwaukee,WI,architect,generalwebinquiry@prarch.com listed on official company page: https://www.prarch.com/privacy-policy/,https://www.prarch.com/privacy-policy/
1,public,Prado Group,,,info@pradogroup.com,pradogroup.com,San Francisco,CA,developer,info@pradogroup.com published on pradogroup.com project page,https://pradogroup.com/project/
2,public,Pratt Home Builders,,,info@prattliving.com,prattliving.com,Chattanooga,TN,luxury_builder,info@prattliving.com published on company news page,https://prattliving.com/category/pratt-homes-news/page/3/
3,public,Precision Custom Home Builders,,,sales@precisioncustomhomebuilders.com,precisioncustomhomebuilders.com,Canton,GA,luxury_builder,North Georgia luxury custom builder (The Whitestone estate); owner Dan Ellsworth; own site publishes sales@precisioncustomhomebuilders.com,https://precisioncustomhomebuilders.com/why-build-with-precision/
4,public,Precision General Contracting,,,info@precisiongeneralcontracting.com,precisiongeneralcontracting.com,San Diego,CA,gc,info@precisiongeneralcontracting.com listed on official company page: https://precisiongeneralcontracting.com/location/general-contractor-in-carlsbad/,https://precisiongeneralcontracting.com/location/general-contractor-in-carlsbad/
5,public,Premier Pro Builders,,,info@prprobuilders.com,prprobuilders.com,Carlsbad,CA,gc,info@prprobuilders.com — Custom home builder & general contractor; Carlsbad office; published contact email on company site (source: https://prprobuilders.com),https://prprobuilders.com
6,public,Presidio Bay Ventures,,,inquiries@presidiobay.com,presidiobay.com,San Francisco,CA,developer,inquiries@presidiobay.com published in PBV's own press release on presidiobay.com,https://presidiobay.com/wp-content/uploads/2022/10/01-PBV-BREAKS-GROUND-ON-349-8TH-STREET-IN-SAN-FRANCISCO-1.14.19.pdf
1,public,Prestige Design & Build,,,info@prestigedesignbuildnj.com,prestigedesignbuildnj.com,Montclair,NJ,luxury_builder,info@prestigedesignbuildnj.com listed on official company page: https://prestigedesignbuildnj.com/designbuild-new-jersey/,https://prestigedesignbuildnj.com/designbuild-new-jersey/
2,public,"Prin A. Allen & Sons, Inc.",,,info@prinallenbuilders.com,prinallenbuilders.com,Brooklin,ME,luxury_builder,info@prinallenbuilders.com — General email published on company website contact page (source: https://www.prinallenbuilders.com/Contact/),https://www.prinallenbuilders.com/Contact/
4,public,PurBilt,,,info@purbilt.com,purbilt.com,Arnold,MD,luxury_builder,Baltimore-area custom modular home builder; own site publishes info@purbilt.com,https://purbilt.com/locations/baltimore/
5,public,Quackenbush Architects + Planners,,,info@quackenbusharchitects.com,quackenbusharchitects.com,Columbia,SC,architect,"info@quackenbusharchitects.com — Architecture + planning firm in Columbia specializing in institutional, civic, educational, commercial projects; general email published on company contact page (source: https://www.quackenbusharchitects.com/contact)",https://www.quackenbusharchitects.com/contact
6,public,Quartersawn Design Build,,,info@quartersawndesignbuild.com,quartersawndesignbuild.com,Minneapolis,MN,gc,info@quartersawndesignbuild.com — Minneapolis design-build remodeling firm (source: https://quartersawndesignbuild.com/contact-quartersawn/),https://quartersawndesignbuild.com/contact-quartersawn/
1,public,Quiring,,,marketing@quiring.com,quiring.com,Fresno,CA,gc,marketing@quiring.com listed on official company page: http://www.quiring.com/contact/,http://www.quiring.com/contact/
2,public,R&S General Construction Services,,,info@rsgeneralconstructions.com,rsgeneralconstruction.com,Orlando,FL,gc,info@rsgeneralconstructions.com — Licensed GC CGC1512297; residential and commercial new construction and renovations in Central Florida (source: https://rsgeneralconstruction.com/),https://rsgeneralconstruction.com/
3,public,REDCOM LLC,,,info@redcomllc.com,redcomllc.com,Westfield,NJ,gc,"info@redcomllc.com — NJ design-build GC/CM; commercial construction mgmt, Procore reporting, Westfield NJ (source: https://www.redcomllc.com/construction-management-services/)",https://www.redcomllc.com/construction-management-services/
6,public,Raleigh Architecture Co.,,,info@raleigh-architecture.com,raleigh-architecture.com,Raleigh,NC,architect,info@raleigh-architecture.com published on company homepage,https://raleigh-architecture.com/
1,public,Ramey Construction,,,info@rameyco.com,rameyco.com,Spokane,WA,gc,info@rameyco.com — Spokane GC with Sandpoint ID office; people-first commercial builder publishing general contact inbox on company documents (source: https://www.rameyco.com/_files/ugd/1d594c_676d88b6f7e9455ab47cba68a2a1c0d3.pdf),https://www.rameyco.com/_files/ugd/1d594c_676d88b6f7e9455ab47cba68a2a1c0d3.pdf
5,public,Raymond Chan Architect,,,info@raymondchanarchitect.com,raymondchanarchitect.com,Flushing,NY,architect,info@raymondchanarchitect.com listed on official company page: https://raymondchanarchitect.com/portfolio-items/42-61-saul-st-queens/,https://raymondchanarchitect.com/portfolio-items/42-61-saul-st-queens/
1,public,Renaissance Homes,,,info@renaissance-homes.com,renaissance-homes.com,Lake Oswego,OR,luxury_builder,info@renaissance-homes.com — Portland's largest single-family ENERGY STAR builder; 54 Street of Dreams awards incl. 9 Best of Show; building since 1984 (source: https://renaissance-homes.com/contact/),https://renaissance-homes.com/contact/
2,public,Resin Architecture,,,info@resinarchitecture.com,resinarchitecture.com,Idaho Falls,ID,architect,info@resinarchitecture.com — Idaho Falls firm; active community and competition work (source: https://resin-architecture-1.squarespace.com/contact-us),https://resin-architecture-1.squarespace.com/contact-us
3,public,Resolution: 4 Architecture,,,info@re4a.com,re4a.com,Manhattan,NY,architect,info@re4a.com published on re4a.com contact page,https://www.re4a.com/contact
4,public,Rice Fergus Miller,,,contact@rfmarch.com,rfmarch.com,Bremerton,WA,architect,"Architecture firm (Bremerton HQ, Spokane office); general inbox contact@rfmarch.com published on company About page",https://rfmarch.com/about/
6,public,Right Choice Construction,,,info@rightchoicedev.com,rightchoiceconstruction.com,Houston,TX,gc,"info@rightchoicedev.com — Houston WBE commercial GC; office remodeling, retail build-outs, industrial; contact email published on own site (source: https://rightchoiceconstruction.com/2023/06/26/houston-commercial-construction-contractor/)",https://rightchoiceconstruction.com/2023/06/26/houston-commercial-construction-contractor/
2,public,Ritter Maher Architects,,,info@rittermaher.com,rittermaher.com,Baton Rouge,LA,architect,info@rittermaher.com — Baton Rouge HQ + Lafayette office; design firm with 3M+ sq ft portfolio (source: https://www.rittermaher.com/contact/),https://www.rittermaher.com/contact/
5,public,Rocco J Lettieri Custom Home Builder,,,info@roccolettieri.com,roccolettieri.com,Westhampton Beach,NY,luxury_builder,"info@roccolettieri.com — Luxury custom home builder, Westhampton Beach Hamptons; contact published on firm site (source: https://www.roccolettieri.com/contact-us)",https://www.roccolettieri.com/contact-us
6,public,"Rogers & Marney, Inc.",,,office@rogersandmarneybuilders.com,rogersandmarney.com,Osterville,MA,luxury_builder,office@rogersandmarneybuilders.com — Company website publishes general email (source: https://rogersandmarney.com),https://rogersandmarney.com
1,public,Rogue Architects,,,Info@RogueArchitects.com,roguearchitects.com,Fort Worth,TX,architect,"Info@RogueArchitects.com — Fort Worth commercial architecture firm; 15+ yrs restaurant/retail incl. Chipotle, McDonald's, PetSuites (source: https://www.roguearchitects.com/)",https://www.roguearchitects.com/
2,public,Rolluda Architects,,,info@RolludaArchitects.com,rolludaarchitects.com,Seattle,WA,architect,info@RolludaArchitects.com listed on official company page: https://www.rolludaarchitects.com/contact,https://www.rolludaarchitects.com/contact
3,public,Roman James Design Build,Roman James,Owner,info@rjdesignbuild.com,romanjames.design,Beverly Hills,CA,luxury_builder,New-projects email info@rjdesignbuild.com published on company contact page; Trousdale Estates 23500-sq-ft residence portfolio,https://romanjames.design/contact/
4,public,Rosewood Homes,,,info@builtbyrosewood.com,builtbyrosewood.com,Sioux Falls,SD,luxury_builder,info@builtbyrosewood.com — Sioux Falls custom home builder; info@ published as direct contact email (source: https://builtbyrosewood.com/contact-us-rosewood-homes/),https://builtbyrosewood.com/contact-us-rosewood-homes/
5,public,Ryan Street Architects,,,info@ryanstreet.com,ryanstreet.com,Austin,TX,architect,info@ryanstreet.com — Austin architecture firm; general email published on own contact page (source: https://ryanstreet.com/contact/),https://ryanstreet.com/contact/
6,public,S-Line Contractors,,,Services@slinecontractors.com,slinecontractors.com,Riverside,CA,gc,Services@slinecontractors.com — General email visibly published on own site (homepage); Riverside commercial GC - office 11671 Sterling Avenue Riverside (source: https://slinecontractors.com/),https://slinecontractors.com/
1,public,S. Wieder Architect,,,info@sw-architect.com,sw-architect.com,Brooklyn,NY,architect,info@sw-architect.com published on sw-architect.com; labeled General Inquiries,https://www.sw-architect.com/contact
2,public,S9 Architecture,,,office@s9architecture.com,s9architecture.com,New York,NY,architect,Lists office@s9architecture.com for general inquiries on contact page,https://s9architecture.com/contact
3,public,SB Builders,,,Info@sbbuildersandconstructioninc.com,sbbuildersandconstructioninc.com,Fairfax,VA,gc,Company site publishes Info@sbbuildersandconstructioninc.com; custom home design-build since 1998,https://sbbuildersandconstructioninc.com/new-home-construction-design-built/
4,public,SCOPE Architectural Consulting,,,info@ScopeAC.com,scopeac.com,Charlotte,NC,architect,General Info info@ScopeAC.com listed on own contact page of Charlotte architecture firm,https://scopeac.com/contact-scope
5,public,SDH Studio,,,info@sdhstudio.com,sdhstudio.com,Miami,FL,architect,North Miami Beach residential architecture studio; info@sdhstudio.com published on its own site,https://sdhstudio.com/careers-senior-project-manager-miami/
6,public,SERA Architects,,,reception@seradesign.com,seradesign.com,Portland,OR,architect,"reception@seradesign.com — Portland architecture, interiors, urban design and planning firm founded 1968; 130+ staff; sustainable design; Hyatt Centric, AC Hotel Portland (source: https://www.seradesign.com/contact/)",https://www.seradesign.com/contact/
1,public,SHED Architecture & Design,,,projects@shedbuilt.com,shedbuilt.com,Seattle,WA,architect,"projects@shedbuilt.com — Seattle architecture firm (residential, commercial, public); project-inquiry email published in CONTACT block on company site (source: https://www.shedbuilt.com/projects/portfolio-category/commercial/)",https://www.shedbuilt.com/projects/portfolio-category/commercial/
2,public,SIRQ Construction,,,contact@sirq.com,sirq.com,Lehi,UT,gc,contact@sirq.com — contact@ published on firm contact page; GC of 2025 award-winning Black Desert Resort; offices Lehi/St. George (source: https://sirq.com/contact-us/),https://sirq.com/contact-us/
3,public,SL Green Realty,,,General.Inquiries@slgreen.com,slgreen.com,New York,NY,developer,Lists General.Inquiries@slgreen.com on contact page,https://slgreen.com/contact/
4,public,SMP Architects,,,info@smp-architects.com,smp-architects.com,Philadelphia,PA,architect,Own contact page publishes info@smp-architects.com,https://smp-architects.com/contact/
5,public,SPARTAKOS Development Inc,,,spartakosremodeling@gmail.com,spartakosdevelopment.com,Queens,NY,gc,"spartakosremodeling@gmail.com — Licensed GC serving Queens/Brooklyn/Long Island; renovations, carpentry, building mgmt (source: http://spartakosdevelopment.com/bathrooms.html)",http://spartakosdevelopment.com/bathrooms.html
6,public,SPO Homes,Stephen W. Ondrejka,Owner,info@spohomes.com,spohomes.com,Cape Coral,FL,luxury_builder,info@spohomes.com — Three-generation Cape Coral custom homebuilder since 1982; 40+ years of SWFL custom homes and remodels (source: https://www.spohomes.com/),https://www.spohomes.com/
1,public,SUPERSTRUCTURES,,,info@superstructures.com,superstructures.com,Manhattan,NY,architect,info@superstructures.com published on superstructures.com contact page; labeled General Information,https://www.superstructures.com/contact/
4,public,Sagaponack Builders,,,info@sagaponackbuilders.com,sagaponackbuilders.com,Sagaponack,NY,luxury_builder,info@sagaponackbuilders.com — Hamptons luxury spec & custom builder (CEO Ron Friedman); own site shows info@ mailbox (source: https://sagaponackbuilders.com/),https://sagaponackbuilders.com/
5,public,Salazar Architect,,,info@salazarch.com,salazarch.com,Portland,OR,architect,info@salazarch.com listed on official company page: https://www.salazarch.com/contact-us,https://www.salazarch.com/contact-us
6,public,Sandy Spring Builders,,,info@sandyspringbuilders.com,sandyspringbuilders.com,Bethesda,MD,luxury_builder,Company contact page publishes info@sandyspringbuilders.com; premier Bethesda custom homebuilder founded 1982,https://www.sandyspringbuilders.com/contact
1,public,Sapp Design Architects,,,info@sdaarchitects.com,sdaarchitects.com,Springfield,MO,architect,info@sdaarchitects.com — Springfield-based architecture firm with Kansas City office; info@ published on company contact pages (source: https://sdaarchitects.com/kansas-city-missouri/),https://sdaarchitects.com/kansas-city-missouri/
2,public,Scarano Architect,,,info@scaranoarchitect.com,scaranoarchitect.com,Brooklyn,NY,architect,info@scaranoarchitect.com published on scaranoarchitect.com contact page,https://scaranoarchitect.com/contact/
3,public,Schemata Workshop,,,info@schemataworkshop.com,schemataworkshop.com,Seattle,WA,architect,info@schemataworkshop.com — Community-focused architecture and urban design practice; careers page invites contact at the published inbox (source: https://www.schemataworkshop.com/careers),https://www.schemataworkshop.com/careers
6,public,Seagate Development Group,,,info@seagatedevelopmentgroup.com,seagatedevelopmentgroup.com,Fort Myers,FL,luxury_builder,info@seagatedevelopmentgroup.com published on own-site privacy page (updated June 2026); luxury custom builder; active models at Talis Park & Esplanade Lake Club,https://seagatedevelopmentgroup.com/privacy-policy/
1,public,Segerson Builders,,,hello@segerson.com,segerson.com,Fairfield,CT,luxury_builder,hello@segerson.com — General email published on company website (source: https://segerson.com/testimonials/),https://segerson.com/testimonials/
2,public,Self-Help Enterprises,,,info@selfhelpenterprises.org,selfhelpenterprises.org,Visalia,CA,developer,"info@selfhelpenterprises.org — Rancho Colegio 80-unit affordable rental in Visalia opened March 6, 2026; La Esperanza 101-home Farmersville project broke ground April 2026 (source: https://www.selfhelpenterprises.org/wp-content/uploads/2025/02/app-English-fillable-1.pdf)",https://www.selfhelpenterprises.org/wp-content/uploads/2025/02/app-English-fillable-1.pdf
4,public,Siena Custom Builders,,,build@sienacustombuilders.com,sienacustombuilders.com,Naperville,IL,luxury_builder,build@sienacustombuilders.com listed on official company page: http://sienacustombuilders.com/,http://sienacustombuilders.com/
5,public,SkB Architects,,,hello@skbarchitects.com,skbarchitects.com,Seattle,WA,architect,hello@skbarchitects.com — General Inquiries inbox visibly published on company contact page (source: https://www.skbarchitects.com/contact),https://www.skbarchitects.com/contact
6,public,Skelly Build,,,letsbuild@skellybuild.com,skellybuild.com,Austin,TX,luxury_builder,letsbuild@skellybuild.com — Austin design-build firm; email on own contact page (source: https://skellybuild.com/contact-partners/),https://skellybuild.com/contact-partners/
1,public,Slade Architecture,,,info@sladearch.com,sladearch.com,Manhattan,NY,architect,info@sladearch.com published on sladearch.com; labeled General,https://www.sladearch.com/news/2015/11/2/awards-aia-new-jersey-state-design-award
2,public,SnapADU,,,info@snapadu.com,snapadu.com,San Diego,CA,gc,San Diego design-build ADU contractor (100+ completed ADUs); own contact page visibly publishes info@snapadu.com,https://snapadu.com/contact/
3,public,Somerville Architects and Engineers,,,info@somervilleinc.com,somervilleinc.com,Green Bay,WI,architect,info@somervilleinc.com listed on official company page: https://somervilleinc.com/privacy-policy-2/,https://somervilleinc.com/privacy-policy-2/
4,public,Spaces Designer Homes,,,info@spacesdesignerhomes.com,spacesdesignerhomes.com,Grand Rapids,MI,luxury_builder,info@spacesdesignerhomes.com — Custom home builder serving West Michigan and the Lakeshore (source: https://www.accessnewswire.com/newsroom/en/business-and-professional-services/spaces-designer-homes-advocates-for-a-more-transparent-homebuild-1133172),https://www.accessnewswire.com/newsroom/en/business-and-professional-services/spaces-designer-homes-advocates-for-a-more-transparent-homebuild-1133172
5,public,Sposen Signature Homes,Neil Eisner,President,hello@sposenhomes.com,sposenhomes.com,Cape Coral,FL,luxury_builder,hello@sposenhomes.com — Cape Coral homebuilder founded by 28-year industry veteran (source: https://www.capecoralbreeze.com/news/business/2015/12/11/real-estate-briefs/),https://www.capecoralbreeze.com/news/business/2015/12/11/real-estate-briefs/
6,public,Stanley Saitowitz | Natoma Architects,,,info@saitowitz.com,saitowitz.com,San Francisco,CA,architect,info@saitowitz.com listed on official company page: https://www.saitowitz.com/home,https://www.saitowitz.com/home
1,public,Star Renovations,,,info@srny.nyc,srny.nyc,Brooklyn,NY,gc,info@srny.nyc listed on official company page: https://srny.nyc/,https://srny.nyc/
2,public,Starrett Design Build,,,info@starrettdb.com,starrettdesignbuild.com,Hockessin,DE,gc,info@starrettdb.com — Company contact page lists general inquiries inbox (source: https://starrettdesignbuild.com/contact/),https://starrettdesignbuild.com/contact/
3,public,Starside Custom Builders,,,lynn@starsidebuilders.com,starsidebuilders.com,Frisco,TX,luxury_builder,DFW luxury custom builder $3M-$17M; approved builder The Preserve at Fields (Frisco); own site publishes lynn@starsidebuilders.com,https://starsidebuilders.com/
5,public,Steven Harris Architects,,,info@stevenharrisarchitects.com,stevenharrisarchitects.com,New York,NY,architect,info@stevenharrisarchitects.com — General email published on company website (source: https://www.stevenharrisarchitects.com/firm),https://www.stevenharrisarchitects.com/firm
2,public,Story Construction,,,info@storycon.com,storycon.com,Ames,IA,gc,Publishes info@storycon.com on own news page for commercial project inquiries,http://storycon.com/news/small-projects-group-completes-finishes-upgrades-for-mgmc-facilities-management-department/
3,public,"Stovall Construction, LLC",,,info@stovallconstruction.net,stovallconstruction.net,Wichita,KS,luxury_builder,info@stovallconstruction.net — Wichita custom home builder and remodeler serving the market since 1972; info@ published for inquiries (source: https://stovallconstruction.net/company_home_builder_construction.aspx),https://stovallconstruction.net/company_home_builder_construction.aspx
4,public,Straub Construction,,,info@straubconstruction.com,straubconstruction.com,Shawnee,KS,gc,"info@straubconstruction.com published on company contact page; GC since 1920, multifamily/commercial/institutional",https://www.straubconstruction.com/contact/
5,public,Strom Architecture,,,hello@stromarch.com,stromarch.com,West Fargo,ND,architect,hello@stromarch.com — Residential and custom-home architecture; hello@ published on company privacy page (source: https://stromarch.com/privacy-policy/),https://stromarch.com/privacy-policy/
1,public,StructureWorks,,,info@structureworkstn.com,structureworkstn.com,Knoxville,TN,gc,"info@structureworkstn.com — Published info@ inbox on company site; Knoxville GC, licensed & insured TN (source: https://structureworkstn.com/)",https://structureworkstn.com/
2,public,Structures Building Company,,,info@structures.net,structures.net,Mount Pleasant,SC,luxury_builder,info@structures.net — Charleston-area luxury custom home builder; Alair-affiliated with deep Lowcountry project portfolio (source: https://structures.net/contact/),https://structures.net/contact/
3,public,Studio MAYO Architects,,,info@studiomayo.com,studiomayo.com,Louisville,KY,architect,"info@studiomayo.com — Louisville full-service architecture, residential/commercial/sustainable (source: http://www.studiomayo.com/about-1)",http://www.studiomayo.com/about-1
4,public,Studio Southwest Architects,,,mail@studioswarch.com,studioswarch.com,Albuquerque,NM,architect,"mail@studioswarch.com — Albuquerque firm since 1984; ABQ BioPark Zoo Australia exhibit (3,500 sf + 12,000 sf) wrapping construction; added in-house civil engineering July 2024 (source: https://www.studioswarch.com/careers/)",https://www.studioswarch.com/careers/
5,public,Studio Talo Architecture,,,info@studiotalo.com,studiotalo.com,Evanston,IL,architect,info@studiotalo.com listed on official company page: https://StudioTalo.com/,https://StudioTalo.com/
6,public,Studio William Hefner,,,mbox@williamhefner.com,williamhefner.com,Los Angeles,CA,architect,mbox@williamhefner.com — https://williamhefner.com/contact/ (source: https://williamhefner.com),https://williamhefner.com
1,public,StudioJAED,,,info@studiojaed.com,studiojaed.com,Bear,DE,architect,info@studiojaed.com listed on official company page: https://studiojaed.com/contact-us,https://studiojaed.com/contact-us
2,public,StudioMET Architects,,,info@studiomet.com,studiomet.com,Houston,TX,architect,info@studiomet.com — Houston modern architecture firm; general email on own contact page (source: https://studiomet.com/contact/),https://studiomet.com/contact/
3,public,Suffix Architect,,,info@suffixarchitect.com,suffixarchitect.com,New York,NY,architect,info@suffixarchitect.com listed on official company page: https://www.suffixarchitect.com/about-us,https://www.suffixarchitect.com/about-us
5,public,Sunrise Construction of Oregon,,,contact@sunriseoregon.com,sunriseoregon.com,Redmond,OR,luxury_builder,Central Oregon luxury builder; contact@sunriseoregon.com on official site,https://sunriseoregon.com/
6,public,Swank Enterprises,,,info@swankenterprises.com,swankenterprises.com,Kalispell,MT,gc,"Employee-owned MT GC since 1960, offices in Kalispell/Valier/Missoula/Billings; 'contact us state-wide at info@swankenterprises.com'",https://www.swankenterprises.com/contact
1,public,Sweenor Builders,,,info@sweenorbuilders.com,sweenorbuilders.com,Wakefield,RI,luxury_builder,info@sweenorbuilders.com — General email published on company website (source: https://sweenorbuilders.com/schedule_consultation/),https://sweenorbuilders.com/schedule_consultation/
2,public,Sweet Sparkman,,,info@sweetsparkman.com,sweetsparkman.com,Sarasota,FL,architect,info@sweetsparkman.com published on firm's own website; Sarasota architecture + interiors firm,https://sweetsparkman.com/firm-news/shane-lamay-aia-ncarb-named-partner-at-sweet-sparkman-architecture-interiors/
3,public,TETER Architects + Engineers,,,marketing@teterae.com,teterae.com,Fresno,CA,architect,"marketing@teterae.com — Largest A&E firm in the San Joaquin Valley; offices in Fresno/Bakersfield/Visalia/Modesto; K-12, healthcare, energy, municipal sectors (source: https://teterae.com/contact-us/)",https://teterae.com/contact-us/
4,public,TNDC,,,info@tndc.org,tndc.org,San Francisco,CA,developer,info@tndc.org listed on official company page: https://www.tndc.org/contact,https://www.tndc.org/contact
5,public,TPH Architects,,,contact@tpharch.com,tpharchitects.com,Modesto,CA,architect,contact@tpharch.com — General email visibly published on own contact page; Modesto firm (Timothy P. Huff & Associates Inc.) (source: https://tpharchitects.com/contact/),https://tpharchitects.com/contact/
6,public,"TR,i Architects",,,info@triarchitects.com,triarchitects.com,St. Louis,MO,architect,info@triarchitects.com — St. Louis architecture firm; info@ published on company contact page (source: https://www.triarchitects.com/contact-us/information/),https://www.triarchitects.com/contact-us/information/
1,public,TSP Inc.,,,info@teamtsp.com,teamtsp.com,Sioux Falls,SD,architect,"info@teamtsp.com — Multi-office A/E firm (Sioux Falls, Rochester, Marshall, Watertown); info@ published on company privacy page (source: https://teamtsp.com/privacy/)",https://teamtsp.com/privacy/
2,public,Taiba General Contracting Inc,,,Taibageneralinc@gmail.com,taibageneralcontracting.com,Queens,NY,gc,Taibageneralinc@gmail.com — GC serving Queens/Brooklyn/Manhattan/Long Island; residential & commercial renovations (source: https://www.taibageneralcontracting.com),https://www.taibageneralcontracting.com
3,public,Ten Seventy Architecture,,,info@1070architecture.com,tenseventyarchitecture.com,San Diego,CA,architect,info@1070architecture.com published on website pages,https://www.tenseventyarchitecture.com/in/commercial-architects-san-diego-ca
4,public,Tevebaugh Architecture,,,info@tevebaugh.com,tevebaugh.com,Wilmington,DE,architect,info@tevebaugh.com listed on official company page: https://tevebaugh.com/tevebaugh-full-time-part-time-opportunities/,https://tevebaugh.com/tevebaugh-full-time-part-time-opportunities/
5,public,Texas Construction Company,,,info@txconstruct.com,txconstruct.com,Austin,TX,gc,info@txconstruct.com — Austin general contractor; general email on own privacy page (source: https://txconstruct.com/privacy-policy/),https://txconstruct.com/privacy-policy/
6,public,The ADU Pro,,,info@theadupro.com,theadupro.com,San Bernardino,CA,gc,info@theadupro.com — Design-build ADU contractor; Chino CA office; CSLB #1128679; serves San Bernardino/Riverside/Ontario; published contact email on company site (source: https://theadupro.com/get-a-quote),https://theadupro.com/get-a-quote
1,public,The Alexander Company,,,info@alexandercompany.com,alexandercompany.com,Madison,WI,developer,info@alexandercompany.com listed on official company page: https://alexandercompany.com/contact/,https://alexandercompany.com/contact/
3,public,The RSP Companies,,,info@rspcompanies.com,rspcompanies.com,Manhattan,NY,developer,info@rspcompanies.com published on rspcompanies.com contact page,http://www.rspcompanies.com/contact.html
4,public,The San Diego Construction Company,,,info@thesdcc.com,thesdcc.com,San Diego,CA,gc,info@thesdcc.com listed on official company page: https://thesdcc.com/,https://thesdcc.com/
6,public,Thomas Homes,,,info@thomashomes.com,thomashomes.com,Fort Lauderdale,FL,luxury_builder,Weston/Fort Lauderdale luxury custom builder; $2M-$20M projects; Robby Thomas President; info@thomashomes.com on own site terms page,https://thomashomes.com/terms-and-conditions/
1,public,Thompson Custom Homes,,,help@thompsoncustomhomes.com,thompsoncustomhomes.com,Houston,TX,luxury_builder,help@thompsoncustomhomes.com — Houston custom home builder; general email published on own contact page (source: https://thompsoncustomhomes.com/contact),https://thompsoncustomhomes.com/contact
2,public,Thurman Construction,,,info@builtbythurman.com,builtbythurman.com,Sioux Falls,SD,luxury_builder,info@builtbythurman.com — Sioux Falls custom new-home builder and lot developer; info@ in company footer (source: https://builtbythurman.com/homes-%26-lots-for-sale),https://builtbythurman.com/homes-%26-lots-for-sale
3,public,Timmons Group,,,info@timmons.com,timmons.com,Richmond,VA,architect,info@timmons.com — General email on company's own letterhead; Richmond civil engineering firm (source: https://meetings.cvilledata.org/meetings/albemarle/1273220-board-of-supervisors-regular-second-meeting-2026-01-21/attachments/15075192-Letter to Lienholder.pdf),https://meetings.cvilledata.org/meetings/albemarle/1273220-board-of-supervisors-regular-second-meeting-2026-01-21/attachments/15075192-Letter to Lienholder.pdf
4,public,Traction Architecture,,,info@tractionarchitecture.com,tractionarchitecture.com,Tampa,FL,architect,"info@tractionarchitecture.com — Tampa Bay architecture practice, design through construction administration; info@ published on its own hiring page (source: https://www.tractionarchitecture.com/hiring)",https://www.tractionarchitecture.com/hiring
5,public,Trademark Homes,,,info@trademark-homes.com,trademark-homes.com,Sioux Falls,SD,luxury_builder,info@trademark-homes.com — Sioux Falls luxury custom home builder (20+ years); info@ published on company contact page (source: https://trademark-homes.com/meet-us/),https://trademark-homes.com/meet-us/
1,public,Trice Construction Company,,,info@triceconstruction.com,triceconstruction.com,Chicago,IL,gc,info@triceconstruction.com listed on official company page: https://www.triceconstruction.com,https://www.triceconstruction.com
2,public,Trinity Custom Homes,,,info@trinitysrq.com,sarasotacustomhomebuilder.com,Sarasota,FL,luxury_builder,info@trinitysrq.com — General contact email published on company contact page (source: https://sarasotacustomhomebuilder.com/contact-us/),https://sarasotacustomhomebuilder.com/contact-us/
3,public,Trivers,,,contact@trivers.com,trivers.com,St. Louis,MO,architect,contact@trivers.com — 50-year-old St. Louis architecture firm; contact@ published on company contact page (source: https://trivers.com/contact/),https://trivers.com/contact/
4,public,True North Custom Homes,,,info@TrueNorthLincoln.com,truenorthlincoln.com,Lincoln,NE,luxury_builder,info@TrueNorthLincoln.com — Lincoln custom home builder; info@ published as primary build-your-home contact (source: http://www.truenorthlincoln.com/),http://www.truenorthlincoln.com/
5,public,True North Homes,,,info@tnhok.com,tnhok.com,Tulsa,OK,luxury_builder,info@tnhok.com listed on official company page: https://tnhok.com/contact-us/,https://tnhok.com/contact-us/
6,public,TruexCullins,,,info@truexcullins.com,truexcullins.com,Burlington,VT,architect,Lists info@truexcullins.com on contact page,https://truexcullins.com/contact/
1,public,Tundra Homes,David Gydosh,President,homes@tundrahomes.com,tundrahomes.com,Cape Coral,FL,luxury_builder,homes@tundrahomes.com — Cape Coral family custom home builder since 1988; certified green building agents; luxury floor plans up to $2M (source: https://www.tundrahomes.com/),https://www.tundrahomes.com/
2,public,Tymoff+Moss Architects,,,info@tmarchitects.com,tmarchitects.com,Norfolk,VA,architect,Contact page publishes info@tmarchitects.com,https://www.tmarchitects.com/contact/
3,public,USModular,,,info@usmodularinc.com,usmodularinc.com,San Bernardino,CA,gc,"info@usmodularinc.com — Prefabricated ADU builder with 100+ ADUs completed, in permitting, or under construction in Southern California including San Bernardino; $40,000 CalHFA ADU grant program; exact general email visibly published on own-site page (source: https://www.usmodularinc.com/40000-grant-available-for-an-adu-in-san-bernardino-built-by-usmodular/)",https://www.usmodularinc.com/40000-grant-available-for-an-adu-in-san-bernardino-built-by-usmodular/
4,public,Ulysses Development Group,,,info@ulyssesdevelopment.com,ulyssesdevelopment.com,Denver,CO,developer,Denver developer; info@ulyssesdevelopment.com on careers page,https://ulyssesdevelopment.com/careers/
5,public,Unger Construction,,,info@ungerconstruction.com,ungerconstruction.com,Sacramento,CA,gc,"Full-service GC est. 1927; info@ungerconstruction.com published in site footer (910 X Street, Sacramento)",https://www.ungerconstruction.com/
6,public,Union,,,info@unionstudioarch.com,unionstudioarch.com,Providence,RI,architect,Lists info@unionstudioarch.com on contact page,https://unionstudioarch.com/contact/
1,public,Urban Infill Corporation,"Robert ""Chris"" Vail",Founder,info@urbaninfillco.com,urbaninfillco.com,Pensacola,FL,luxury_builder,"info@urbaninfillco.com — Pensacola custom builder specializing in ICF construction, piling homes, and termite restoration (source: https://urbaninfillco.com/about-us-page)",https://urbaninfillco.com/about-us-page
3,public,VanderHorn Architects,,,info@vanderhornarchitects.com,vanderhornarchitects.com,Greenwich,CT,architect,info@vanderhornarchitects.com listed on official company page: https://vanderhornarchitects.com/the-firm/contact,https://vanderhornarchitects.com/the-firm/contact
5,public,Visbeen Architects,,,info@visbeen.com,visbeen.com,Grand Rapids,MI,architect,info@visbeen.com — Grand Rapids residential architecture and design firm (source: http://www.visbeen.com/contact),http://www.visbeen.com/contact
6,public,W.E. Lyons,,,info@welyons.com,welyons.com,Walnut Creek,CA,gc,info@welyons.com listed on official company page: https://welyons.com/,https://welyons.com/
1,public,WGM Design,,,wgm@wgmdesign.com,wgmdesign.com,Charlotte,NC,architect,"wgm@wgmdesign.com published in site footer; Charlotte architecture, planning and interior design firm (est. 1988), 11 active Procore projects",https://wgmdesign.com/default-3/
2,public,WRNS Studio,,,info@wrnsstudio.com,wrnsstudio.com,San Francisco,CA,architect,info@wrnsstudio.com listed on official company page: https://wrnsstudio.com/privacy-legal/,https://wrnsstudio.com/privacy-legal/
4,public,WXY architecture + urban design,,,office@wxystudio.com,wxystudio.com,New York,NY,architect,office@wxystudio.com — Manhattan architecture + urban design firm (Claire Weisz Architects LLP); contact published in site footer (source: https://www.wxystudio.com/projects/the_peninsula_mixed-use_campus/),https://www.wxystudio.com/projects/the_peninsula_mixed-use_campus/
5,public,Waechter Architecture,,,info@waechterarchitecture.com,waechterarchitecture.com,Portland,OR,architect,"info@waechterarchitecture.com — Award-winning Portland firm; active civic, hospitality, residential work (source: https://waechterarchitecture.com/Ben-Waechter)",https://waechterarchitecture.com/Ben-Waechter
6,public,Walker Macy,,,info@walkermacy.com,walkermacy.com,Portland,OR,architect,"info@walkermacy.com — Woman-owned Portland and Seattle landscape architecture, urban design and planning firm; parks, waterfronts, civic and cultural landscapes (source: https://www.walkermacy.com/firm/contact/)",https://www.walkermacy.com/firm/contact/
1,public,Walker Workshop,,,info@walkerworkshop.com,walkerworkshop.com,Los Angeles,CA,architect,info@walkerworkshop.com — https://www.walkerworkshop.com/info-contact (source: https://www.walkerworkshop.com/),https://www.walkerworkshop.com/
2,public,Warrenstreet Architects,,,info@warrenstreet.coop,warrenstreet.coop,Concord,NH,architect,Lists info@warrenstreet.coop on contact page,http://warrenstreet.coop/contact/
3,public,Weber Thompson,,,info@weberthompson.com,weberthompson.com,Seattle,WA,architect,info@weberthompson.com published on contact page,https://www.weberthompson.com/contact/
4,public,"Wehr Constructors, Inc.",,,info@wehrconstructors.com,wehrconstructors.com,Louisville,KY,gc,"Own locations page lists Email Inquiries: info@wehrconstructors.com; 2026 company showcase video documents completed $150M, 193,000-SF UofL Health West Tower",https://www.youtube.com/watch?v=1oob-P_caNA
5,public,Wentworth,,,info@wentworthstudio.com,wentworthstudio.com,Chevy Chase,MD,architect,Privacy page on company site publishes info@wentworthstudio.com; luxury design-build architecture,https://www.wentworthstudio.com/wentworth-privacy-policy/
6,public,West Village GC,,,info@westvillagegc.com,westvillagegc.com,New York,NY,gc,info@westvillagegc.com listed on official company page: https://www.westvillagegc.com/contact/,https://www.westvillagegc.com/contact/
1,public,WestEast Design Group,,,info@westeastdesign.com,westeastdesign.com,San Antonio,TX,architect,info@westeastdesign.com — Own site features Texas A&M–San Antonio campus projects; contact page publishes general email (source: http://westeastdesign.com/contact),http://westeastdesign.com/contact
2,public,Wiedmann-Zelig Group,,,info@wiedmannzelig.com,wiedmannzelig.com,Philadelphia,PA,architect,info@wiedmannzelig.com listed on official company page: http://wiedmannzelig.com/ventana.html,http://wiedmannzelig.com/ventana.html
3,public,Wildman Chalmers Design,,,info@wildmanchalmers.com,wildmanchalmers.com,Pittsburgh,PA,architect,info@wildmanchalmers.com — info@ published on contact page (source: https://www.wildmanchalmers.com/contact),https://www.wildmanchalmers.com/contact
4,public,Winn Design + Build,,,info@winndesign.com,winndesign.com,McLean,VA,luxury_builder,info@winndesign.com — General email on company contact page; design-build remodeler serving McLean area (source: https://winndesign.com/contact/),https://winndesign.com/contact/
5,public,Winn Wittman Architecture,,,info@winnwittman.com,winnwittman.com,Austin,TX,architect,info@winnwittman.com — Austin architecture firm; general email on own contact page (source: https://winnwittman.com/contact),https://winnwittman.com/contact
1,public,Wold Architects & Engineers,,,mail@woldae.com,woldae.com,Minneapolis,MN,architect,mail@woldae.com published on Minneapolis office page,https://www.woldae.com/locations/minnesota-architecture-firms
2,public,Woodhouse Tinucci Architects,,,office@woodtinarch.com,woodtinarch.com,Chicago,IL,architect,office@woodtinarch.com listed on official company page: https://www.woodtinarch.com/contact,https://www.woodtinarch.com/contact
3,public,XTEN Architecture,,,info@xtenarchitecture.com,xtenarchitecture.com,Los Angeles,CA,architect,info@xtenarchitecture.com listed on official company page: https://www.xtenarchitecture.com/contact-1,https://www.xtenarchitecture.com/contact-1
4,public,Yancey Company,,,info@yanceycompany.com,yanceycompany.com,Sacramento,CA,gc,info@yanceycompany.com listed on official company page: https://www.yanceycompany.com/why-choose-yancey/,https://www.yanceycompany.com/why-choose-yancey/
5,public,ZGF Architects,,,info@zgf.com,zgf.com,Portland,OR,architect,"info@zgf.com — Portland-founded architecture, interiors and urban planning firm; 750 staff across North America; Portland International Airport Main Terminal; AIA Architecture Firm Award (source: http://www.zgf.com/contact)",http://www.zgf.com/contact
6,public,Zerr Berg Architects,,,info@zbarch.com,zerrbergarchitects.com,Fargo,ND,architect,Full-service Fargo architecture firm; info@zbarch.com published in Contact footer on company site,https://zerrbergarchitects.com/north-dakota-state-laboratory-breaks-ground/
1,public,Ziga Architecture Studio,,,info@studioziga.com,studioziga.com,Austin,TX,architect,info@studioziga.com — San Antonio and Austin architecture/interiors firm; general email on own contact page (source: https://www.studioziga.com/contact-us),https://www.studioziga.com/contact-us
2,public,architect WORKSHOP,,,info@architectworkshop.net,architectworkshop.net,Nashville,TN,architect,info@architectworkshop.net listed on official company page: https://www.architectworkshop.net/,https://www.architectworkshop.net/
3,public,bDot Architecture,,,info@bdota.com,bdota.com,Birmingham,AL,architect,info@bdota.com — Birmingham award-winning architecture + interiors studio (source: https://www.bdota.com/),https://www.bdota.com/
4,public,dSPACE Studio,,,info@dspacestudio.com,dspacestudio.com,Chicago,IL,architect,info@dspacestudio.com listed on official company page: https://www.dspacestudio.com/privacypolicy,https://www.dspacestudio.com/privacypolicy
5,public,gbArchitecture,,,contact@gbarchitecture.com,gbarchitecture.com,Burlington,VT,architect,Lists contact@gbarchitecture.com on contact page,https://www.gbarchitecture.com/contact
6,public,kcs ARCHITECTS,,,info@kcs-architects.com,kcs-architects.com,Keene,NH,architect,Lists info@kcs-architects.com on services page,https://www.kcs-architects.com/services
1,public,nARCHITECTS,,,n@narchitects.com,narchitects.com,Brooklyn,NY,architect,Directs new project and general inquiries to n@narchitects.com on contact page,https://narchitects.com/contact/
2,public,site design group,,,hello@site-design.com,site-design.com,Chicago,IL,architect,hello@site-design.com listed on official company page: https://www.site-design.com/contact/,https://www.site-design.com/contact/
3,public,structure.,,,info@structurecustomhomes.com,structurecustomhomes.com,North Bethesda,MD,luxury_builder,Company site publishes info@structurecustomhomes.com; luxury custom home builder in North Bethesda,https://www.structurecustomhomes.com
4,public,studio M MERGE,,,info@studiommerge.com,studiommerge.com,Oakland,CA,architect,info@studiommerge.com listed on official company page: https://studiommerge.com/about-studio-m-merge/andrea-sessa-landscape-architect-studio-m-merge-founder/,https://studiommerge.com/about-studio-m-merge/andrea-sessa-landscape-architect-studio-m-merge-founder/
